filename,category,mfcc_mean_1,mfcc_mean_2,mfcc_mean_3,mfcc_mean_4,mfcc_mean_5,mfcc_mean_6,mfcc_mean_7,mfcc_mean_8,mfcc_mean_9,mfcc_mean_10,mfcc_mean_11,mfcc_mean_12,mfcc_mean_13,mfcc_std_1,mfcc_std_2,mfcc_std_3,mfcc_std_4,mfcc_std_5,mfcc_std_6,mfcc_std_7,mfcc_std_8,mfcc_std_9,mfcc_std_10,mfcc_std_11,mfcc_std_12,mfcc_std_13,rms,zero_crossing_rate,spectral_centroid,spectral_bandwidth
1-101296-A-19.wav,thunderstorm,-466.6221,144.2614,22.961348,52.213543,2.9706805,11.319603,-2.8959332,0.07640646,-8.92912,10.0191145,-6.9630494,-5.8482037,-11.108883,17.996475,19.142887,13.02348,6.9951153,7.750019,7.5840864,6.499315,5.029333,4.7839046,4.213262,4.8492713,4.231527,4.358825,0.008840839,0.02757372933584687,2075.73886511531,3455.603119744301
1-101296-B-19.wav,thunderstorm,-441.77423,153.39592,32.532093,38.86477,0.3863561,-1.5140976,2.6817217,-3.4703305,-3.5469127,5.8736734,-2.6644423,-7.838368,-6.315548,31.181805,30.932426,16.148382,7.994532,10.438189,8.348928,7.1767044,5.9617686,6.1646724,6.280564,5.5278177,4.491924,4.826838,0.013171813,0.028876567937935034,1850.6465242552126,3093.5558441882226
1-115521-A-19.wav,thunderstorm,-400.28085,155.72517,73.404076,15.19819,5.4999294,16.989422,18.179058,7.343544,-0.92969304,-1.1682855,0.9599462,1.1176574,0.38136467,49.062233,45.54166,10.344306,19.325846,9.420274,9.281073,7.3315926,6.7681684,6.458949,5.2364306,5.1685066,4.7869883,5.10193,0.042250205,0.01072292814675174,446.95131809465136,1005.6729283920938
1-137-A-32.wav,keyboard_typing,-478.7004,124.82803,-42.443184,32.716072,-2.2180023,17.38524,-3.5122275,17.1823,2.333893,2.229761,8.810528,10.438777,4.1012783,139.25923,21.978104,45.106125,12.879525,18.501892,10.657884,15.525997,11.192268,11.053754,9.47942,9.883528,7.2862225,6.9370174,0.008349171,0.03619059055974478,2681.19642853709,3110.125821539724
1-137296-A-16.wav,wind,-274.82867,163.20258,3.629049,69.5879,39.129967,17.431725,13.27264,21.432102,8.468137,1.6577879,-0.8976067,4.002332,3.545826,17.657972,11.518512,7.701879,8.630745,4.826724,4.974176,3.9349813,4.2804265,3.7214026,3.6787286,3.7481256,3.7110517,3.616795,0.15296893,0.008892156685034803,878.5313539383267,2042.6741959123337
1-17124-A-43.wav,car_horn,-520.5361,26.552866,-11.863173,-1.5731324,0.49440247,-0.45727783,2.0508766,-1.5624485,1.0728229,1.8910005,-0.927945,0.4187072,-0.35899058,124.030785,67.18382,31.216013,4.440629,2.0632331,3.194089,5.89686,4.2347894,3.1651149,5.293503,2.9240057,2.7361708,1.9358776,0.012822116,0.010142881743039444,266.6394907537093,216.97675347969835
1-17367-A-10.wav,rain,-191.39711,201.01382,-164.47845,58.526257,-3.3402314,-14.553822,49.497772,-30.358635,18.355633,17.137861,-16.606194,22.125116,-11.853877,7.2907205,7.823062,9.100246,5.8630943,6.412885,5.398109,5.006036,5.572921,4.4954395,4.669464,4.3306937,4.2439537,4.121715,0.08683543,0.13603447650812064,3235.660930033544,2035.8728474494699
1-18527-A-44.wav,engine,-275.17456,194.74197,-45.745556,24.921467,1.536549,5.354905,13.064361,4.9248586,14.220738,2.5818589,8.825333,1.2895542,4.260644,17.120558,10.920824,7.442345,6.1157784,5.171179,4.5561604,4.1342177,3.926777,4.521659,4.1253724,4.3485417,4.1774197,4.1077538,0.068269745,0.018857172636310905,1419.0078640014422,1996.6266705542316
1-18527-B-44.wav,engine,-288.62918,205.38062,-16.347109,14.211238,9.155263,2.189705,19.149248,10.830121,9.223933,4.8016953,10.259925,10.0599985,3.057075,14.223108,6.8187675,6.3935905,4.933101,4.620812,4.218571,4.740329,4.5052156,4.542145,3.7898707,4.531919,4.1633472,4.424226,0.11589124,0.007317421331206496,866.6704319654667,1615.6755834233818
1-19026-A-43.wav,car_horn,-499.51968,37.264645,0.2973038,6.0970592,-3.0826793,1.4551088,-2.1367304,0.42163858,0.6080434,-0.12743744,-4.636757,0.39985725,-1.8954992,156.04929,49.555595,30.069046,10.595078,16.856138,5.865927,10.357009,6.3999033,7.549054,5.6140265,14.154223,4.0368056,7.4226437,0.03569951,0.015699771606728537,894.0550546927562,1324.8019950971204
1-21189-A-10.wav,rain,-151.68857,179.4858,-152.86565,82.87866,-61.208073,19.57473,-3.36038,-14.108012,27.40987,-29.734365,13.949817,-13.105353,0.8451749,11.679666,9.532846,8.127059,6.391649,6.6051493,8.93588,9.404459,9.538646,7.2870803,5.312751,5.2920575,6.988392,8.621248,0.08891766,0.15487805430684454,3726.426758700114,2550.5750672530658
1-22882-A-44.wav,engine,-198.40488,193.04651,-69.80437,28.400581,-0.5151076,11.960885,9.456609,12.505526,7.4548335,10.121231,5.132621,2.050863,3.2150426,18.850985,6.3254037,6.8520894,5.4069967,5.414027,4.1708126,4.932332,4.0328617,4.707079,5.0367036,4.8145304,4.1982703,3.869783,0.09038073,0.0339734991299304,1824.4725185654656,2142.6810007051995
1-23222-A-19.wav,thunderstorm,-273.23895,192.58188,-0.4165311,5.590916,10.768342,8.291498,9.920012,0.28767928,4.988678,5.5546126,0.3049787,4.287,1.8080597,92.986465,34.146175,36.05226,19.361164,14.831364,10.087706,7.5183725,6.360564,5.1554537,6.0404143,4.6255527,4.529578,4.4547505,0.084290974,0.023404645809164733,1147.802178211054,1731.478982578936
1-23222-B-19.wav,thunderstorm,-269.3198,179.17677,19.24849,26.656189,5.851363,8.537225,18.587543,-1.4045992,7.6604295,4.7453985,-0.33712327,7.660975,2.4889638,58.651123,34.202408,24.760883,11.827802,8.086834,6.585229,5.375968,4.4999843,4.58391,4.438788,4.2012563,4.2639213,3.986363,0.12813346,0.014993972955336428,1065.734282155647,1969.5819770722621
1-24074-A-43.wav,car_horn,-220.3037,194.28986,-54.787876,7.846441,4.416911,13.127135,-2.9717758,9.360365,24.364916,-2.1780782,-3.6049516,4.16013,7.1376934,34.239067,15.914814,16.042395,12.996513,15.169554,6.3753233,12.233505,8.772098,5.250276,5.881017,5.87406,6.4898977,6.9309225,0.098815866,0.06367935216067286,1711.9951760472884,1729.442644751659
1-24076-A-43.wav,car_horn,-160.34784,170.40503,-59.265,36.56243,-26.10211,27.280535,-3.483367,6.8117585,12.279644,2.4775476,14.262408,1.999923,3.5700226,57.21038,18.303057,16.107254,10.823396,15.427383,12.407819,10.743866,6.007486,7.4921927,5.278912,4.9865184,6.460046,5.6480575,0.1384056,0.058520111296403714,2209.9441561431177,2475.6266516709684
1-24524-A-19.wav,thunderstorm,-474.40283,182.0162,72.98225,14.201331,8.9022,15.187561,12.974,6.4796953,4.6206822,4.6893,2.8182917,1.7994617,1.0946096,42.300797,39.280155,9.522161,15.826938,8.638208,5.751274,4.041464,5.440727,4.808273,4.0829115,3.9886627,3.7723932,3.7969956,0.026601043,0.008254332221577726,554.6180859256359,1425.4313661308777
1-24524-B-19.wav,thunderstorm,-338.81802,154.81268,22.075962,-4.765701,17.971607,16.433004,5.5017986,5.605634,5.985481,2.1257036,1.2536048,1.9378219,0.63454455,84.1244,64.97906,23.689642,17.592966,8.289529,7.6361322,7.77699,6.468282,4.7471666,5.2435412,5.3979096,4.8258786,4.5237513,0.059229564,0.021408470490139213,1142.3097820860826,1642.9301987117465
1-24524-C-19.wav,thunderstorm,-325.20447,168.80989,0.26001996,6.442537,14.291386,8.140943,8.312049,3.632962,5.387175,5.2007794,1.803066,3.6126027,2.3158019,117.819626,59.27685,36.4989,21.188265,13.928194,11.162303,7.606302,6.7248764,5.3445783,6.103502,5.1358113,4.680866,4.591125,0.055417772,0.027943055756960558,1457.9891485893456,1980.5232329477433
1-254507-A-43.wav,car_horn,-239.3244,164.67001,6.538472,17.351051,17.981674,24.730574,3.9099905,6.704849,5.060802,3.1914124,1.6722246,2.2456627,-2.4179971,98.00763,24.312687,32.76098,19.324297,11.8589525,7.464007,18.972336,8.742483,5.7483597,6.0371933,10.171847,7.410429,3.9121575,0.15731071,0.032933494054524365,1322.5739913776722,1979.7543662956132
1-26176-A-43.wav,car_horn,-521.9197,31.790571,-15.490107,15.826328,-7.6516347,5.658287,-8.39677,3.6544192,1.005371,-2.4108903,0.8819549,0.22407648,1.0715156,199.51352,58.77318,30.46582,30.744644,14.35522,11.172268,18.239004,8.510383,3.010157,5.8111815,3.4666297,2.637813,3.3931277,0.030281901,0.027250851943155453,838.5565915182576,730.6295003178881
1-26177-A-43.wav,car_horn,-424.03412,64.41148,-33.02153,7.284858,-20.634346,-1.4729534,-12.873441,-3.022073,-4.0360203,-7.4586253,-4.2466836,-7.335686,-2.8499546,230.42297,84.42915,43.393734,10.069608,27.295986,3.4057007,17.325714,4.9053135,6.1395807,10.507818,6.483051,10.091338,4.6283293,0.06560737,0.02316560324825986,843.3861895460827,868.2162492145363
1-26222-A-10.wav,rain,-132.24847,89.01553,-48.867645,61.28677,-51.721565,55.82302,-35.017265,32.805763,-14.000888,19.61484,-16.509212,14.293174,-10.938591,14.389985,15.526955,13.055292,11.998351,11.131642,9.400705,8.546727,7.922696,7.122103,6.481077,5.9579563,5.2697167,5.4824142,0.05828283,0.2521400540168213,6155.174279656054,4296.815669609214
1-28135-A-11.wav,sea_waves,-135.89638,162.10173,-47.84823,40.562286,-33.596428,30.047071,-27.157429,9.910904,-10.900506,2.0740132,-4.357802,-0.9472299,-1.414083,37.0962,8.434126,6.2218275,8.25342,5.192534,7.0766726,4.8204017,7.1104655,4.235236,4.926451,4.482156,4.266555,4.5069275,0.09185264,0.06735788863109049,2776.111906727105,3210.3084236873906
1-28135-B-11.wav,sea_waves,-131.77226,161.30846,-44.213966,32.13912,-27.515059,25.710506,-19.94964,10.045735,-4.2723475,1.0542474,0.26533824,-2.001612,3.4692745,31.574583,10.550921,9.790048,6.8477244,6.4072275,5.7559285,6.1830463,5.8066387,4.945697,5.0601354,4.632622,4.501144,4.1229343,0.09148206,0.06487909657772621,2643.538946751504,3092.333817595344
1-28808-A-43.wav,car_horn,-117.96136,170.17775,-61.46682,23.826248,-14.787617,16.183578,-4.9597096,26.67241,-1.8946881,0.065805174,-7.571851,4.3387136,-2.277861,20.01997,13.403202,12.730569,5.8374586,5.798773,5.5093474,9.458518,5.112107,5.339092,6.310735,5.7848096,4.8440104,4.993583,0.17099762,0.06051288790603248,2216.7126719378343,2530.237149766732
1-29532-A-16.wav,wind,-196.70546,133.45354,-69.849846,64.84543,-44.922817,14.46712,-17.216194,17.267323,-0.470069,-10.744947,11.511076,14.824742,-24.80853,37.64876,11.360692,8.067074,6.928596,12.57743,4.373075,6.197681,5.2860813,5.031348,4.801968,6.6036377,6.9909573,5.611505,0.05763575,0.17993333997969838,4003.922785540614,2986.2887943771666
1-29561-A-10.wav,rain,-142.60492,141.12979,-98.17852,63.160038,-24.8628,29.91583,-37.75719,17.45882,-13.29934,16.262058,-14.990223,-1.4294635,-5.765497,26.721746,7.4147496,8.864371,4.95494,6.4044304,4.934474,5.4102874,4.4297986,4.7857666,4.0152135,4.1344953,3.7765443,3.6039774,0.07648477,0.1215888286687935,3495.369115472815,2901.262043506089
1-31482-A-42.wav,siren,-251.51505,167.64737,10.227231,-0.54300874,10.729764,0.20413673,-8.783071,-9.607291,-8.633039,1.9378964,8.752193,17.268423,14.68571,36.370396,15.077917,17.17534,7.7997284,7.9040155,9.742149,9.891056,8.101314,7.463487,7.1007094,7.7769156,7.552754,6.555184,0.19186339,0.02570670497389791,1267.351699440815,2221.9400935374747
1-31482-B-42.wav,siren,-212.7928,179.16528,2.1310132,-2.0393267,2.1177351,-4.3974085,-7.8465705,9.115725,16.101057,28.419565,12.994988,12.496082,-2.376052,21.387976,10.003577,11.906171,8.124322,7.1403074,10.090368,11.342704,15.569671,18.797993,11.463223,12.28803,17.741451,15.472292,0.23090266,0.03540435578596288,1324.9364764931956,2235.380733735412
1-39901-A-11.wav,sea_waves,-178.51347,155.01967,-33.20004,21.91438,-25.351234,12.716211,-27.456533,1.7664632,-23.457624,-5.604312,-13.223295,-6.7343173,-7.375807,32.013554,15.298027,9.777945,10.3734255,8.67845,8.071129,8.113779,7.0275044,6.6792493,6.127245,6.580525,5.8608904,5.77369,0.08085342,0.05100443191705337,2532.452119466543,3234.578995354318
1-39901-B-11.wav,sea_waves,-179.03143,161.09662,-33.162994,24.809418,-30.885178,14.695468,-32.58988,4.92941,-24.787298,-1.3780693,-13.10826,-6.2510705,-9.182487,45.197697,12.739875,8.23402,11.172539,7.782064,8.902825,8.309728,6.2124243,7.06876,5.6116967,5.999653,4.839919,4.4926124,0.08178797,0.05063510549593968,2486.4583792371054,3252.92038572868
1-43760-A-11.wav,sea_waves,-140.53612,122.478645,-89.04996,1.1032159,-62.63913,9.184065,-55.914536,1.3103753,-38.618504,-1.1845819,-29.600891,-4.0882816,-19.557024,27.488937,11.856295,11.82222,8.617067,9.247661,7.490838,7.433786,7.1004224,6.3111997,5.2985687,5.2697005,5.5582976,5.6767836,0.08077363,0.09426093931264501,3591.5613542709666,3645.6586392327195
1-47709-A-16.wav,wind,-96.219894,167.52663,30.031506,46.05548,8.387066,21.273067,-0.6865265,15.6461935,-2.6123664,10.588575,-5.0220814,7.1358485,-4.8132434,36.591156,8.649342,7.2352557,8.548092,8.283847,7.603329,7.601182,6.292981,6.7903543,5.0462384,5.5823474,4.508682,4.836258,0.56326073,0.012420017038863109,1337.3115224555254,3037.0445289737954
1-47714-A-16.wav,wind,-191.94493,147.39459,32.418312,45.383823,18.191957,23.908504,11.17631,18.308502,7.185908,12.972837,5.0544586,10.337745,3.941769,30.710546,7.5307636,8.062317,7.929764,8.66889,7.871025,7.278986,6.6143126,6.6574407,4.5036144,5.180304,4.164931,4.3620625,0.376061,0.007268706496519722,1167.2884930835655,2931.242032413486
1-50060-A-10.wav,rain,-60.579556,60.06303,-48.672993,39.435593,-26.677984,12.824826,-22.616596,14.328292,-26.21012,9.860168,-21.738775,6.1929593,-14.748986,7.0257697,6.2632704,5.743842,5.1631303,5.4471626,5.1183953,5.3994074,5.20258,4.951079,4.4847765,4.8829417,4.3596244,4.5884247,0.09859885,0.2257989232888631,6001.267009816145,4441.078799522067
1-50454-A-44.wav,engine,-418.04584,86.61396,-14.137389,19.291885,-4.2607613,9.807528,-7.601463,12.377424,-0.4302504,1.9524039,4.889357,0.13352907,3.451071,196.59972,78.57475,14.036158,17.98402,6.152967,9.712031,8.419279,11.725829,3.3053029,3.9000444,5.647002,3.4077523,4.361483,0.026079664,0.021909213674593968,1309.1465118837705,1805.9797202025745
1-50455-A-44.wav,engine,-433.67688,107.98089,-20.153152,28.867304,0.5851289,17.43359,6.5818577,9.967721,5.1582828,2.6144881,1.1792449,2.5057466,6.752335,196.70938,89.48291,17.327835,24.461596,3.6583188,14.807467,6.0109444,9.022687,5.1266546,3.7357624,3.076358,3.8154032,6.262212,0.04424978,0.01023124818735499,853.010044597767,1407.7271382983706
1-50661-A-44.wav,engine,-41.27093,184.14542,-38.82981,30.8557,-11.799334,25.978706,-2.3444767,22.287613,-4.086759,15.86254,4.5193677,14.742879,5.9635015,6.2659483,5.9342513,5.0647926,4.353689,4.352073,4.080266,3.5320175,3.7836413,3.948098,3.6262643,3.6749802,3.5298598,3.8053353,0.46059716,0.027781050609048723,1749.1768651435798,2644.208974980704
1-51035-A-16.wav,wind,-290.5352,162.10324,-5.576002,-3.7135596,-30.180925,7.1673512,-23.126541,3.6987255,-25.782358,6.504147,-24.64855,6.5708647,-22.810038,10.2337475,5.6168756,5.9806986,7.371399,4.5859246,4.293957,4.284704,4.0329924,3.8735704,3.7726586,3.8586702,3.663656,4.0111756,0.023091704,0.04740293285962877,2644.6722688668942,4109.534555738829
1-51036-A-16.wav,wind,-259.99747,171.71103,-17.08442,-11.07772,-27.17947,7.3114386,-27.246105,0.10337444,-23.345884,3.5233884,-24.250362,4.164001,-20.54794,5.648013,7.866731,5.012204,5.604275,4.613905,4.260518,3.8667293,4.192993,3.944115,3.8865793,3.7192125,3.7001777,3.912893,0.033069447,0.04386374347447796,2298.621220609061,3576.0370400400097
1-51037-A-16.wav,wind,-114.56231,159.15936,-60.826057,27.969934,-45.917046,24.33934,-35.349052,15.12822,-28.690767,7.4737754,-22.630129,2.0766647,-16.161644,14.634536,8.375183,9.880817,6.9001093,5.360361,5.3469553,4.7040153,4.0220876,4.2545915,3.9588816,4.209881,4.3600826,4.2436924,0.10230475,0.07111686122389792,2913.869694973882,3358.1509972667745
1-53501-A-32.wav,keyboard_typing,-583.8949,33.438564,-34.504143,3.6087492,-8.427473,6.4041095,-12.453856,2.1555629,-7.584985,4.4258475,-6.623254,6.114532,-7.031433,191.56993,24.877796,40.620125,12.555574,10.506478,9.278189,12.355807,5.728948,7.7908664,5.5913076,6.583421,7.1223345,6.627137,0.00285283,0.1916079067575406,5055.596228101752,3935.7225381524363
1-54084-A-42.wav,siren,-433.0981,175.48024,-18.608746,-62.08714,-27.420933,-26.051277,-35.35528,-33.941925,-36.2433,-34.91383,-23.151873,-8.38882,6.0811205,35.351124,35.927723,24.794687,20.53012,12.100867,10.459416,10.847116,8.533599,7.614964,5.4558473,8.0057,13.384822,20.516203,0.081318125,0.027998568010440834,923.5752554684215,966.3864414888824
1-54958-A-10.wav,rain,-67.378075,152.2045,-109.552216,67.52517,-39.781754,21.67145,-7.6267323,3.770233,7.987289,-0.29326415,6.925873,2.7620382,2.24785,10.444899,6.514437,5.1729608,4.8178196,4.6407723,4.2008286,4.0457635,3.913676,4.0010123,3.8761103,3.9570324,4.195381,4.05363,0.15410493,0.13719456931554525,3518.001671982653,2641.9006544370054
1-56311-A-10.wav,rain,-102.38264,135.22942,-93.92697,72.64612,-40.25812,20.004328,-24.158,7.903283,-24.482304,11.141266,-17.910852,3.509971,-5.9463162,22.879618,7.041421,5.967326,5.8834,4.957622,4.7930527,5.4118285,5.0058928,4.543232,4.267723,4.2090836,4.194176,4.21814,0.10102478,0.15206505582946636,3867.3602152972517,2924.2059176540697
1-61212-A-32.wav,keyboard_typing,-401.3437,92.68037,-35.0907,14.118424,-24.73436,12.575956,-14.337481,6.0443664,-3.9822416,5.2442803,-2.9649785,-9.208288,-10.856048,126.1941,21.383463,37.43976,9.974052,20.830164,11.817443,14.711347,9.360051,9.119975,8.116152,6.4271674,6.5308104,6.3375525,0.0116211185,0.15292946091937354,4883.370030751741,4522.200892551422
1-61252-A-11.wav,sea_waves,-112.3637,148.63086,-44.08964,46.18109,-23.375761,38.30813,-35.193295,19.812775,-20.90648,6.262375,-8.416547,3.1595795,-9.405508,36.287308,8.315567,7.5708156,5.407149,6.2080693,6.2360516,6.864058,4.778007,4.670408,4.2327294,4.98189,4.8496842,4.3652115,0.10581628,0.07827907482598608,3276.008570587871,3709.0705197044244
1-61261-A-44.wav,engine,-242.16017,118.58902,-3.534591,55.777943,-21.94088,54.602196,-13.026433,28.36,-3.1024709,15.0214205,11.141375,8.798762,9.017426,46.597477,10.926941,12.60869,8.654106,8.225836,8.810483,7.4350243,7.3032184,7.2486377,7.325851,5.7054057,5.76242,5.5402617,0.07725374,0.03966180575696056,3464.010093416323,4269.601856496716
1-62565-A-44.wav,engine,-300.15707,177.63571,28.527937,51.072773,21.842505,21.90097,31.285032,4.968813,11.187963,18.668129,10.77041,9.081241,7.8297787,16.999815,9.392192,5.3057294,6.0470366,6.475858,5.2422113,5.423015,5.1347413,4.755812,4.3778543,4.7523413,4.0582666,3.9732594,0.21401,0.005210221505220418,537.1511488039183,1526.8787192323466
1-62594-A-32.wav,keyboard_typing,-324.55475,115.82339,5.0824347,37.401176,17.848133,17.025797,1.7331059,14.64,6.5673056,2.658654,5.307677,4.157974,1.853807,110.10302,24.290318,30.005219,11.649545,12.013643,10.11736,12.175889,14.107231,7.567495,8.883262,7.171126,6.3588457,5.7204723,0.05207266,0.031140108396171692,2414.899217432639,3430.047510071191
1-63871-A-10.wav,rain,-103.35714,115.72585,-37.904823,23.236193,-5.4159293,22.76538,-8.675587,15.010862,-6.6751013,14.338121,-10.746421,18.033722,-7.9618416,8.954111,6.747845,5.7651763,5.71811,4.6699653,5.4433703,4.6180043,4.8883066,4.5277405,4.050956,3.6582649,3.862853,4.1868477,0.085567765,0.10125888196055685,4072.051233165555,4494.2051415149945
1-69760-A-16.wav,wind,-35.40676,108.6303,-6.367353,55.267197,-11.815878,32.71624,-5.9669366,20.534277,-9.0157585,14.361274,-9.160943,10.769771,-9.418519,29.613098,10.2860565,6.415133,5.1912394,4.9984303,4.099362,4.2812724,4.368257,4.0554905,3.9507937,3.8599172,3.9381282,4.1192617,0.26916346,0.07506616154292343,4046.323841996868,4515.292703282054
1-76831-A-42.wav,siren,-227.31337,89.00201,-52.81017,0.83940035,-10.210153,3.9087603,24.411919,22.159975,5.614703,2.4953375,5.599136,13.842866,8.466983,54.588737,22.760374,19.647203,11.949052,14.610067,17.486996,19.680061,13.46832,21.35927,20.977764,18.977203,22.015028,23.665844,0.3984107,0.06296449028422274,2388.810697915733,2326.506800079667
1-76831-B-42.wav,siren,-122.79257,147.24799,-91.79061,-27.884228,-33.42791,-6.7935295,9.929334,20.016893,4.061415,5.293565,11.725852,23.26016,15.602475,45.376736,30.497084,16.651075,12.50408,13.615039,20.427866,28.18003,21.92176,20.783056,19.324963,13.347959,13.741081,11.558705,0.42448488,0.05732263268561485,1933.2267472748492,1959.6489460692835
1-76831-C-42.wav,siren,-132.46167,143.09764,-94.39584,-28.704937,-32.77619,-7.012869,9.200355,21.388334,5.908105,5.112197,10.515457,22.80497,15.130506,43.28065,31.778519,16.856894,11.496072,13.521981,22.894707,28.008902,21.754711,21.786789,21.044773,14.678455,14.709152,11.693222,0.41819596,0.05695557207076566,1943.0492234280737,1960.444451461137
1-76831-D-42.wav,siren,-204.79541,109.83618,-57.28113,-4.0062547,-13.826194,-5.240133,9.138662,12.211185,4.011233,7.0069294,12.507697,21.225607,13.098627,68.890686,36.744198,17.851744,15.884572,13.919087,17.845531,21.018255,17.526072,21.06225,21.533592,18.631771,18.786825,20.569527,0.43425122,0.05328156721287703,2065.7351275465394,2183.516219697922
1-76831-E-42.wav,siren,-132.8222,130.37236,-83.70433,-22.856112,-33.70691,-8.708607,11.565912,21.97867,3.642922,-0.68232477,3.7946703,16.32887,7.435928,70.69403,37.95139,25.562067,18.641035,14.408043,19.106615,19.628876,16.7414,19.316801,16.56958,14.905448,15.681052,16.042866,0.42776042,0.05979462732018562,2149.051290323319,2187.358229436511
1-79711-A-32.wav,keyboard_typing,-299.15222,68.42264,-22.298855,32.08177,-27.010336,43.678844,-15.666513,21.44141,-1.1638523,12.68099,-2.1770475,11.333928,-2.4422588,83.172035,18.46546,20.932411,12.099874,12.082648,13.930004,10.87876,8.649859,9.720928,7.672951,8.0622635,6.877464,7.433271,0.025740333,0.10591511383410673,5634.937457864806,4707.930306073071
1-84393-A-32.wav,keyboard_typing,-438.37753,42.611496,36.122604,38.911777,26.683027,28.198238,28.95932,23.62321,24.66501,22.411856,17.959148,18.248783,15.389589,39.7803,22.99249,13.58277,14.527957,10.236246,7.063255,8.976883,5.8884435,6.17974,5.3335853,5.0422206,5.1696386,4.119519,0.06323411,0.0076301025957076565,1181.8856096727322,2786.3324963758037
1-91359-A-11.wav,sea_waves,-66.42931,131.67613,-30.918829,33.15903,-37.09723,33.57733,-33.41879,31.491594,-21.830582,22.61332,-15.9198,15.829513,-10.2695875,30.3308,10.741817,10.243351,6.9097767,8.764986,5.397413,6.658664,5.279781,5.6648407,4.983608,4.518881,4.0545897,5.2916207,0.13296671,0.10975905416183294,4206.905505200439,4530.454803804736
1-91359-B-11.wav,sea_waves,-100.5261,134.55019,-22.243076,32.943325,-25.471464,27.154564,-20.805132,26.650839,-13.916363,21.005175,-8.830893,15.405687,-2.3014834,39.854298,12.441171,10.272366,8.921829,8.112526,5.9782043,7.488127,5.6343365,5.891969,4.230238,5.5868692,5.1549983,5.133362,0.12638317,0.07230187790023201,3513.0784140452797,4235.004649753953
1-94231-A-32.wav,keyboard_typing,-505.8861,65.51296,-7.7602715,31.795938,-7.9303484,20.629396,-12.060247,14.8813095,-10.970335,9.718494,-12.633917,8.69426,-10.801396,68.75179,14.671475,21.817436,5.477149,8.447107,5.6706676,7.9577045,4.889148,5.1610856,4.112292,5.736505,4.557307,5.942883,0.0018913561,0.20262878842807425,6475.783049956143,5319.674405046469
1-94231-B-32.wav,keyboard_typing,-472.1217,76.138664,-10.135619,33.016815,-6.299118,21.378166,-13.409091,13.182135,-10.9468,10.447417,-14.857198,7.5163403,-12.462837,81.03979,18.801008,21.911808,8.202376,10.124413,6.4395,10.000463,6.3993573,5.958351,5.3642645,6.636616,5.6129355,6.5459757,0.0032129132,0.1588080952726218,5809.641001334988,5184.1867104835865
2-100648-A-43.wav,car_horn,-103.565605,112.708046,-33.872845,33.69035,-26.655493,19.204222,-20.553738,-6.3061643,-7.066822,-2.3325071,-12.113217,-4.506843,-4.536637,36.05851,33.541893,10.66838,9.672492,13.02011,7.593704,8.375368,9.976189,8.7674265,9.296947,6.3349047,6.163849,5.878388,0.16179684,0.10621646606728538,3810.359274263001,3695.7708960617106
2-101676-A-10.wav,rain,-168.02867,86.62491,-64.39589,69.2318,-41.911026,33.324383,-25.683128,20.241291,-11.073607,19.419123,-8.354333,14.369331,-3.1111171,18.762815,13.047778,12.505832,10.088698,9.532386,8.497844,7.790026,7.7644205,7.202634,5.6021624,6.251288,5.239168,4.9304852,0.044387102,0.20323375870069604,5281.888731550401,3692.449890539292
2-102852-A-11.wav,sea_waves,-111.49153,140.60847,-78.060425,34.633938,-52.317097,19.519669,-30.018942,19.135313,-22.011202,3.5451112,-7.7016244,-1.1226009,-6.131403,15.259706,6.8195806,5.465798,5.4123993,6.994303,5.48969,5.157236,4.5744123,6.46428,4.8105793,4.9009833,4.2176714,4.35912,0.089028485,0.1051662648636891,3491.748946324129,3296.4786729158795
2-104105-A-19.wav,thunderstorm,-329.0108,170.78041,90.11587,27.96584,-1.0339665,0.42803413,9.253447,9.4074335,3.5635533,0.8799435,1.0385869,1.130335,-0.7732332,23.218138,20.454346,9.1464615,7.605836,6.524768,5.034595,5.397549,4.6163692,3.9189262,4.0917106,4.3381,4.1175456,3.9171898,0.09411625,0.011702889356148492,843.6552740043454,2255.3124958687263
2-104105-B-19.wav,thunderstorm,-333.756,198.18327,91.33135,16.127337,-12.365482,-4.329813,6.561807,6.094441,-0.48984146,-3.025884,-1.0612581,0.5189797,-1.8946488,31.04629,22.562979,7.117513,7.809474,6.621957,6.3188286,5.268322,4.9205346,4.7387905,4.138712,3.807328,3.8370585,3.604823,0.095189966,0.0143527497824826,782.5476996785628,1982.7916264813562
2-104168-A-32.wav,keyboard_typing,-406.63623,106.52336,-9.340782,44.54038,9.949588,9.44756,-0.024345558,24.602001,-2.661398,17.538162,-0.26821634,11.315953,-5.124696,96.258675,18.86417,39.697918,10.109136,9.043386,13.000996,8.805616,10.600699,6.6019235,8.679035,6.788251,5.650607,4.962444,0.01350598,0.0431726725638051,3409.2211458463007,4290.80726728413
2-104952-A-16.wav,wind,-374.9963,183.89026,-6.781537,44.436096,14.056606,3.9139686,-6.8661427,0.4211748,-5.2018075,-4.230721,-10.816321,-9.004492,-3.0359735,8.519551,13.552976,8.156692,4.9685745,4.5832376,3.928271,3.799128,3.7411056,4.0022354,3.7244864,3.9499285,4.0696373,3.7581422,0.022588585,0.021086726000580047,1357.4467961940213,2288.683366094156
2-104952-B-16.wav,wind,-315.75394,179.9383,-11.375574,51.75405,5.895763,1.7092308,-7.192261,-1.1127654,-3.4879916,-6.22964,-12.225455,-10.050762,-3.388067,25.287987,9.726186,6.440109,7.988164,5.802347,4.892833,3.8543935,3.7901423,3.733844,3.7792249,3.7495759,3.33725,3.5982442,0.038509462,0.022312527189675174,1463.02007441827,2358.7703630380597
2-106014-A-44.wav,engine,-248.7987,214.55742,-52.27141,33.7178,-5.1192484,23.763863,14.589096,11.247078,-0.2716371,-6.210243,-1.142289,-0.1330808,0.8695173,5.241923,4.7608533,6.3268948,4.490721,3.9328256,3.9775136,3.4761124,3.8214388,3.669673,4.1670165,3.461441,3.6111255,3.799515,0.060762633,0.03229227088167053,1454.2888156353629,1975.1014092407122
2-106015-A-44.wav,engine,-281.53928,218.93318,-13.482471,51.995235,27.45163,17.343126,5.906957,2.8464487,2.8635004,-24.340088,-19.007774,-6.6353827,4.969417,11.107555,7.576428,6.238013,5.4913683,5.096153,4.388111,4.507516,4.751225,4.682815,4.3012786,5.3729143,5.2082176,4.146985,0.1028165,0.01781150304524362,897.5408073608814,1575.866957823711
2-106015-B-44.wav,engine,-283.95712,223.43976,-8.1821995,48.179283,25.741407,14.50565,9.222842,0.86238146,-0.7063677,-24.73586,-17.14864,-4.8821225,4.760108,8.696584,5.7612543,5.788693,4.5657926,4.6675787,4.125574,4.2343435,4.265493,3.9209583,4.144991,4.5287056,4.5739765,3.7019203,0.10620413,0.016415766386310905,824.7025619648875,1481.3485663592746
2-106486-A-44.wav,engine,-261.87268,115.76564,-27.585554,38.45245,-6.999548,42.155025,-8.068291,23.058762,-13.44026,6.489848,-5.798478,19.176964,-1.0884804,9.920578,9.7477,6.1188836,5.538843,5.1653857,5.73726,4.4936194,4.4809356,5.0953054,4.6488805,4.70938,4.4984937,5.25846,0.024557123,0.07404201711136892,3713.833799024417,4220.304368097466
2-106487-A-44.wav,engine,-207.53787,119.31902,-15.108233,32.073166,-10.849078,31.42859,-0.44826633,20.946775,-1.5996332,10.848601,4.3398046,21.938982,1.0976586,7.5151167,6.9943314,5.374786,4.3217554,4.5565,4.3487973,4.254251,4.05688,4.053412,3.705204,3.9321074,3.4395127,4.444052,0.10978086,0.016299077363689095,2813.6535728981476,4050.50115225679
2-107228-A-44.wav,engine,-182.3985,136.25189,-34.107304,54.87336,-1.4033731,31.55222,7.080726,38.004856,11.138218,8.396772,6.7651157,-4.6456175,7.522281,64.31164,11.619278,8.926032,8.261796,13.095355,11.11597,7.7882414,8.2858515,6.027487,5.4641657,6.614985,6.001997,5.5577497,0.14128129,0.033503344330046404,2547.1631395032596,3279.024329940561
2-107228-B-44.wav,engine,-306.50284,120.13489,-28.057451,48.300953,0.888169,29.258497,8.671663,33.32414,10.870394,7.701259,6.183965,-3.2346876,7.0427933,126.37713,39.611156,16.077314,15.904541,12.426532,13.930875,7.650666,12.30969,5.871122,4.6526747,6.392371,6.0146585,5.518628,0.05369367,0.057606991371809746,3166.628509610895,3598.3244916869285
2-109316-A-32.wav,keyboard_typing,-492.58426,112.81504,5.293131,27.971832,13.21866,15.149883,6.683696,21.100521,6.521794,11.092253,12.696472,5.996799,6.9724956,140.0534,25.694487,39.40272,10.280918,14.816677,7.9629135,14.113739,11.343316,9.821644,5.9255047,9.67114,6.3838253,5.5816736,0.01333334,0.020029727378190254,2162.2762621985726,3515.4794902994645
2-109371-A-16.wav,wind,-224.50206,220.22197,-22.428984,19.915136,13.921067,16.038687,11.612488,-2.1495922,-0.36775786,3.5567083,8.385366,3.296089,4.5941052,18.720741,4.693755,9.794773,5.095926,5.3607306,3.4826982,3.4324064,3.5351791,3.5881968,3.7620962,3.832557,3.773927,3.9962347,0.14714624,0.014888612964037123,926.6982056225463,1607.1172552546327
2-109371-B-16.wav,wind,-180.3614,215.97662,-16.630371,14.804174,17.392448,12.905465,13.745885,-2.938505,-0.22879991,4.462747,8.11235,5.350603,4.1833405,18.962963,6.6811805,9.473953,5.3981824,4.8537827,3.867451,3.890549,3.772247,3.9447083,3.678937,3.7201545,3.6327362,3.9995954,0.24671666,0.014029872389791182,893.7816926292933,1575.2580979579097
2-109371-C-16.wav,wind,-279.80176,223.74968,2.9603908,13.890897,16.902428,17.973358,11.553837,0.06712731,-2.4056513,1.7921182,5.0298896,1.9104314,3.4571564,9.144869,6.1111193,7.486311,5.072087,4.875344,4.4666758,4.0718246,3.8356376,3.7658112,3.9864564,3.9417803,3.8973992,3.651145,0.11476879,0.011451384860788862,730.5403665907115,1498.5679284075024
2-109371-D-16.wav,wind,-277.0148,220.90152,2.7820816,11.556441,17.69299,18.999592,13.18169,0.46366292,-1.2639226,2.1671188,6.504126,3.1689274,4.255202,8.425753,4.5570045,7.085611,3.9955451,4.661008,4.714943,4.025424,4.0329814,3.8983097,3.6716285,3.6012337,3.9096901,3.7192345,0.11793921,0.010983495867169374,725.8741706568679,1510.47458151734
2-109374-A-16.wav,wind,-379.47455,173.69173,37.24265,46.287064,16.787113,38.93898,14.631555,11.165198,-6.106564,3.9481533,0.12064064,4.0368795,-1.1867746,9.902242,6.4876175,7.901877,6.9487,4.903197,4.3579783,4.7150974,4.5746393,4.629483,4.2155585,3.9498844,4.3027344,4.2333193,0.06313009,0.008879694750580047,765.8798478857802,2159.9398175638307
2-117625-A-10.wav,rain,-91.43773,123.62915,-81.16085,55.366463,-40.281654,32.831738,-21.254387,24.994827,-19.09487,19.60959,-9.262604,9.465038,-1.6976484,21.314552,8.42514,6.0597215,5.9653363,5.4862366,5.9589963,4.68917,5.119366,4.224431,4.4089375,4.1496987,4.5033464,3.942823,0.09633454,0.1422552476073086,4095.924981938237,3452.7974370456886
2-118459-A-32.wav,keyboard_typing,-241.47589,119.53763,-41.089497,45.013687,-10.709593,31.355772,-5.8869867,21.647015,-6.362559,11.725203,1.6615204,5.980117,1.3282177,74.08356,13.938753,18.411457,12.253143,14.399877,11.097353,11.394534,6.8812995,9.90261,6.645928,7.5885224,7.023268,6.6862693,0.03936834,0.07724133555684455,3433.670065820123,3635.7054765003413
2-118459-B-32.wav,keyboard_typing,-289.8525,120.25,-39.280857,44.787758,-12.738063,33.06811,-6.920724,26.326004,-10.090362,12.456891,-0.17136966,7.2237196,1.2986456,92.06695,15.237822,27.15102,13.285636,15.004831,10.8069725,11.635369,7.5761356,10.28337,6.7430396,7.606447,6.44674,6.8646145,0.029003415,0.07219991661832946,3453.4186718986534,3761.611294356459
2-118817-A-32.wav,keyboard_typing,-435.35397,49.2158,15.258029,67.371796,1.1753826,39.78738,13.46452,30.910925,6.721221,27.73894,-1.7967128,15.652132,-2.2891953,59.909595,30.555216,18.39729,16.368797,13.182398,11.0334015,8.190734,7.856355,7.061983,7.121082,6.117871,6.117573,6.280254,0.014674716,0.043581650594547564,4626.025243034615,4823.653847179325
2-120333-A-32.wav,keyboard_typing,-236.8179,111.555176,-16.77679,34.476486,-31.478071,35.803165,7.578032,13.334082,6.8153553,13.702026,13.182248,9.011067,18.73641,73.508896,26.081064,14.923907,15.833974,20.65248,8.31697,10.501293,8.046379,7.1977634,9.523089,6.8903694,7.3782635,5.8179336,0.09552454,0.036607498912412995,3167.8526276869425,3570.4480315646438
2-124662-A-11.wav,sea_waves,-200.17377,117.21627,-34.59092,27.560537,-28.40121,28.438456,-25.536545,21.895733,-13.811642,6.921359,-8.376376,4.841547,-6.894837,107.570946,27.770456,14.1405525,10.585967,9.253963,9.733253,10.944039,6.4308047,7.5472608,6.1844945,8.085454,4.934389,7.9300413,0.047238927,0.12303894467807425,4183.389260398206,4158.5165482908205
2-125520-A-43.wav,car_horn,-483.26334,121.942535,-62.175465,-6.8735747,-32.60201,-23.464228,9.071462,-5.9565845,1.3307389,-3.7209868,-11.250546,-7.386872,-7.718959,134.0881,49.892193,48.072216,12.891882,23.180511,18.288729,7.085834,16.324291,6.6507716,9.7136,14.284292,10.158358,8.109475,0.033462267,0.05862433838457077,2393.1351179581106,2641.7133447279343
2-125966-A-11.wav,sea_waves,-185.49817,124.99764,-40.974297,21.342436,-20.051167,12.438025,-19.524887,12.449048,-13.064409,10.111338,-5.07288,8.548021,-0.09851625,71.28909,25.292263,17.5458,15.739372,12.141354,11.303922,10.087589,9.11885,8.966199,7.644038,7.086449,6.2811837,6.656431,0.061891418,0.06748250797563805,3450.1348759598927,3885.3143556611044
2-128465-A-43.wav,car_horn,-227.43753,209.84175,-76.2282,31.94752,12.376677,-2.8282382,-22.888239,16.879343,16.125977,-20.35139,-7.3849883,11.414094,-9.311475,31.161552,13.570553,9.7004595,18.151672,5.901458,4.0370107,9.433276,7.504037,5.264317,5.1992908,4.5455174,5.513377,5.0221367,0.08107598,0.09718722810324826,2041.6974059788279,1820.0617341663954
2-128465-B-43.wav,car_horn,-179.16367,200.66954,-73.38664,30.126793,2.5193353,3.1020758,-20.117754,4.0201087,21.022932,-11.528268,-8.594122,0.7075579,-1.6319573,32.469395,11.647899,9.2004795,8.800441,5.255283,5.852756,9.982778,5.408874,7.365154,4.3267736,8.564448,7.0348268,5.07415,0.11779109,0.09400830191415313,2066.978801743665,1898.2297291187465
2-132157-A-11.wav,sea_waves,-171.42416,142.87776,-30.102373,30.968266,-32.61684,19.037098,-25.262245,20.543436,-21.011614,8.96597,-8.832352,0.44320527,-7.299526,53.18866,9.928497,12.566605,7.82705,9.341865,5.9914384,9.180112,5.8045845,6.1703405,5.2729807,6.0991673,4.8072267,4.8100467,0.06417906,0.07575836535672854,3294.580975896905,3846.1355687701553
2-132157-B-11.wav,sea_waves,-154.15451,130.75812,-40.029873,37.477524,-36.172245,19.634436,-32.23772,18.462622,-24.365932,9.862817,-11.89471,0.7758165,-8.534021,49.299572,11.538501,9.151015,8.201049,8.062894,6.563991,7.178222,6.348008,5.898604,5.4422154,5.217474,4.9795756,4.9435387,0.06659943,0.09935333889211137,3811.8736217775427,3995.0721243523485
2-133863-A-11.wav,sea_waves,-168.02353,152.77061,-36.22068,33.07074,-31.956335,13.988075,-19.272003,13.302395,-17.581057,12.429122,-12.465068,5.4540405,-0.13603154,55.643402,16.884645,21.644367,10.991695,8.882091,6.2015758,9.446634,6.4127107,7.679389,4.9090815,5.8808646,4.733259,5.5260077,0.07597081,0.06478053400522042,2846.2877881784193,3409.710854419831
2-137162-A-11.wav,sea_waves,-104.16766,145.40271,-62.03824,39.99435,-28.323437,26.369457,-25.461218,17.643232,-14.682082,8.889743,-9.1506,4.8452234,-5.372249,58.552727,11.948783,8.441845,7.194465,6.701813,6.1206827,5.7597294,4.8929935,5.0934567,4.3492475,5.6051598,4.586822,5.4448214,0.105000824,0.09251513558584687,3245.126619477482,3344.7999626726246
2-138465-A-43.wav,car_horn,-219.0567,165.72263,-38.377888,24.810497,7.361912,27.661695,2.9493625,30.9494,-0.403258,7.8110714,7.4394975,8.693666,-1.0422376,19.298933,10.29386,10.104499,8.739125,5.0376654,4.828177,4.7790265,5.4526587,4.4403358,4.733015,4.435544,4.1853995,4.840684,0.08489441,0.026605097157772623,1909.9629144056246,2794.0254438103666
2-144137-A-43.wav,car_horn,-401.42184,33.742878,-40.58932,8.139934,-20.861156,3.6132667,-12.982968,-3.203252,-7.2691755,-3.1919458,-6.308892,-4.4833207,-7.9478717,239.36475,44.773827,53.220814,11.43912,27.99102,5.701011,17.672853,5.0141735,10.273481,5.190655,8.69111,6.538704,10.634263,0.13408555,0.03728384208236659,1283.1161608693553,1127.1128169119918
2-155801-A-11.wav,sea_waves,-140.96521,150.88173,-39.01318,55.0784,-33.092712,20.534712,-27.352789,16.0418,-17.841068,19.78757,-8.41466,6.6919613,-3.1328664,46.806694,8.355389,10.756508,6.820235,10.6575985,5.9839168,9.833095,4.8712196,8.842214,4.5337253,5.633093,4.4437866,5.301572,0.089535356,0.07011424195185614,3077.3128176439973,3558.673386653374
2-205966-A-16.wav,wind,-131.59099,211.00201,-32.071342,-23.414366,-50.949757,1.8098117,-20.673506,6.9849715,-4.47203,5.8213105,-3.1851697,4.067221,-2.574566,16.076351,5.9995604,8.360359,7.569472,3.8530045,5.385677,4.230091,5.2513933,3.7393172,4.41028,4.3138876,3.964475,3.963781,0.24070336,0.040742595345127613,1408.133872000384,1979.6834022399555
2-39441-A-19.wav,thunderstorm,-409.9248,180.40112,41.86017,33.766132,-2.555342,2.6357186,-1.5192778,12.408807,4.7397976,-12.075757,4.2967277,7.5591784,1.6277344,30.690044,29.01779,15.336905,6.232371,8.932049,7.98147,6.203545,5.3429446,5.4487953,5.045527,4.955214,4.753897,4.0300264,0.02311842,0.01720653277262181,1345.7402408511373,2844.9929669434614
2-39443-A-19.wav,thunderstorm,-471.756,165.4251,54.853127,22.840796,1.9546865,18.552364,14.343394,13.294858,6.463475,-5.411653,4.8883934,4.0228987,-0.05137085,31.039858,35.17455,18.832115,8.825172,6.7894917,4.2131925,4.196587,3.7374244,4.025848,3.8637094,3.7742214,4.004302,3.9282126,0.018858938,0.01117382359338747,1457.5017407399337,3219.504839805201
2-39443-B-19.wav,thunderstorm,-264.0199,194.0279,21.15579,-24.413483,-0.006234366,9.953757,2.4821172,2.331343,-1.1497408,-4.819805,-3.6716173,1.1016994,-1.6723686,106.31861,58.89611,31.107544,14.043604,11.793147,7.3008103,10.070174,5.5408525,5.953558,6.097314,5.862873,5.396269,5.932906,0.1124694,0.027747063515081206,1330.431249682297,1931.7545434137928
2-39945-A-19.wav,thunderstorm,-351.64465,215.71521,45.018494,-24.029003,-2.7146132,14.923941,10.763282,5.703804,0.42875874,-2.7811837,1.7971295,5.7608395,3.9144213,56.30024,43.417225,19.01667,17.297485,15.8729925,7.109426,9.56398,7.551089,5.0303793,5.3021398,4.594601,4.819304,4.7544394,0.056966122,0.019724976435614848,801.4691233325461,1439.9022694413773
2-39945-B-19.wav,thunderstorm,-385.69733,186.35774,53.795998,-12.326274,-1.8314116,18.375538,17.505196,7.606638,-0.21967559,-2.1252947,2.1663556,5.429827,3.1952403,61.410904,53.828434,14.16179,22.195532,10.6810055,7.069299,7.2754564,6.6097813,7.7338877,5.3570256,4.334636,4.398538,4.620787,0.048793744,0.01566238580336427,857.0690629292159,1788.64445606821
2-39945-C-19.wav,thunderstorm,-258.39633,225.64294,12.779367,-21.409918,11.904407,13.098343,6.013013,4.9363537,-0.6583858,-7.1124253,0.30861628,6.75385,0.51199657,59.108044,18.62548,33.87938,14.219992,11.864487,9.063644,7.9934716,6.4800954,4.6587005,5.4538736,5.017253,4.726044,5.2447844,0.10141687,0.02609075913573086,863.9877475155072,1174.0456664252958
2-42101-A-43.wav,car_horn,-201.35774,204.31323,-19.367851,27.090578,0.3891824,18.1247,6.0253654,-0.17969713,10.7012,0.13524938,8.434512,0.3291606,0.62005997,24.03703,6.9759054,7.974227,5.8067393,6.6195536,4.8935013,4.982824,5.4678745,4.6926794,4.3961415,5.0504494,5.0655937,5.339638,0.14093854,0.019337523564385152,1181.0688657060134,1861.7227614269673
2-43802-A-42.wav,siren,-135.53326,181.03676,-59.149223,27.265385,-34.173313,19.453672,6.982044,17.270723,4.272223,9.890413,2.0566983,5.783584,8.951557,18.031567,7.403524,14.834244,7.0737753,7.907198,5.9526067,6.4775476,6.1254706,5.8186784,5.902533,5.789281,5.9571295,5.8675847,0.19893046,0.046175998767401395,1847.8137967237224,2304.2098003238957
2-43806-A-42.wav,siren,-271.1395,144.40765,-25.27815,21.176218,-1.4499243,1.3801295,32.36821,14.5321865,0.6159773,5.066721,0.85724473,4.7349396,15.10441,80.22645,46.53066,11.045876,11.227923,8.701174,13.576738,17.064154,14.225124,15.47962,15.576548,14.141472,13.968132,13.7313385,0.14947379,0.054067801986658934,1630.1373836299172,1841.8839006154326
2-54086-A-43.wav,car_horn,-467.63828,-1.3755237,-19.809496,20.332897,7.175556,3.3093727,-20.039207,8.146122,9.872965,5.5718374,-12.34158,6.1318417,3.0016174,149.4758,15.002731,34.70824,23.50095,12.79466,7.234147,27.176634,8.485261,11.261596,8.069469,15.982846,7.778436,5.7400513,0.06192832,0.0420884842662413,2475.528464055357,2461.8380718440544
2-70052-A-42.wav,siren,-140.16557,153.31036,-103.70142,-20.894474,-28.38443,-11.308689,3.0581663,13.582948,21.150017,-1.5125728,-14.251557,-6.278368,-3.6849043,32.85109,9.450393,8.897035,8.603988,6.174412,10.679482,11.048578,11.866748,13.69267,10.558958,10.286821,7.4123287,7.760028,0.40076527,0.05641064566415313,1979.648516362595,1728.9453702144451
2-70052-B-42.wav,siren,-238.5031,115.42464,-71.30919,-18.73184,-17.358238,-3.2749722,0.94564867,13.153966,12.394624,2.0788758,-7.8602343,-2.5504448,0.32473028,147.19304,64.119865,40.631657,11.412829,11.271349,8.373157,8.922558,13.596778,13.409707,10.16988,8.767462,7.363297,7.070582,0.2184778,0.04575682460846868,1627.7891019623503,1515.8061622916748
2-70936-A-42.wav,siren,-308.1522,55.158905,-87.18031,-29.110388,-53.730034,-41.64522,-22.501268,-11.58809,23.942814,33.93444,18.113466,-7.869611,-4.796738,31.110758,17.98424,14.685547,14.468086,16.135914,11.738627,23.696583,32.4004,25.255638,15.753139,23.334158,29.552029,27.32,0.3505164,0.05362710266821346,1860.8433429760678,1734.9317423383734
2-70938-A-42.wav,siren,-337.91794,66.00565,-74.43168,-14.92695,-10.583002,-28.047106,-15.089609,-24.84235,-21.944437,-15.204319,-9.840875,2.2741199,4.456439,128.66391,46.484566,63.975975,13.822858,10.573418,27.295841,14.364359,20.589195,15.056039,13.535592,14.13142,13.437041,10.666737,0.15321192,0.04857548760150812,2014.0579030848785,1775.4638768312557
2-70939-A-42.wav,siren,-218.10619,74.98802,-165.57573,-57.90052,-67.66664,-52.521957,-8.090041,24.0428,48.619797,16.352142,-1.2852372,-3.3769696,3.8643472,29.395004,13.802946,16.683197,6.9707355,5.9548903,8.96708,15.4872,19.701624,12.51691,15.954071,18.39868,14.371697,14.887687,0.41957054,0.05402815037703016,2101.4060181442155,1619.9688561510288
2-72688-A-42.wav,siren,-235.71802,189.83731,-33.31111,-4.915684,26.30451,-14.304203,-18.409332,-12.137155,-15.419453,-5.776871,5.094916,0.7900586,-2.0457306,32.4989,14.630871,30.407337,11.413766,7.535369,14.478123,7.3276134,6.369416,8.228501,5.473146,5.699691,5.7871237,5.4997783,0.20405947,0.028211553799303943,1131.353145244805,1274.6045958646148
2-72970-A-10.wav,rain,-122.704185,104.48148,-75.53139,53.524117,-47.916378,38.203648,-20.523632,26.911196,-21.492527,16.931627,-12.679422,12.81027,-8.747862,21.032703,9.397799,11.191804,6.645226,6.3399987,5.7378435,4.929636,4.8732376,4.9084573,4.5005884,4.1476126,4.4534483,4.032191,0.06683108,0.1780549865864269,4750.462777279608,3663.053435482933
2-73027-A-10.wav,rain,-82.1845,95.70702,-46.195274,49.83727,-54.10809,44.34949,-45.278305,29.067768,-29.378883,11.9840145,-12.596777,6.2206883,-7.279652,12.258923,6.9009085,5.170639,5.271552,4.5643916,4.4079127,4.5212874,4.317566,4.4853654,3.9557016,3.7348113,4.2783546,4.5443206,0.09487798,0.24109311557424595,6015.976855292888,4477.540086205002
2-73260-A-10.wav,rain,-235.48764,121.79891,5.344417,25.273329,-15.288648,31.893385,-13.626646,17.421114,-9.575561,14.94137,-11.759016,13.9637575,-9.589701,48.03018,21.326393,12.988863,13.827644,9.673051,10.302802,8.352643,8.470626,6.7678075,6.7972107,5.868969,6.02701,5.703113,0.03538184,0.06768643053944315,4366.209199532868,5146.856993352228
2-78651-A-44.wav,engine,-224.58153,141.65027,-40.328876,40.099567,2.4843376,31.564438,11.896305,31.914652,1.2129598,-1.1174033,-11.327227,6.7179937,10.858364,73.65614,14.1809,5.6212106,4.6266594,11.773521,5.5874186,4.9390607,5.3295527,7.762852,4.242287,5.6306386,6.131096,4.818797,0.06268255,0.0493096088312065,2653.1014676018763,3277.556880764873
2-81731-A-10.wav,rain,-264.0636,49.88796,-50.666145,30.957672,-45.034454,14.813932,-30.112364,15.191774,-26.242437,3.6853802,-18.565048,1.3055437,-13.664978,43.823433,35.90658,22.892864,15.441033,14.539735,12.887887,12.162406,9.601923,8.807993,7.588132,7.4964786,6.8225517,7.2516317,0.018291157,0.2578997335411833,6740.2082739524585,4511.6466188674885
2-82367-A-10.wav,rain,-191.47269,97.28814,-25.762983,54.133297,-41.88781,40.09732,-29.158928,23.254505,-15.765546,12.610449,-13.294872,8.689098,-6.1260448,21.518131,19.619326,14.4592,11.727733,9.705293,8.9398155,9.060814,8.06199,7.5203905,6.033802,6.013389,4.949226,4.9870877,0.032187324,0.19043988362819025,5652.017068866404,4534.333114564831
2-87781-A-10.wav,rain,-172.48575,130.11957,-48.938786,45.853294,-14.799222,40.398293,-7.1022444,21.957312,7.6227093,4.560044,12.948943,-1.362223,15.050378,15.198701,12.564524,8.342332,6.136895,5.658025,5.745058,6.719147,6.4057026,7.731748,6.8582907,6.69402,5.2579784,5.369589,0.10055693,0.04744031866299304,3025.4666980461593,3475.8035100370853
2-99795-A-32.wav,keyboard_typing,-308.52014,75.4348,-64.165794,23.415699,-19.791107,19.300758,-41.792046,13.708044,-9.774373,-1.796183,-7.346228,10.53237,-11.417632,110.34846,20.233648,19.89072,10.523837,13.145546,8.690933,15.320283,9.086039,9.618289,11.007337,10.135899,7.6614375,9.220641,0.023460906,0.15599736260150812,5098.136912792422,4024.2462274550553
2-99796-A-32.wav,keyboard_typing,-429.21817,55.14207,-11.084538,40.85896,-32.44945,30.327831,-18.813135,23.349817,-15.002339,12.725938,-9.749507,11.008497,-10.278977,99.378815,23.853582,17.8977,11.535465,15.645641,9.42458,12.378521,8.456481,10.580474,6.3509035,7.913721,6.297598,9.082665,0.006899847,0.20101893307714616,6903.0622609829215,4717.350917338093
3-103050-A-19.wav,thunderstorm,-480.08527,140.09471,82.25121,54.95542,29.75575,21.137486,14.94388,9.434683,5.6387587,4.090543,3.2161024,0.44406885,0.2940448,21.570885,25.545584,12.427832,5.6403947,5.313827,4.632296,4.798393,4.1074123,4.0187144,4.1255407,3.6575344,3.9527717,4.0188007,0.036418423,0.009969547563805104,1173.0143674736967,3174.8642093684975
3-103051-A-19.wav,thunderstorm,-485.67935,139.86665,61.565834,37.975063,5.651084,9.238667,4.3582487,11.176735,2.5400555,7.2205048,0.7904448,6.1661906,-0.41215122,38.852127,44.52498,21.901693,5.104549,10.889176,9.899981,6.025888,4.4093037,4.7487435,5.0525465,4.344644,4.064013,4.0233097,0.014028967,0.0139652969112529,2112.751535267012,4072.4447546556944
3-103051-B-19.wav,thunderstorm,-495.3727,121.3635,51.10738,41.129192,18.265287,14.84883,9.203179,7.4948983,3.3678238,6.389217,4.5319853,4.4259124,-0.31109634,46.50502,54.777424,30.45314,8.259282,7.52246,9.21637,6.488431,4.3888965,3.8485472,3.8760056,4.137598,4.312203,4.2226663,0.01994205,0.011351689385150812,2617.0526362615265,4288.656853627252
3-103051-C-19.wav,thunderstorm,-434.80212,182.17477,64.93703,22.707655,-0.7694166,6.492893,8.271874,4.331407,-0.4846163,2.9754353,4.276953,2.737145,-2.045897,23.00167,23.28165,9.655093,6.8358364,8.638457,8.864644,4.6033096,4.57545,4.174545,4.1689076,4.421226,3.8446546,3.8136294,0.026076147,0.015256806482018562,1237.8675130132758,3003.8813206508157
3-115382-A-44.wav,engine,-172.84102,163.78267,-7.9852834,74.576096,23.931067,29.951553,9.117422,-11.465921,-7.07055,6.3421164,15.269658,-5.4428463,2.6246629,79.78213,27.997215,21.005932,14.710501,16.252605,9.06125,8.228891,6.4254804,6.023365,6.898378,6.1703844,5.68411,6.4143987,0.32461432,0.012756489269141531,1215.659129308559,2233.598050568246
3-117504-A-16.wav,wind,-256.5367,198.22762,-35.414494,25.787663,-33.51413,15.520144,-13.715918,0.9042929,-3.6564581,-2.8585117,-6.701027,7.630621,1.4248123,4.649008,4.85693,3.9853022,4.080421,3.9908955,3.5967464,3.7299988,3.64551,3.4804602,3.6853638,3.4040356,3.4190404,3.4168088,0.048927102,0.032587958599187936,1621.2599233821454,2331.5222288160558
3-117504-B-16.wav,wind,-284.7232,206.66425,-32.267944,23.458393,-31.70773,15.015227,-15.746054,0.96796924,-8.056061,-3.9695392,-9.6199465,7.7341843,-0.6051174,12.344912,5.289307,6.7058325,4.482958,5.196252,4.060686,3.5264132,3.4105132,3.6766675,3.4814062,3.3489614,3.3773334,3.5546138,0.039594717,0.03156381416763341,1504.6229351361594,2214.550749986301
3-119455-A-44.wav,engine,-146.04814,113.71783,-18.121565,49.68889,-28.766062,10.182266,-12.489378,18.932787,-2.8673024,16.937592,-10.014421,12.168474,1.6728864,16.811197,12.557484,9.914328,7.834257,6.462704,5.7605166,5.1960034,4.4029245,4.9686284,5.2483306,4.737335,5.0694313,6.2806315,0.08814983,0.0792941560324826,3839.296956607526,4184.83143805645
3-123224-A-19.wav,thunderstorm,-295.66687,196.74345,11.368741,23.447834,-10.978834,3.2955432,8.281813,4.609504,1.1656549,0.41314882,1.958534,-0.44794777,5.3552265,41.005764,41.750694,18.336866,7.781905,5.9138584,5.383516,4.707999,5.86222,4.7210555,4.208405,4.009838,4.196664,4.1441402,0.07121824,0.028972864704176333,1368.257016261818,2118.281420972458
3-124600-A-19.wav,thunderstorm,-378.40836,141.00143,30.709518,25.752485,29.155005,13.87389,13.069342,12.522929,10.637393,10.386721,7.489709,5.8339276,5.5997815,28.88073,33.39139,19.727345,10.533277,7.4883676,6.0333,6.0815754,5.4972515,4.7784443,4.289245,3.9638774,4.2791276,4.243906,0.075117365,0.01637045026102088,1112.314428596106,2088.3448278795454
3-125548-A-32.wav,keyboard_typing,-456.76117,137.62622,-83.75062,18.188686,-28.093952,14.653638,-1.3053294,-1.2350533,0.00189386,11.418506,13.296261,0.9028092,-9.1434,73.05951,17.875301,27.702232,14.691703,17.308702,11.4439,11.385336,9.341014,7.413513,7.3860745,7.2763925,6.9061284,7.087752,0.005215531,0.0871043902262181,3155.561360134231,2963.456863867314
3-128160-A-44.wav,engine,-292.17572,164.26146,-84.68736,48.43453,-42.461483,28.045652,-2.175209,17.863327,0.261897,15.952763,-12.020356,0.0934273,-2.5529444,14.891024,8.594226,5.526249,5.896321,4.8882203,4.808746,4.4944353,5.412569,4.6013823,5.3028517,4.493476,4.05059,8.5000725,0.018481357,0.08550473100348027,2943.3634789247403,2780.4313079707845
3-132830-A-32.wav,keyboard_typing,-555.8032,133.53114,-53.246334,27.141144,-5.431296,1.9659235,3.2859228,18.97505,-4.7208037,14.181726,0.37194112,6.56118,-3.7232974,74.82065,19.142159,38.288685,10.739034,11.665707,12.583738,8.955686,9.182339,7.228228,6.758495,6.0449114,7.321081,6.053927,0.0021253563,0.06867318916763342,3247.716709109504,3480.9660063027427
3-132852-A-10.wav,rain,-210.46965,180.95064,-31.464128,17.252317,12.334599,16.391703,-1.4543504,8.770373,4.706846,5.920629,8.757511,8.209842,7.6266418,24.190973,6.5945506,8.980796,5.6658387,5.823549,4.465622,5.5888524,4.402489,5.108558,4.020297,4.4202538,4.501801,4.4516015,0.1778055,0.010841882975638052,1234.7957707362025,2136.6454709736427
3-134699-A-16.wav,wind,-277.83493,149.32779,21.589445,37.671707,2.2139733,17.312576,-1.9395269,13.013102,-3.9101775,10.064564,2.1295764,2.0779734,2.7629843,48.140347,11.652251,10.381711,9.166888,7.1163836,6.469238,6.5627003,5.3683305,6.667761,6.095659,4.725207,5.4172244,4.0134096,0.06914818,0.02028916219547564,1822.520911084878,3339.7070399113463
3-134699-B-16.wav,wind,-226.64305,147.70535,23.79563,32.60417,7.1077933,14.438801,0.7892892,9.116034,1.5142838,7.077579,3.6298356,3.4094996,4.216419,26.158386,8.456341,6.725753,6.5638866,6.4324894,5.920621,5.7709966,4.9881577,4.413579,5.00634,4.044789,4.3071523,4.387219,0.1513403,0.01394603755800464,1577.299733892389,3093.2447216261453
3-134699-C-16.wav,wind,-192.6105,142.94664,15.379296,46.522198,4.4848337,14.588675,3.8806028,12.90227,-5.584606,12.172404,5.417768,-0.8228233,3.8151596,19.511667,11.842283,9.57729,10.748092,6.3251996,8.364038,7.995705,6.2709703,8.526678,5.6778355,6.825281,7.6493926,5.3254123,0.19290978,0.02505755147911833,1810.141486251356,3164.9091539218985
3-136608-A-16.wav,wind,-111.94699,157.32347,-8.232304,14.061734,-20.83602,4.7200365,-17.45091,12.245019,-14.6513815,8.63782,-10.170165,11.684668,-9.626619,15.401805,10.117538,7.8590226,7.3306274,4.567072,3.9485834,4.026988,3.808981,3.8333592,4.010075,4.024434,3.9469101,3.9248874,0.12139925,0.050559200986078884,2703.252493356413,3934.1446636646206
3-140774-A-10.wav,rain,-207.84459,222.6813,-38.024406,33.03277,-4.6250324,8.643815,0.727012,0.8239028,-10.475436,-3.00353,-7.260888,0.3180955,-1.2787,32.01806,11.643567,9.389429,6.178278,5.8135056,4.68071,5.429561,4.367699,5.009327,4.3082404,4.324663,3.975031,4.0848436,0.096734494,0.029367114994199535,1307.2388387598062,1848.5717165593248
3-141240-A-44.wav,engine,-271.8135,100.24467,-11.74932,47.110542,-5.2642736,28.7004,-2.0711899,9.350917,10.899804,10.922472,8.820366,15.626759,1.7787818,116.70712,14.251295,27.794064,7.1380444,14.901811,7.455126,12.050402,6.0816145,9.403359,5.384665,8.024345,4.6682773,5.6657753,0.07093497,0.05604358504930394,3446.7512716478227,3960.1678323777105
3-141240-B-44.wav,engine,-338.70114,106.75855,-18.05645,56.05995,-12.14638,39.293316,-8.8585205,19.651583,5.045462,19.206697,6.437722,21.544834,2.0054393,44.656296,10.185354,17.701487,5.9836235,8.239355,6.057707,5.0194554,4.819289,5.950186,5.404859,4.783933,4.670503,4.7536335,0.021688,0.04671979227088167,3554.431369766509,4122.178392110389
3-142005-A-10.wav,rain,-101.298904,117.64003,-29.76912,44.783325,-47.089424,24.856009,-21.12811,22.394255,-19.045176,15.911562,-14.55392,5.6730776,-4.6384196,54.434277,10.099147,9.541591,6.771403,7.817253,6.5586777,6.6154995,5.583693,5.762674,4.602956,5.6186833,4.2795215,4.674479,0.09715727,0.12156503770301624,4425.21015506385,4292.432622365069
3-142006-A-10.wav,rain,-100.56491,134.21318,-45.20327,48.56568,-64.811264,32.85545,-32.913723,29.387148,-29.315273,22.66606,-21.975418,10.244768,-8.201583,12.040419,7.8358974,6.2869925,6.0732307,5.703855,5.3659177,4.9573026,4.83927,4.347093,4.599455,4.2182727,4.2413325,4.4534845,0.09261537,0.1259788283062645,4418.699107433913,4298.612946803702
3-143929-A-10.wav,rain,-188.00462,146.99126,-7.3662133,70.76254,7.960912,28.983595,1.8665724,23.07452,3.0240786,12.095472,-0.489372,3.2665982,3.4913945,16.41562,12.597562,7.6459765,5.9943404,6.586826,6.1534066,5.102369,4.962929,4.436578,4.5049644,4.15422,4.171585,4.2457705,0.18440898,0.016134806409512762,1733.9352010461137,2976.8346112224235
3-144106-A-32.wav,keyboard_typing,-231.10376,81.15248,-44.66115,34.23742,-10.019133,27.617315,-21.671766,24.476206,-17.41389,10.364841,-14.728178,5.795612,-12.253062,106.85378,27.019382,27.924692,12.2176075,12.1259575,6.9200125,12.512381,10.210099,8.625861,7.8215847,7.033859,6.337412,7.048267,0.044914156,0.15325007250580047,5116.614961584377,4373.609585590175
3-144120-A-32.wav,keyboard_typing,-467.36786,134.08153,-3.0392325,29.014265,-4.3409147,24.883652,-10.61532,15.160768,1.35494,9.687911,-0.64012796,10.335062,1.7732282,67.33227,12.076758,32.34805,11.030423,8.446397,6.8198223,9.485267,6.334292,5.2876086,6.912098,6.0453663,4.667968,5.090201,0.0060473694,0.044875425971577725,2988.360874883571,4099.375185899634
3-144827-A-11.wav,sea_waves,-103.03278,169.02065,-67.846535,30.204763,-57.09937,17.40963,-27.153534,7.887437,-26.551807,-0.1632509,-17.460527,0.8024106,-3.8766031,23.736668,6.9954257,9.882171,5.0945644,7.6839595,4.4074874,5.053014,4.2889194,4.800335,4.2266803,5.0099583,3.9550786,4.507795,0.13653046,0.06803423180104408,2636.668265367178,2929.5305861793954
3-144827-B-11.wav,sea_waves,-120.48846,167.84035,-49.27118,24.780909,-61.64596,12.146033,-21.403494,4.198356,-26.60429,-4.1245,-16.95791,-3.5999405,-6.0660777,37.36983,7.2759733,12.186766,6.8571,9.071905,8.026973,5.3082037,3.9810584,6.2601156,3.778318,4.688303,4.658855,4.0899897,0.13248962,0.05801823520881671,2491.88022292255,2984.814637118094
3-144891-A-19.wav,thunderstorm,-299.42017,194.01157,27.764442,7.9591794,-1.5456376,17.989155,-4.7084618,1.6323043,-0.0013862132,-4.311071,0.0876444,-3.934866,-2.1019719,34.652763,32.408794,10.697682,9.593616,6.3371863,6.033581,5.3029304,5.644043,5.0616245,4.7278843,4.4755225,4.0004106,4.244083,0.0670219,0.021449255002900233,1276.9320892114288,2337.669254534869
3-144891-B-19.wav,thunderstorm,-265.27838,202.36731,-4.0341578,-9.278638,8.748617,12.902199,-2.1268358,-1.8120112,0.11991893,-3.773799,0.7861043,-2.6302726,-2.6321135,78.08005,46.27904,25.00574,10.61301,6.3646445,6.1782265,4.9285254,5.1020617,5.3947206,4.249568,4.51698,4.48193,4.0880527,0.08778736,0.03566605640951276,1506.6622296645837,2113.1262745778527
3-145577-A-43.wav,car_horn,-460.30792,12.532886,3.6863852,8.017719,3.4400678,5.564177,-1.7519511,4.5709276,1.5379015,4.0083237,-2.2528126,1.7230465,0.064072184,143.56313,33.98914,8.715614,18.722218,7.61868,12.089361,7.325084,9.96297,5.2335443,9.252771,6.9771557,4.0439763,4.1806664,0.04322376,0.016263957366589327,860.500563496601,967.770130764086
3-146186-A-44.wav,engine,-186.01723,113.01409,2.6353638,50.866516,-8.833384,34.3286,10.829572,26.12562,20.444239,30.74337,-0.84304947,14.8542185,12.404817,22.096886,9.419436,6.1133647,5.994936,6.132769,5.5823817,6.6149845,5.2100534,5.38381,6.8418517,6.008327,5.005822,5.2918396,0.21948574,0.015654455481438515,2401.274774810219,3910.1059990420017
3-146697-A-43.wav,car_horn,-366.77005,154.61673,30.33294,17.302774,-1.0164058,22.010523,7.454669,19.962027,2.8017824,16.470236,4.0192184,11.721849,-2.2003698,48.459778,11.994403,10.960982,7.388494,5.829024,4.596182,10.721441,4.7574778,5.130631,4.351378,5.808182,4.394879,4.1139383,0.046934363,0.010630030089907193,1458.3967202127146,3292.965943501398
3-153057-A-43.wav,car_horn,-513.69104,24.628778,-0.85266024,5.5565405,2.4297962,6.8692303,1.6723156,4.124,2.366524,0.64023626,1.4979185,1.8810785,1.2355201,126.74436,52.398163,7.788648,13.587577,8.4652,15.187022,4.9845333,9.156099,5.234452,2.8806512,3.4868548,4.1267376,3.2264924,0.02970493,0.00665920461136891,319.2710557923783,489.01808138388253
3-153444-A-32.wav,keyboard_typing,-523.8083,69.53585,-40.162056,17.95396,-39.017918,47.44922,-23.521942,18.555565,-12.592846,17.269382,-1.0332267,11.877994,-3.61505,81.07703,17.2602,24.194693,13.049211,17.923054,13.999379,11.082993,9.60325,7.8628073,6.6470275,7.85,7.2101,8.271133,0.002282718,0.24456546367459397,6303.6936888027785,4596.941068014131
3-154758-A-44.wav,engine,-223.21864,142.5652,-30.8378,30.166433,-34.56151,30.251333,-21.90532,19.388094,-18.136486,7.3412485,-21.250135,0.3789762,-6.649183,13.492753,10.002875,9.511409,6.0443487,6.210628,5.6970596,4.716576,4.1787815,4.3087187,4.3582306,4.1141734,4.472197,4.7273235,0.031043049,0.07574363761600927,3403.200008645371,3955.509247864218
3-154781-A-32.wav,keyboard_typing,-511.6461,131.75574,-33.83443,39.10703,-3.7977293,19.9873,-13.405199,14.360232,-4.8245993,8.01753,-9.17395,13.70799,-9.415351,77.7079,17.994316,34.527863,11.177018,11.37878,8.043138,11.511712,6.681393,8.5501995,8.593302,6.1381073,7.604771,6.8689756,0.0027038287,0.05675731402262181,3157.2485546009234,3673.518304355075
3-155130-A-43.wav,car_horn,-304.89944,125.6577,18.226223,17.220451,-1.2299731,13.316618,-4.8679323,18.34738,-3.284109,12.736595,-7.1980257,8.2613945,-5.9357915,58.716278,28.253813,12.653167,12.179873,9.169461,4.179493,18.120365,4.7263136,5.801479,5.6682053,10.983915,6.1056213,4.8460917,0.03269759,0.050563732598607886,3339.0857945479925,4696.775552646159
3-155234-A-43.wav,car_horn,-287.24734,196.88406,-23.432884,35.577904,-2.8031356,25.830685,-8.527105,13.343467,1.3469626,6.866735,3.5733457,7.0015063,1.817116,13.9529085,8.691061,12.317716,6.349938,6.560314,5.4932323,4.8291526,5.0404553,5.031406,4.887821,4.2973595,3.981595,4.17954,0.046850823,0.026500870069605567,1399.029160164034,2299.2511608615246
3-155568-A-32.wav,keyboard_typing,-506.8387,105.16941,-45.507797,27.915821,0.0426429,26.9434,0.5119843,16.62068,2.126585,15.086017,8.310537,5.9983125,1.7668253,162.43774,48.874268,28.065062,15.99064,12.16764,14.500706,14.069591,10.202953,7.097489,8.583994,6.8842893,7.467966,5.8400373,0.005549102,0.041285255945475635,2587.482672805344,2848.5498336672767
3-155570-A-32.wav,keyboard_typing,-478.3436,101.78176,23.21108,29.303226,-1.6507298,33.268467,18.756817,30.5566,7.7630353,18.419512,10.678802,8.616703,6.4334364,108.38299,16.708323,18.685663,14.472182,13.255314,14.821579,11.091852,13.990502,9.259583,6.694582,9.241448,5.691714,7.239407,0.014334796,0.02293109229988399,2845.145873920064,4160.770727187822
3-155642-A-11.wav,sea_waves,-128.56056,172.61902,-17.397127,44.189495,-39.31595,27.856117,-19.031366,15.8849945,-19.242975,15.086496,-16.5353,3.7121897,-7.460571,22.750626,7.075545,9.795626,6.383405,5.5606046,4.7755966,6.9382114,4.6669574,4.832208,4.3043585,4.8629103,4.259068,4.2455664,0.13212398,0.04340151899651972,2353.9893941793753,3391.242594912131
3-155642-B-11.wav,sea_waves,-113.66074,166.99492,-18.272161,46.175003,-40.184853,29.302942,-20.599646,17.277481,-20.087893,13.410758,-14.346365,3.980811,-7.773774,29.949448,9.40465,10.066787,6.5294337,5.1477094,5.4566135,7.1884995,5.086767,5.2752733,3.7935264,4.4861846,4.254779,4.1687193,0.14361157,0.05027144359048724,2583.1234026154334,3535.057187374866
3-157149-A-10.wav,rain,-121.3303,71.58097,-94.52432,52.975384,-78.496765,30.617804,-69.867516,15.204937,-49.13529,7.839908,-33.236404,-3.3292577,-20.758709,7.3001966,7.301866,6.645471,6.188186,5.7456923,5.2330766,4.688368,4.6941943,4.3561387,3.81667,4.4140153,4.1612167,3.997593,0.07641448,0.2634702182424594,6183.351948372277,4085.71715724729
3-157487-A-10.wav,rain,-172.00627,137.85936,-24.674553,30.888771,-13.020078,42.843822,-14.644184,24.562704,-3.0742552,12.26078,-2.899917,9.630535,-2.4924464,15.267012,16.222904,11.514615,8.12903,7.28263,7.042095,6.930862,5.127792,5.3308487,4.555397,4.8482885,4.7437344,4.732328,0.069988854,0.05265393887761021,3205.3356983581043,3984.7100231325
3-157615-A-10.wav,rain,-114.56968,48.08622,-65.49396,42.294395,-53.358685,27.942326,-39.03123,19.541319,-33.736347,13.074338,-26.153208,13.90139,-24.014206,7.9790916,7.5411267,6.930257,5.89,5.3867555,5.57901,5.2914066,5.0205092,5.131418,4.792525,4.8983912,4.324485,4.3046474,0.06597576,0.27865678473027844,6696.639693357242,4223.292853896591
3-161010-A-43.wav,car_horn,-239.59117,166.7964,-63.22531,76.78936,-25.043993,24.725004,9.89126,1.5718578,16.446823,-7.8084397,8.654894,3.6768575,1.4736631,12.216712,5.943884,7.4345355,6.463489,4.6918855,4.0790067,4.2215185,4.0499573,4.0764694,4.2654214,3.811403,3.9775271,3.971537,0.042541582,0.06646176225348027,2731.953674993671,2866.233013937508
3-164120-A-11.wav,sea_waves,-116.945076,140.49532,-60.919464,55.628635,-43.418766,34.400337,-17.864084,7.7028556,-5.672497,13.265781,-10.826141,5.7450566,0.14022699,57.231995,8.7161875,8.073513,6.7511616,10.078757,8.487724,9.027143,4.45652,7.375618,4.9506106,6.4618006,4.1682925,5.0641274,0.0950726,0.11691107163573086,3646.16799629578,3368.3916780732934
3-164630-A-11.wav,sea_waves,-87.54677,120.426994,-41.2786,23.026049,-29.446749,21.96667,-30.676365,22.80056,-21.083632,7.7930293,-14.7149,5.926529,-7.294059,26.05349,14.562034,10.105832,8.750096,8.101382,7.3968973,6.962106,7.223428,6.457671,6.20202,6.117832,5.861301,5.277077,0.097212814,0.10962650449535963,4180.991942396722,4230.798169996032
3-166422-A-11.wav,sea_waves,-83.01528,120.54465,-56.02228,26.698566,-26.885538,14.338534,-24.805317,22.732601,-19.79448,3.7622075,-14.67156,7.1661882,-12.045439,38.974056,41.35151,26.331266,15.648128,13.172921,9.440768,13.294094,9.557003,10.610357,5.6044283,8.465412,4.7315016,6.9926686,0.11909547,0.13613530488689096,4308.162337435896,4038.510417213765
3-174840-A-43.wav,car_horn,-511.20905,25.524044,-25.119406,11.124735,11.370003,-5.528236,-12.715007,3.566672,-6.456908,-13.470005,-3.756337,2.8777938,-13.685839,133.87695,27.781887,36.192196,19.737284,13.84081,10.786123,16.258049,6.6836305,10.816791,13.753194,7.129536,5.8723454,13.506616,0.04353312,0.08793367531902552,2481.0017443146153,2262.560522058007
3-187710-A-11.wav,sea_waves,-359.9926,76.352974,-19.966848,21.361523,-8.204952,19.856394,-13.269882,9.566059,-9.728813,5.4077306,-2.9337585,4.1171584,0.5792949,225.81316,56.417183,32.26591,16.473825,18.130135,16.037117,17.619905,8.890415,13.781875,5.5072765,7.1058903,5.063797,4.7510815,0.038611967,0.07413264936194895,3234.9131806036285,3505.470006103768
3-243726-A-43.wav,car_horn,-336.82068,165.77393,-39.164692,33.372726,-21.452255,21.422432,-10.972738,7.357789,-11.694193,8.670039,-9.573289,2.2171667,-11.6249075,20.464766,11.773185,10.792065,8.033248,6.5601134,6.110138,6.2725477,6.1218734,5.193578,6.002808,6.1873794,5.7380414,5.0790153,0.014188443,0.055244888341067284,2430.3428307477243,3056.4875009809157
3-246513-A-16.wav,wind,-213.21602,200.53453,26.114391,10.338976,1.7955449,-9.4658575,-5.4998827,-7.6373363,-2.387819,1.8063519,8.159375,14.220687,12.572746,21.144041,7.54187,9.254646,4.9408317,7.9981127,5.605896,4.776152,4.7773466,4.4676576,4.221036,5.4634805,4.548147,3.9567797,0.35174528,0.0098641875725058,658.7412012086673,1401.50304672598
3-246513-B-16.wav,wind,-254.56706,187.44272,30.337154,7.489867,5.8025312,-12.819299,-12.163211,-10.904005,-10.437845,-5.0024285,1.505705,7.652006,7.56734,11.099978,5.662844,6.2254252,4.578046,6.3079348,6.328704,5.4540887,5.868006,4.582379,4.5618505,4.5521007,4.5746202,3.8434272,0.13512814,0.019542579031322505,857.1658976295279,1571.9867073071644
3-259622-A-44.wav,engine,-77.3432,79.851944,-87.815636,65.63326,-68.15547,45.238274,-50.336742,31.43979,-48.747856,13.742651,-21.560684,-2.2937796,-12.236188,14.244254,10.232047,8.611288,6.7044315,6.107377,5.65322,5.145823,5.578296,5.524434,5.094285,4.1000957,4.966263,4.589963,0.13401791,0.2215856565400232,6406.686266616939,4124.828926560648
3-51376-A-42.wav,siren,-231.513,204.79292,-26.823801,-26.783983,16.126347,-1.9820601,-8.930302,-2.6616447,-11.906202,-12.954214,-4.608404,-3.0490396,1.2733591,15.3782015,6.5977397,12.152386,6.254329,5.9994674,6.3331747,5.1434407,6.0738783,6.9185867,7.1761184,7.633087,9.030639,6.813472,0.21192263,0.030680149724477957,1169.137715313426,1464.375083409118
3-51731-A-42.wav,siren,-257.40698,206.7814,-44.00019,19.37355,6.6334596,13.346643,14.774077,3.1844795,12.245441,4.6831517,-1.0835655,1.16211,0.6236309,10.616324,6.7425303,9.869006,7.269943,6.0415125,6.8253207,4.498455,6.70514,5.337958,4.5605907,5.323875,4.1448727,4.020948,0.07079077,0.037375607236078884,1409.101830742113,1824.9780129338203
3-51731-B-42.wav,siren,-162.58157,176.05344,-68.96783,21.841816,-6.2029557,6.327791,6.5596614,-5.2341423,5.7526727,-2.5094557,-10.168317,-6.518283,-0.40449882,50.578712,17.491589,10.026044,17.350626,9.841947,11.686013,9.686731,8.738307,5.0408125,4.9722395,5.6793985,5.104206,5.9368825,0.18282896,0.06343577798723898,1972.5008117909535,1914.3450895739632
3-51909-A-42.wav,siren,-226.30336,235.8587,-6.8343706,-9.399651,30.450977,-2.5459378,-5.6310935,7.270765,-4.386091,-3.4237914,5.6728325,1.9229783,1.1530973,9.089085,7.0756917,7.3095717,13.535406,6.45967,7.5174084,6.301122,5.705853,6.076256,5.818718,4.632741,5.4026103,6.392892,0.25700486,0.030283633628190254,865.3222612750866,942.2834868790123
3-51909-B-42.wav,siren,-132.62178,137.42413,-40.865852,8.923868,-1.6693656,-1.694268,-10.758494,-5.7250853,-8.760336,-12.574765,-15.313819,-9.807237,-7.501136,20.407084,33.495983,9.65348,11.912174,8.592525,7.488362,6.2158093,6.6056776,6.513278,6.5994635,7.651961,5.4288225,5.9533978,0.61913764,0.02468822505800464,1570.6354150828593,2388.4251616059328
3-58772-A-42.wav,siren,-212.1787,187.50008,-58.73097,19.884535,9.787814,-29.178347,-4.4083486,-16.358015,-18.38626,-1.3714516,7.054296,9.898689,-2.5196643,18.656841,12.965057,16.717522,11.341819,6.328048,7.6404514,7.9054265,5.1102858,6.5121055,5.668158,6.61179,6.1857634,10.720412,0.2009167,0.038761147766821345,1512.341783099483,1669.1180271739674
3-62878-A-42.wav,siren,-286.82172,80.628876,-47.929695,-18.653255,-16.343636,-14.713082,-2.1238678,12.306591,12.9046755,4.904586,2.9590669,5.8410845,6.55803,32.87523,20.326094,12.160708,12.785689,10.521324,16.679054,20.499626,22.269567,20.605522,24.413654,22.742256,21.845152,26.109638,0.45674604,0.05143946671983759,1779.4951599340138,1618.4978256953561
3-62878-B-42.wav,siren,-389.50024,37.187878,-26.394606,-11.407149,-8.603193,-1.9721266,5.794317,12.589062,6.6649446,-2.4004123,-4.5194254,0.40368325,5.4406667,87.85629,40.82095,28.292511,13.620891,10.8937,12.266371,10.611617,14.479992,14.106641,14.761437,12.141353,12.759975,20.786327,0.20730357,0.030006072360788862,983.0082489073815,809.3574241646025
4-102871-A-42.wav,siren,-187.462,200.47104,-82.519936,10.046585,-17.971483,-1.7999798,-0.6341436,-7.250797,-7.8443503,-2.6295347,-18.713846,-10.521636,-2.3319445,8.5658,7.0974083,5.613259,6.386684,4.897511,5.790347,5.285377,5.7159586,4.690345,3.868046,5.5694284,4.569471,4.71393,0.10611444,0.06200605423433875,1881.1199692404389,1791.5638617792192
4-111671-A-42.wav,siren,-403.3513,70.83134,-63.162106,-25.625399,-37.09438,-8.820405,21.39135,32.967407,16.722082,-2.3156104,-7.014898,2.2934122,6.8491263,22.746582,13.962861,10.402815,8.324371,8.387032,15.663592,16.569435,12.445054,20.124214,22.038906,16.621521,17.757086,14.552295,0.07231468,0.0603497498549884,2352.0733580692995,2483.377003269485
4-111671-B-42.wav,siren,-301.47775,143.73518,-99.27536,-46.070087,-64.56087,-33.72363,-14.975076,8.609465,-12.832418,-2.4886034,0.42714906,14.059652,19.924925,16.44933,16.495808,7.289281,5.9809613,5.8406262,10.389427,18.488972,17.157976,16.627556,16.763624,10.39018,8.495903,8.815039,0.073510304,0.055500924448955914,1839.8028860724685,1882.737207071873
4-121532-A-42.wav,siren,-334.70135,203.5269,-8.050431,-50.254433,-11.548665,-8.67133,-15.432479,-11.83556,-11.517039,-12.757547,-10.040626,-5.6849613,-4.2346125,44.25048,18.378597,32.817116,15.232647,10.91791,12.092126,8.951198,8.701173,5.4790144,7.3368654,8.8096895,5.726624,5.352494,0.09598461,0.034912675826566125,1000.1746294650519,957.2953136850906
4-125070-A-19.wav,thunderstorm,-432.75266,176.5659,11.785398,15.407442,25.818768,2.996998,5.5694633,12.766774,1.0812321,-2.2150667,5.5744386,3.9220147,0.4850114,76.15723,56.764305,12.122147,15.121017,6.532702,4.6801605,8.825109,6.665507,4.675027,5.3886395,4.2579565,3.7013245,3.932495,0.024822673,0.021729082076566125,1379.7493307248544,2300.5411621656576
4-125071-A-19.wav,thunderstorm,-546.3762,182.18695,70.731995,16.16279,3.0760245,8.823713,15.247204,11.162062,1.9500701,-2.1836312,3.776147,6.006544,2.0557828,48.77408,51.57001,20.5818,7.933854,9.083046,4.358586,6.217754,5.132018,4.4207487,4.271055,4.2062044,4.025351,3.9434695,0.013132496,0.017799041110788862,1201.2696629812044,2296.102679788285
4-125072-A-19.wav,thunderstorm,-397.14603,199.62857,55.53767,-5.8543615,4.08289,10.700023,-0.6671158,-5.6502705,-2.680118,0.85134697,2.670251,1.1606549,-1.3693364,48.548286,35.234833,18.871586,11.378176,8.249039,5.3549647,7.280216,5.1528225,4.542751,4.556975,4.356278,4.031019,4.20584,0.03240491,0.01816157011310905,793.00473498214,1560.044859029606
4-125072-B-19.wav,thunderstorm,-299.85382,202.39987,31.140898,-2.9244485,11.467785,5.459445,-2.626586,0.5035476,0.015605793,-0.08600461,1.1922534,-2.0780673,-3.6827474,87.027794,60.705032,15.830609,11.333754,9.020281,7.6952996,6.082963,5.742348,5.3029575,4.7558236,4.9332995,4.2319264,3.9958167,0.12153429,0.021965858831206497,970.326385623059,1650.1562540300738
4-144083-A-16.wav,wind,-218.02988,225.97444,-20.498495,20.940899,-11.967253,8.710967,-0.7899638,10.595517,-9.497161,6.4431353,0.17803651,1.6422234,-3.1945722,26.304985,14.9156065,18.034464,8.787995,5.181142,6.517614,4.5282016,5.242931,5.331408,4.497398,4.3485904,4.7555137,3.8835325,0.09471314,0.027609982236078887,1205.6890250754789,1908.863511660959
4-144083-B-16.wav,wind,-300.2841,209.32463,35.246567,8.440374,-7.4349833,13.163183,1.6448988,4.8705654,-10.311657,-1.7867427,-3.691337,-0.95535356,-4.979695,15.4828,13.338151,5.018455,8.211473,7.084719,5.7035904,4.809161,4.310283,4.660497,4.622792,4.232172,4.1461463,4.138246,0.06827404,0.020184935107308583,1034.3119327433199,2265.9855017123527
4-144083-C-16.wav,wind,-283.06158,221.07404,28.901691,-1.7362857,-16.353214,8.048478,0.20187652,3.9328873,-12.0434675,-3.253315,-4.1062155,-2.0403047,-6.172939,20.567503,10.815714,11.4192505,7.65644,5.4571395,4.327884,3.9549968,4.1862607,4.8447065,4.2531595,3.758384,3.7541785,4.806353,0.085246466,0.02402547672563805,1018.5732965926372,2021.3088322444776
4-144085-A-16.wav,wind,-332.2668,200.08945,37.084015,8.363532,-17.041061,6.116911,-3.8328433,1.5998166,-12.001767,-2.7847075,-5.997268,-0.23852228,-9.379884,12.001765,10.611272,4.434346,7.64219,6.319225,4.156904,4.2251315,3.9281316,3.8860905,3.8013513,3.77049,3.7178843,3.8381479,0.056184754,0.02080010150812065,1139.6925259068662,2420.9527439597773
4-156993-A-19.wav,thunderstorm,-254.54675,164.57225,-5.199068,25.265442,-1.680171,10.069386,3.176948,3.5063128,1.990936,-1.5886109,1.7717891,-0.9926784,2.6365154,69.4562,36.812916,21.8713,9.186723,7.652556,7.9848156,6.7625446,5.457614,4.8131075,4.6295457,4.4981084,4.5722284,4.1396956,0.06696907,0.04253031648781903,1979.7742071014584,2727.404408982928
4-158653-A-32.wav,keyboard_typing,-480.61264,79.06203,-35.38622,8.431705,10.516594,10.657631,-5.043267,21.387777,7.119764,6.3106294,-3.3460543,9.081894,0.09836127,140.14284,24.077671,54.221607,13.8480625,13.728064,9.47854,12.588909,8.88247,10.374078,6.606935,7.9156756,6.509002,7.7297583,0.01093862,0.12130107127320186,4863.295226322625,4669.703585385415
4-160999-A-10.wav,rain,-89.31022,123.601364,-82.03196,42.811707,-61.377224,34.69116,-42.343018,23.085035,-25.639967,8.882071,-17.493946,1.2199203,-9.358604,57.39378,13.934691,11.405229,7.638252,9.300945,5.6543417,6.7192945,5.040936,5.647652,4.4748297,4.9882255,4.886951,4.906146,0.10900489,0.14221219728828308,4315.968365320579,3716.9069343577885
4-161127-A-10.wav,rain,-79.0368,122.29911,-61.059288,49.42088,-19.659023,33.03865,-8.468127,20.182499,-3.6861315,15.853993,-2.3652532,14.216686,-2.8549986,25.693697,5.3407974,4.9352307,4.6153226,4.086305,4.1219835,4.159006,4.4406433,4.158116,4.0052238,4.882992,3.921327,5.0050073,0.15128791,0.08498472846577726,3545.4597806864676,3517.2669339673985
4-161519-A-19.wav,thunderstorm,-378.0826,178.73329,95.01634,21.22457,-7.914118,0.29658315,15.848013,17.901253,8.70143,1.2469962,0.9818255,3.4506953,3.982288,26.748243,28.54609,10.317916,7.7238755,7.598363,4.940126,5.26209,4.0046177,4.8852153,4.654601,4.1294956,3.452999,3.1747227,0.07266802,0.008031150304524361,416.0189654198905,1069.8763786208513
4-163264-A-10.wav,rain,-136.78279,97.7094,-51.81897,42.47148,-25.47401,35.270096,-24.380398,24.815645,-8.961214,14.499964,-2.9846401,10.198629,-0.35923246,6.230224,5.571689,4.304615,4.459708,4.4930506,4.3579865,4.321126,4.333529,4.3843727,4.1168337,4.448084,4.2979245,4.3687367,0.077863246,0.12110621193445475,4553.265713051842,4135.636030651131
4-163606-A-16.wav,wind,-349.2814,169.86327,49.689545,41.847973,21.649109,6.5522413,0.8336007,-0.6554435,7.3214626,2.8196685,4.759703,-0.5760763,-13.364469,9.301291,6.6658993,4.506482,4.8127155,4.8391304,5.11544,4.50822,4.17466,4.26696,4.1669855,4.36871,4.403402,4.7282143,0.09398867,0.011570339689675174,667.4251808001068,1674.211984595731
4-163608-B-16.wav,wind,-298.48462,151.91878,18.329031,31.019495,19.95432,9.770755,13.86799,7.413898,9.214493,7.7552433,9.190362,9.289073,4.8231597,24.483753,7.233949,8.72579,7.125358,4.668775,4.3125305,3.9356768,4.2072787,4.154352,3.7027688,3.5561023,3.5082116,3.586874,0.10804522,0.006377111731438515,921.7541629929085,2107.267313196865
4-163609-A-16.wav,wind,-339.35376,218.43936,48.37738,12.702855,20.70985,14.664115,-6.1229463,2.9423804,-4.595883,5.239499,-4.245677,6.3978443,-7.262392,19.60787,12.655379,8.608811,7.771633,4.4262743,3.8695912,3.801486,3.7339451,3.8099916,3.7676308,3.9573393,3.9883926,3.7978463,0.06662932,0.01335919373549884,798.1994769906078,2148.2094798600388
4-163609-B-16.wav,wind,-336.7868,205.8451,46.064384,18.762976,25.551744,15.649058,0.26995382,1.6541184,-0.7139493,4.4493375,-0.7339175,4.8658137,-4.526511,45.944332,21.20756,17.923283,5.817067,4.5935373,6.027747,4.173278,5.207851,4.6949058,3.996096,4.280833,4.4008017,3.937497,0.07952514,0.011318835194315546,807.1597318900347,2208.1293055983383
4-164206-A-10.wav,rain,-108.2199,116.85195,-55.094067,52.257015,-47.15171,49.820568,-38.347866,36.30925,-21.569212,23.92194,-10.989423,10.613077,-6.889898,11.16692,11.925191,10.0305805,8.821737,7.950542,7.0788774,7.225939,5.929878,5.7709193,4.9883647,5.12868,4.4328666,4.4139056,0.07330318,0.17320502827726217,5132.837412366488,4415.314987548836
4-165813-A-19.wav,thunderstorm,-307.82568,172.38017,45.66411,-13.055459,-1.4238111,14.97775,5.7459345,-6.6013045,-3.4511387,3.355178,1.6241671,-3.16811,-3.1776142,62.738243,51.13467,10.33517,18.472107,11.36637,7.5402756,4.757653,6.9363947,6.3478007,4.9491587,5.204642,6.0059524,4.8976207,0.088305406,0.0265643126450116,1336.8140025878577,2360.6453262997147
4-165813-B-19.wav,thunderstorm,-352.10492,162.53654,67.4983,11.035042,5.387484,13.072137,10.109136,2.549746,0.5019201,1.886293,1.6203257,-0.54204905,-2.2987208,65.86796,56.105904,11.510661,18.667484,7.2299294,7.8449483,5.1366506,7.2303386,5.0340123,3.9451475,3.7466996,3.8100586,3.9575574,0.092935294,0.0171861405162413,1301.180794224811,2718.1713784746617
4-166661-A-10.wav,rain,-77.52251,163.45401,-82.14109,46.80751,-36.329002,30.552141,-26.973473,20.308235,-19.104136,17.092512,-14.863737,6.1853156,-5.229932,16.346605,9.340381,8.013574,5.978791,5.8024044,5.219714,5.154856,4.4706545,4.958411,4.6271634,4.5552974,3.880671,4.639531,0.1349709,0.08988226870649652,3025.502951781063,3010.2331434987846
4-167063-A-11.wav,sea_waves,-108.8907,143.80403,-58.190685,33.537674,-34.74525,19.103659,-23.346125,12.753914,-18.404444,9.726018,-12.794934,4.835531,-9.765665,42.960224,23.626894,13.076546,10.79639,10.130044,9.0205965,7.1984143,7.195028,6.431266,5.42941,5.809403,5.1574774,5.6399302,0.092952825,0.09207217046113689,3337.6007571295736,3476.635720708874
4-167063-B-11.wav,sea_waves,-110.19428,138.61536,-53.25712,26.758057,-35.284557,12.039619,-20.716906,7.0968146,-17.987951,4.6817093,-12.331256,1.4899347,-9.378624,58.007015,14.485631,12.583455,6.7614603,6.3887405,6.5014353,6.1195784,5.396021,5.3020616,5.1336913,4.9830337,5.1298122,5.619757,0.09849107,0.08832565980278423,3264.36597244913,3430.0798110273345
4-167063-C-11.wav,sea_waves,-101.80274,142.9236,-54.98325,28.481936,-36.434166,15.983511,-21.527016,8.939911,-18.10382,6.5088725,-13.278152,3.4861574,-9.921255,55.386715,17.118496,14.127797,9.289212,6.8708076,6.265366,5.518192,5.1816587,5.4282484,5.0534997,5.029334,4.5857186,5.104009,0.10819258,0.08810814240139211,3252.107608690041,3432.983394463941
4-167155-A-32.wav,keyboard_typing,-456.56494,185.62465,-73.67895,21.831665,41.563286,-18.504251,29.720715,14.339269,3.1250906,16.337168,-3.9310923,2.1138234,8.95917,59.119717,20.806135,37.045795,18.364393,9.413596,14.432019,11.449652,9.704014,9.158037,8.851379,8.151962,7.9468336,6.241553,0.009106787,0.055244888341067284,2165.46595102911,2377.56127451688
4-171652-A-44.wav,engine,-54.30555,135.99193,-23.069818,52.212513,-15.6440115,23.398333,-21.347103,14.715977,-27.437273,16.573277,-20.589455,11.062595,-10.648218,17.759027,10.26498,8.361573,7.140126,6.0514402,6.5536304,5.9046006,5.8261485,4.994412,4.6661844,4.357445,6.114938,6.588672,0.1882831,0.09081691379060325,3532.4213514228777,4179.791152639005
4-172180-A-32.wav,keyboard_typing,-329.99542,72.172806,8.913169,34.945786,2.2279809,24.830364,2.799409,20.596632,0.23150125,23.892069,0.47457036,15.39307,-3.9163141,63.540527,17.344107,15.557749,12.424121,12.227186,8.403804,6.9202023,6.442113,6.5470395,7.2504344,5.7870893,5.653167,4.9607596,0.04399058,0.03513359193735499,4402.8567528241365,5352.722150963871
4-172742-A-32.wav,keyboard_typing,-606.1575,53.666225,-4.5701113,11.408051,1.5364348,12.636564,-4.4602103,9.807043,4.7287254,9.057849,3.8201692,6.848074,1.4833707,164.6544,52.346905,22.97345,16.129717,10.538384,14.425174,12.968969,11.054999,8.382509,10.566941,6.4463687,8.170583,5.4064713,0.00451789,0.023779636745939674,2093.839612796862,2529.890703119327
4-175845-A-43.wav,car_horn,-287.5556,153.9268,-6.2238073,12.392544,0.9083795,14.521893,19.602945,8.645761,15.920024,9.747582,4.7883115,2.3514507,2.7265418,116.8746,75.57764,13.409202,8.629379,4.1793156,8.327383,10.900931,5.6069527,8.642739,6.369789,4.492177,4.765508,4.8343177,0.17707074,0.009350982453596288,772.3105952223326,1529.5964175210395
4-175846-A-43.wav,car_horn,-504.8932,108.54082,-5.5278673,8.447052,-6.2316866,7.98253,-0.022247244,2.9098876,6.8667955,-0.8469508,-2.3533218,0.8452916,-0.3799958,173.93642,97.18291,19.678305,15.266447,8.3042,8.667807,9.457301,4.7832227,7.922861,5.1737475,5.9263744,4.1360197,3.0422366,0.021392358,0.020024062862529002,796.6313856863009,1182.478734195605
4-175855-A-43.wav,car_horn,-480.40274,91.40738,0.4809767,-0.7019999,-2.1555438,2.7856975,3.3529518,3.9837694,2.0946221,-1.0521277,0.40722457,-0.9902119,-2.5452938,142.2761,92.65129,24.33716,11.703578,6.6456885,5.993482,8.104913,6.0604,4.87053,6.8108997,5.068152,4.421341,4.5285225,0.024131104,0.014988308439675174,674.6601758783906,1056.4566509042513
4-175856-A-43.wav,car_horn,-322.00174,160.85493,-17.228853,14.215774,-3.4133072,2.763646,10.353479,-1.6750125,7.446085,6.800668,3.1582494,4.764004,2.7339063,122.951996,62.31818,32.689312,12.821838,11.415449,7.5931416,9.141732,7.2621093,5.612987,6.0670943,6.726177,5.2216196,4.2594905,0.058968876,0.026628888123549885,1275.2937172397717,1776.6721883918515
4-176631-A-43.wav,car_horn,-82.10093,172.40855,-31.974152,18.957691,-11.811716,14.071278,9.516592,14.98047,6.5305595,14.776564,-0.0026984336,3.051254,3.8098314,72.50978,17.733706,20.507639,9.763912,12.044555,5.322399,12.554781,5.0067596,8.090938,4.9371142,5.638198,5.004844,6.265857,0.4798544,0.02687246229698376,1656.6558049616708,2466.36190091522
4-176638-A-43.wav,car_horn,-298.39297,122.467445,4.888667,11.60261,9.784626,8.239979,14.606221,6.43154,4.06489,5.513288,-0.6442626,2.1767936,4.8853073,56.14566,12.42272,20.743256,6.562609,8.028554,4.981645,6.9286184,4.680759,5.1264763,5.848998,5.0394707,6.1799917,5.805549,0.08197298,0.026726317792923435,1801.2789280852303,2610.6758106434772
4-177243-A-32.wav,keyboard_typing,-436.788,114.662315,-28.524738,16.465141,-2.3807218,28.167261,-7.693057,29.394623,0.8980303,8.787071,-10.501189,16.209085,-7.491206,94.01319,24.552464,28.281086,14.09066,15.319457,8.097468,8.826806,9.548462,9.268432,8.504082,7.849017,8.290588,7.868147,0.006389602,0.07669640915023201,3882.002652456285,4364.219742851938
4-177250-A-10.wav,rain,-116.559746,80.044174,-49.693165,41.133034,-30.842226,37.14705,-25.527086,25.729694,-20.966408,19.458805,-15.686857,15.064945,-11.004591,15.475073,10.380981,10.044538,9.495175,7.9295263,7.2867723,7.2818403,6.125271,5.5538015,4.986607,4.9014454,5.15366,4.8938875,0.06777734,0.18169047273781902,5655.936200600275,4562.751604247756
4-178402-A-43.wav,car_horn,-554.969,52.254524,-10.666814,15.569302,-3.031134,4.5787106,-3.8041046,4.5139227,3.6883543,-1.520175,-2.6195993,-1.4933238,0.50982803,153.7431,46.18892,39.12324,20.113787,20.812101,9.457102,16.013235,5.6328473,6.7228513,8.299798,8.873998,7.223391,5.1814475,0.024496943,0.12305027370939675,4532.758056806663,4173.480585149313
4-180380-A-10.wav,rain,-125.937645,125.450874,-48.171253,45.923115,-39.976288,40.240124,-34.93305,30.629532,-21.424656,16.444862,-9.916778,9.327284,-6.33122,14.407807,15.165111,9.808715,8.124059,7.8607183,7.631142,6.358313,5.7562075,4.9406366,4.5540295,4.6675973,4.9622016,4.250355,0.06530282,0.13365311412412992,4501.147594915891,4261.959620465636
4-181286-A-10.wav,rain,-113.8089,68.36215,-14.683913,27.25986,-6.6410656,7.311912,2.3208418,12.076004,-2.863409,8.535469,-1.509141,7.406095,-2.6123784,9.368298,4.985138,5.860164,4.4424872,4.0864015,4.586261,4.1795363,4.200489,4.362334,4.0526776,4.1004734,4.1229186,3.936767,0.053143956,0.19321889501160092,6164.1546654976655,5480.29527875505
4-181707-A-32.wav,keyboard_typing,-461.7176,114.42815,-83.39642,45.664036,-25.558784,17.967627,-7.339774,-8.685092,10.873789,-18.756495,2.3612163,-3.445581,-4.145212,103.99653,15.455924,44.00233,11.126635,16.545845,10.340166,11.518826,7.9923086,8.289335,7.1545525,5.942129,6.785445,6.451723,0.007814665,0.1295984538138051,3913.035874466012,3136.7092692674937
4-181708-A-32.wav,keyboard_typing,-393.49158,134.96954,-80.44158,35.493305,-24.17396,12.590562,-6.059787,-13.393176,6.956032,-15.956488,5.1811695,-5.941943,-5.5973725,111.7442,24.105457,41.559834,13.05649,19.68665,10.690207,11.0613575,8.333015,8.467661,7.4183,8.834857,6.0245495,6.212154,0.01503051,0.09626164624419954,3285.9944636858104,2864.674931228952
4-182613-A-11.wav,sea_waves,-86.39003,169.84462,-43.837383,48.0015,-31.217957,25.346678,-23.22514,14.242102,-14.451854,10.992937,-11.061354,5.4416213,-3.5817413,20.999775,9.557282,7.6137767,6.2727327,6.351041,4.4628615,5.039672,4.832514,3.8929555,3.8510146,4.0542827,3.7905238,4.2113395,0.16721123,0.053638431699535964,2494.5660304453218,3128.7624767989682
4-182613-B-11.wav,sea_waves,-125.8748,171.36392,-26.74275,49.2228,-27.800428,21.099937,-21.329538,10.968231,-14.866669,8.079907,-11.171308,4.276551,-5.4564414,31.296318,9.174035,5.6961117,9.333602,7.666542,5.473571,6.0775657,4.3109894,4.2025557,4.320584,3.8212216,4.0580697,3.7999403,0.13468967,0.045419219475058004,2296.008677426127,3133.6302857833384
4-185613-A-32.wav,keyboard_typing,-363.14453,71.02448,-33.129288,25.557838,-19.438017,24.40691,-9.800141,28.915457,16.61151,21.753843,0.5634827,13.623314,0.31276336,111.33661,32.517178,31.605036,18.499296,21.62398,13.590769,16.68573,12.478479,18.22001,11.878031,13.481418,10.468229,11.775526,0.020116076,0.09222397948085846,4774.016080339203,4386.533563041674
4-186935-A-44.wav,engine,-298.7778,115.68374,-50.526264,13.331916,-16.90214,34.31568,-21.65313,29.423157,-20.02701,17.968576,-6.141022,8.700049,-0.10435684,266.85406,73.83708,32.687763,9.498952,11.883067,22.267986,14.327716,19.081516,13.154489,12.076526,4.9861364,6.3816824,2.826767,0.06787055,0.05647522114269141,2198.160162964189,2578.572490360887
4-186936-A-44.wav,engine,-190.79192,145.57764,-38.604603,19.067965,-6.546717,22.7408,-5.3143897,13.032473,7.0625863,16.320227,10.682787,13.25951,8.430275,30.293388,9.304214,9.852234,11.472602,7.466112,5.8689322,7.486459,4.2710114,5.2516074,4.463994,5.8716497,4.5793023,4.949432,0.12744148,0.02978515625,2209.117275776258,3148.4188476473355
4-186938-A-44.wav,engine,-297.91934,84.13137,-21.13753,12.481305,-1.8791752,13.346661,-2.33069,7.002079,3.099572,8.326361,5.649573,7.4913173,5.2724767,187.20291,72.47812,20.31651,12.585444,6.352953,12.270111,4.9397306,7.258662,5.054266,8.026023,6.1021833,7.565039,5.5545077,0.10512274,0.016649144431554526,1322.0270654832725,1857.816542505364
4-186940-A-44.wav,engine,-147.91096,129.07426,-37.361057,17.284145,-21.965075,10.896142,-15.081714,21.762693,-5.5947304,20.568285,3.1671944,5.5228314,2.7632713,198.96394,70.16033,20.904474,9.918726,12.505859,6.6880293,9.008991,12.1437,4.78762,11.6421,3.6598442,4.381206,3.3563967,0.23213267,0.037038002102668215,1853.3101063581814,2368.97895069216
4-186962-A-44.wav,engine,-43.19902,141.9267,-42.51799,24.150024,-2.6490836,29.830427,-8.110081,15.504585,2.6053016,16.702091,6.951822,15.8753195,6.3447876,43.10354,7.0322757,12.014147,9.551924,6.225974,5.1670237,6.700483,5.4055896,5.074539,4.579988,5.2814617,4.7758503,4.819255,0.41000757,0.04153902624709977,2546.141393623318,3372.5735494880323
4-191015-A-43.wav,car_horn,-273.13153,125.140465,-17.897608,29.604412,7.2105494,41.21412,-13.006522,27.08325,12.963363,18.123762,-15.48353,17.878101,1.2491621,34.3491,22.098282,8.636099,11.98143,9.986286,5.400249,11.638359,6.1117225,5.9191694,5.6105943,7.5566673,7.195629,5.6237855,0.046199825,0.044012153784802784,2983.141494388531,4026.7657375917856
4-195451-A-44.wav,engine,-62.847458,118.774826,-31.857191,41.237385,-21.773546,26.60526,-18.171583,25.95509,-25.149466,17.405293,-6.4717007,13.871683,3.3154435,12.960068,9.202386,7.319951,6.594157,6.8039517,7.9482183,5.835673,4.198627,5.38087,4.1615257,4.201269,4.9417357,6.0265255,0.15629804,0.09068323122099768,4077.004586339638,4219.312134510619
4-195497-A-11.wav,sea_waves,-162.9892,145.78008,-60.878036,26.052284,-39.20628,29.859148,-37.271885,20.390005,-19.69751,5.86122,-12.078167,3.1702867,-9.17611,85.11038,9.433753,24.461298,12.579466,7.537677,6.4404707,9.744155,6.4496827,7.22591,4.774092,6.2776294,4.1925883,5.24464,0.0706334,0.090815780887471,3346.0035001491606,3566.836422757884
4-195497-B-11.wav,sea_waves,-223.01323,140.61528,-39.69368,15.723116,-29.776066,21.26377,-26.38612,11.733738,-12.291235,0.13620456,-8.438095,-0.80847543,-6.3103147,92.62873,13.373639,23.688263,14.418456,8.122187,9.605193,9.665193,8.245582,6.8408294,6.2563868,5.2082233,4.4919295,5.1418324,0.044742767,0.08402062790023201,3200.5652676165632,3569.544441053212
4-201988-A-44.wav,engine,-245.05388,129.93832,3.8730285,62.307613,3.5036867,15.982428,-0.6052491,37.513134,7.985868,19.320467,1.7723954,7.3919983,0.9330984,36.377163,12.812025,16.073833,11.322808,8.3785305,9.536558,9.65814,6.3964496,9.908236,7.2681417,6.4778194,7.123767,8.01404,0.092832506,0.01941116226798144,2358.1150519037674,3632.0881720064185
4-204618-A-11.wav,sea_waves,-192.20842,225.52121,-137.89735,20.625498,14.808583,-55.70085,18.125177,-14.768004,-24.703056,14.422226,-20.588402,-7.141451,5.231357,39.331028,16.63968,18.235428,5.6514297,6.1337147,9.991483,5.346919,5.695436,6.2421184,4.2796226,6.329151,5.0164165,4.1822505,0.102736995,0.10454543394721577,2495.4369368567077,1664.9333702499946
4-67358-A-42.wav,siren,-348.52313,83.90173,-116.64847,-59.41866,1.92921,-3.895496,-24.2659,-3.763946,24.143162,15.540505,6.3753386,9.0942,11.1378355,102.53013,42.649418,59.23744,31.981766,9.978171,9.257231,20.557095,19.755596,18.820538,17.07306,19.9843,15.162573,18.241064,0.19710101,0.06900739559164733,1739.0946835196812,929.7212994567026
4-80761-A-42.wav,siren,-224.69647,197.72955,2.2030773,-16.829672,-9.295509,-12.832731,-12.923088,-17.466524,-24.152662,-17.98008,-13.874709,-18.308409,-15.803815,61.440296,22.902588,53.251575,23.340767,9.628964,15.876927,9.615307,7.7516007,12.544998,8.373942,6.0815773,10.408838,11.8356495,0.3481378,0.02072079828886311,833.4513341852568,1099.9227638239313
4-90014-A-42.wav,siren,-332.18234,202.3805,-39.54214,24.72157,-4.4151244,6.553243,1.189961,11.293773,6.8823304,-3.8535666,-2.8651135,0.6774548,2.2588775,10.586098,6.752155,7.1153264,5.4683576,6.9605,6.880031,6.0789213,6.714695,5.079931,5.8991504,6.936121,5.032302,4.9616904,0.03829614,0.04535464399651972,1436.1857232677505,1843.5849307706728
4-90014-B-42.wav,siren,-301.27814,183.1414,-40.75753,24.26959,-1.5110588,10.343553,6.8811145,7.4307523,6.6237063,-3.2332263,-3.2114182,-2.351404,-1.2945343,23.465202,9.815203,14.061088,8.132756,8.722418,8.148861,6.0276556,6.083532,5.880285,6.603702,7.7409887,6.58434,5.095523,0.0540617,0.051397549303944315,1657.4716912550687,2016.7290247263638
5-117118-A-42.wav,siren,-228.45914,211.89809,-44.02552,-47.18263,8.372751,-16.06532,-18.151752,-2.6529717,-14.563197,-11.688201,2.349995,-2.0003715,-7.236263,32.800964,8.279199,34.05543,7.3709745,13.276901,8.09867,4.950839,8.283708,4.429983,6.3993278,6.307485,4.6756625,4.748576,0.2442559,0.03666187826276102,1121.9698160943353,876.8508777840321
5-117120-A-42.wav,siren,-187.71622,48.082005,-120.16671,19.697,-40.146084,5.246752,-19.066525,5.6053987,-5.2953143,9.422513,15.884463,11.839814,11.7501,40.120213,27.772192,19.694548,18.89423,11.267213,8.353976,10.084356,6.7716994,5.988669,9.877749,9.002389,11.5419855,11.318806,0.25660107,0.10667529183584687,3508.358486932763,2595.123930133989
5-117122-A-42.wav,siren,-253.13704,205.88889,-26.294773,-36.533012,5.5156617,-18.736174,-18.920946,-3.9493847,-14.42753,-12.905407,-2.6473663,-5.614342,-5.8534036,55.28169,24.298283,43.0029,17.353964,11.987039,7.358892,5.3577266,7.658845,4.4845767,4.798855,4.7065063,4.038525,4.212595,0.18377972,0.02998114849187935,1012.7810538846367,917.0251338580173
5-117773-A-16.wav,wind,-259.1527,144.70357,34.44875,29.44044,21.792881,37.440987,4.9639783,10.428303,-6.161827,8.224833,-1.0490353,12.5400095,-1.2707075,6.874297,4.477295,3.862818,3.846331,3.7134268,4.0461264,3.7671795,3.6455758,3.8730416,3.8990097,3.8619897,3.7376595,3.7426982,0.11011346,0.012749691850348029,1633.2626625040489,3682.9455012620356
5-133989-A-42.wav,siren,-290.27505,153.17603,-54.00214,21.926144,-20.412962,-12.962861,-17.5394,-27.609222,7.7868543,3.970804,15.297937,16.275955,19.297382,53.194675,28.987316,11.969858,9.971782,8.874392,5.4387174,9.441135,9.180645,8.345747,8.599841,6.9773884,5.3037047,8.15001,0.15593867,0.03461698810904872,1570.4581466731015,1718.1362973872388
5-133989-B-42.wav,siren,-262.101,160.39282,-39.665638,22.959818,-4.672312,-7.6178446,-8.329376,-32.16648,-7.628036,-7.5190907,1.3991654,11.665074,12.022318,28.501188,16.244654,8.610916,9.4976845,8.240228,7.7224765,8.998982,6.591895,10.309713,13.310107,10.973396,8.493884,8.897151,0.18402784,0.03091919228538283,1450.7594627020378,1623.9685933214332
5-150409-A-42.wav,siren,-195.23198,203.6277,-21.743057,18.92306,-5.688386,2.2445445,-11.397653,-12.492033,-10.318897,1.7814803,7.8947763,0.82735384,1.0548803,22.08797,18.91978,8.959148,10.77026,8.051354,9.202981,5.9453845,7.546463,4.9348207,4.7553835,5.7484612,5.94452,7.5633516,0.19142999,0.032351181844547564,1311.0094820603938,1833.933063177009
5-156999-A-19.wav,thunderstorm,-257.0719,175.36652,10.843612,0.68962985,17.413351,8.819307,6.347074,5.5955896,4.8232803,5.3046646,4.7007337,4.5606995,3.9702175,88.63545,51.71988,25.420547,16.757122,9.607731,9.096644,9.709296,7.512224,6.8504143,6.8606157,5.741541,5.370802,5.50436,0.11600023,0.02025064348897912,1116.5283261205625,1645.905413710394
5-156999-B-19.wav,thunderstorm,-281.34915,178.83102,83.67775,23.079912,9.743527,14.946627,17.987507,14.577022,8.514655,5.8070226,7.5314345,9.105226,8.000396,34.76274,26.505733,13.8104105,15.356948,16.485378,9.61763,5.417159,5.32693,7.387471,6.427124,4.6513677,4.5501328,4.5086985,0.46034068,0.005926216284802784,296.25617659252845,768.4915332335044
5-156999-C-19.wav,thunderstorm,-220.75656,205.44725,43.31342,4.2423077,18.727995,16.77669,10.2244835,8.541256,9.141251,8.55944,7.008901,6.0291123,6.174236,42.43581,17.88639,28.692112,13.065782,13.168501,7.917914,6.709675,5.968862,5.7469964,5.492177,5.312456,4.962845,4.6796393,0.44213212,0.0065878317140371226,459.73238364118555,999.8011772451812
5-156999-D-19.wav,thunderstorm,-291.4991,167.01909,79.47464,30.40175,20.229301,19.878168,17.120243,13.3165245,12.123022,12.059449,10.360044,8.020799,6.917383,50.104485,42.62975,16.607292,6.826214,8.633568,8.538242,6.8926845,5.892937,6.158967,6.533366,6.59218,5.6708694,4.8723307,0.405105,0.00443304995649652,295.9625162031158,990.7197816284189
5-156999-E-19.wav,thunderstorm,-132.87073,224.95879,1.1968035,12.226989,7.3783197,1.5901244,6.8225036,2.773172,2.2169292,6.982469,5.736237,0.64452726,4.681869,66.57277,26.97863,33.97036,19.142416,11.269076,8.122828,6.872335,6.459963,6.2178345,5.234893,5.0746837,4.7476125,5.383414,0.4074474,0.01769254821635731,927.969810018375,1433.692741189303
5-157204-A-16.wav,wind,-263.08078,169.58827,-40.30891,39.33068,-0.6369161,-4.0544276,25.461868,16.253952,6.286978,8.716644,9.491742,-6.450403,5.3439784,17.79322,6.5575614,7.0579267,9.304564,5.5077515,4.388488,3.9836478,3.8952153,6.7462573,3.987763,5.031505,4.7867126,4.2877593,0.084614746,0.029733042705916472,1665.1232345036622,2275.464415812954
5-157204-B-16.wav,wind,-265.6423,173.3472,-44.672817,43.144714,-3.7228763,-2.6624782,24.258198,17.92138,5.0401025,7.970234,11.253893,-7.4984474,5.0279317,14.93063,6.539034,6.578622,7.4819794,5.2888293,4.236812,3.8418846,3.7412817,5.8470435,4.081276,4.6924496,4.716836,4.1257205,0.081364304,0.03573063188805104,1723.9460871235015,2294.7215930998655
5-160551-A-42.wav,siren,-189.81995,164.74861,-31.37031,7.229508,-14.032759,8.715209,3.6514018,14.184232,7.18347,0.8277078,-4.672731,-0.028642057,6.631156,10.390402,7.6111827,7.067618,6.9291844,7.2761006,8.0812235,7.9580564,7.9489865,9.156545,9.957175,8.408486,9.439169,10.22406,0.15249886,0.05571617604408353,1966.5598398535135,2461.6720887436304
5-179496-A-16.wav,wind,-257.83157,198.75185,-21.998432,33.936626,11.663965,0.19917351,-5.9290943,-10.231518,6.1758113,3.8622718,-3.4289947,-10.609079,-1.086649,35.706818,5.777556,13.586266,6.9623027,9.894437,4.0742526,5.0423875,5.3415594,4.777294,4.6117606,4.4152894,4.7620163,4.0080886,0.098288536,0.02103574535962877,1170.471559512636,1837.8443559333064
5-179496-B-16.wav,wind,-164.1722,182.80144,-28.334753,39.190777,10.321923,-5.130046,-12.393224,-17.346495,7.617006,6.7539005,-3.1284008,-13.769368,-0.9322999,11.855527,5.0425434,5.4590573,4.298566,5.6607556,3.9632838,4.952726,5.057621,4.315993,4.085196,3.9594123,4.108472,3.9729998,0.29511887,0.024392537340487238,1322.5178618439497,1882.1456408856336
5-179860-A-43.wav,car_horn,-574.3029,51.271694,-8.989694,8.451548,-1.8456362,-1.1691381,-2.8872573,6.8218646,1.8505421,-0.5816934,-0.04105511,3.9513733,-0.60313064,170.63548,76.58556,19.436926,16.709251,5.7490597,3.5965326,9.538637,10.667819,4.2169876,3.6913252,2.7459702,6.59834,2.332528,0.011395427,0.024615719257540605,780.6180536029581,923.0195120218499
5-179863-A-43.wav,car_horn,-523.01245,63.023746,-7.3799553,12.504398,-0.29175302,0.31226742,-5.9717298,9.747511,1.4674118,0.5298151,-1.200258,2.8101797,-1.3099327,196.50185,82.190605,20.983091,23.86176,5.0572953,4.3261223,15.518164,12.590183,3.8201976,3.974529,4.332539,5.315418,2.7189307,0.022859719,0.030572523926914154,1110.2256538489758,1319.9230393602977
5-179865-A-43.wav,car_horn,-495.69086,86.28471,-16.921785,14.110653,-1.4486786,5.4906282,1.6058121,5.9823112,2.4542828,4.502374,-1.3559346,1.858686,0.34968874,187.45168,86.68321,21.38944,16.262062,9.085812,7.1081123,4.8838277,7.3301773,3.9824183,5.433714,4.830007,4.432458,2.7925308,0.022375729,0.023274361948955918,963.3986124698829,1270.203633203183
5-179866-A-43.wav,car_horn,-608.3095,62.319595,-5.668747,3.0405014,-2.4656923,5.367506,0.8354297,2.8946502,1.279958,4.621131,-0.24210806,2.2766,0.05906813,175.77171,85.053764,25.283007,8.65061,7.321385,8.212011,3.6710641,5.3254642,3.7081447,6.8117127,4.257991,4.165674,2.815162,0.0080306055,0.013659413065545243,671.0492402323222,1020.0121723063264
5-179868-A-43.wav,car_horn,-334.8275,183.54184,-16.077448,11.587664,-9.170152,4.150511,-3.1207924,7.9858036,5.653305,2.8550453,-3.6814022,2.0969677,-0.22599304,39.5347,19.278889,20.093542,16.86788,11.746183,9.369883,8.890518,7.124364,7.7816105,6.284987,6.1519303,8.695301,8.626348,0.033643905,0.04480858468677494,1718.0520384992783,2493.8271189369243
5-180156-A-43.wav,car_horn,-127.03464,192.10796,-61.803707,35.17652,-12.512806,3.2028446,8.785299,5.663977,10.091183,3.2727408,6.559161,4.9617443,2.0332313,24.872879,11.482781,8.624849,8.021793,8.289458,6.955215,8.384826,4.9849887,5.187111,5.4942822,5.0051517,4.6033044,4.783563,0.15643133,0.048956143053944315,1906.9296161910468,2177.736241285082
5-180156-B-43.wav,car_horn,-132.23894,184.0894,-52.55853,37.08931,-10.96087,11.426306,4.440404,12.59147,9.972788,-2.0073931,3.8676507,9.352681,1.3827049,42.640453,23.249512,13.364474,11.886331,11.9811,11.886013,9.404313,10.020637,6.249128,6.3972206,5.9158497,7.727211,5.8391967,0.17660686,0.05788002102668213,1986.9529478279442,2328.6168001789233
5-180156-C-43.wav,car_horn,-136.56267,202.57751,-58.415813,33.140663,-15.088082,11.418959,6.383946,10.88024,1.5900557,-0.2967334,1.3699772,4.018023,2.4838676,23.423126,15.372858,8.702944,8.539255,7.066453,5.602256,8.051902,5.599436,9.394609,5.5729585,7.2701697,5.9717574,6.559966,0.19160931,0.05736568300464037,1719.9687636636772,2036.9087811811846
5-181766-A-10.wav,rain,-148.86678,119.522766,-65.91586,32.742718,-57.536396,40.22506,-37.878456,28.154829,-23.466133,20.476925,-25.561413,10.835417,-9.720545,19.308073,22.176397,16.528845,13.646769,11.852442,11.439931,11.0896635,9.94603,8.780649,7.324669,6.6683974,5.7698655,4.992564,0.051643893,0.14826643162703015,4840.442009378561,4326.781506417027
5-184323-A-42.wav,siren,-349.35428,160.6137,15.094084,-30.721048,-21.164017,-18.19816,-15.694225,-9.805598,1.1680006,15.388275,20.43484,17.154375,9.200754,16.732788,6.576404,11.909956,6.975418,6.2491126,5.539389,4.577475,5.3686223,5.43069,5.1855264,4.630138,4.7625804,5.96761,0.12430253,0.03593908606438515,1182.5834292169498,1681.8717813395901
5-188495-A-19.wav,thunderstorm,-494.86572,168.69882,87.003624,34.443264,12.489085,10.763676,16.442814,14.257826,8.0268,5.555737,6.476087,7.856945,6.679224,32.973072,32.325382,10.615938,15.718581,15.207578,6.8208895,5.1801534,4.614088,6.4574323,6.1459007,4.549809,3.763144,3.880211,0.03758729,0.004974577653712297,523.0325238641221,1823.4991232240272
5-188655-A-10.wav,rain,-163.04681,113.27482,-34.465908,74.13136,-56.157185,44.996143,-32.262512,34.666058,-18.120718,23.6519,-10.258613,10.076962,-1.8198364,14.42405,10.966781,8.280933,8.434425,6.7128553,5.82925,5.5297327,4.7745514,4.7725196,4.5011234,4.6379714,4.300553,3.9282813,0.05197431,0.16490537993039442,5402.936778742776,4459.104563458473
5-192191-A-19.wav,thunderstorm,-328.4726,187.77576,51.47084,33.34732,-1.9966218,-0.92122144,14.620439,3.865188,2.286485,2.2012513,6.212817,7.606369,4.3761306,40.71577,39.882126,12.745497,10.356042,11.720263,5.5037913,5.9073277,4.426473,5.160946,5.4064665,4.3551893,4.5525804,4.5525074,0.0929254,0.01120781068735499,851.2827347222151,1867.4420477220604
5-193339-A-10.wav,rain,-149.517,104.21957,-49.80931,91.62762,-36.963005,44.711422,-15.831206,24.113066,-11.453653,13.706931,-5.215357,5.3119144,0.12726022,12.864096,8.2297,8.8591175,8.081978,6.2514777,5.9401155,5.4669657,5.177762,4.979078,4.766482,4.456451,4.248331,4.3129444,0.06805202,0.15366811376160092,4830.722915399465,3707.8449855884915
5-194892-A-10.wav,rain,-76.808334,130.91649,-60.885155,86.97984,-46.132545,42.52245,-17.281567,12.296957,-5.415603,7.9670076,-3.0959206,2.359105,2.9892,14.429102,13.1697035,10.444966,8.035765,6.216255,5.1964173,6.1100483,6.3666754,6.556153,6.989317,7.0308766,6.8853874,6.1969743,0.14141956,0.1432680630075406,4183.196330075693,3420.112246375249
5-195557-A-19.wav,thunderstorm,-279.63586,210.37366,22.280512,14.316037,6.00363,7.72983,10.079616,-2.4629655,4.3336353,-2.3561032,-3.1591234,5.318856,2.7660797,41.63157,27.899645,12.015537,9.96323,6.0689354,5.001636,5.974771,7.026423,4.5710034,4.4903936,4.3663907,5.310689,4.7265673,0.10525757,0.01633193155452436,848.762170818351,1542.3565694657802
5-195710-A-10.wav,rain,-210.04253,123.36047,-43.367123,51.317604,-27.141485,44.361736,-19.24511,22.06766,-11.2786875,12.8157215,-5.6329174,7.2434635,-2.489971,10.078705,6.210703,5.937871,5.1457767,4.9814286,4.799245,4.631146,4.4185085,4.3260694,4.702793,4.0885754,4.230429,4.301174,0.03766343,0.09379191741589327,3863.5749838837805,3955.2114052834813
5-198321-A-10.wav,rain,-118.45461,130.19318,-73.32835,62.8235,-48.079132,44.50162,-41.69909,37.69458,-27.555725,14.760123,-13.636831,5.9098496,-7.4094763,7.862577,6.6534433,5.6367283,5.8338113,5.250581,4.513114,4.81147,4.875572,4.548745,4.4220343,4.1539054,3.8719294,3.8367372,0.0713601,0.14819732453596288,4480.884229291454,3907.1835447579165
5-200461-A-11.wav,sea_waves,-161.66638,151.56017,-64.1415,27.313007,-44.458107,19.550829,-24.228071,13.75544,-19.076923,9.21256,-13.4838085,1.4846859,-5.060734,36.24117,6.724272,14.671117,6.2548957,7.4979486,5.203119,5.9101157,4.92662,5.2390437,4.4210663,5.245586,3.9678888,4.0181623,0.063206024,0.08007019467807425,3018.736268968362,3234.408011031432
5-200461-B-11.wav,sea_waves,-128.33684,153.23257,-70.5639,31.991598,-51.047535,19.711912,-28.51253,15.318517,-23.566946,8.221414,-15.77876,1.0549015,-7.8918734,26.855057,10.91035,7.19217,6.167988,6.926747,5.1712,7.007424,4.801322,5.016668,5.1394253,5.339191,4.384999,4.6086287,0.08791781,0.08315622281032482,3087.517781412994,3229.574089827603
5-202898-A-10.wav,rain,-82.56143,-13.8505125,-20.53547,16.365183,-6.2620974,24.88381,-4.8896623,19.68451,4.4418874,7.955119,7.4652653,8.659947,5.1265974,15.767452,9.403212,7.5649033,7.623053,6.480204,6.175082,6.253783,5.9877925,5.4997983,4.9617386,5.5959163,5.9337845,4.975283,0.11224025,0.3343604988399072,8861.268800130461,5146.482322128431
5-203739-A-10.wav,rain,-122.14733,112.82644,-67.76556,68.57852,-40.422592,37.64296,-26.242115,24.03265,-13.036524,11.419977,-4.283934,4.569712,-1.1690121,20.057764,14.678957,6.9658856,9.040146,8.297698,7.2674193,7.2607446,6.033516,5.4883733,5.07309,4.6489015,4.6088777,4.6753826,0.072019756,0.16528603538283063,4587.901093797618,3595.9711406924102
5-205090-A-32.wav,keyboard_typing,-504.59317,161.11963,3.0380225,0.1622171,11.290425,2.4862635,9.331427,12.069077,-0.55661523,6.6057467,13.131256,9.338,10.079669,37.99114,9.588143,16.053484,11.333953,6.6840177,7.6269655,6.8725157,7.1859646,6.08102,6.6187134,5.5776753,5.2172585,4.5843124,0.008629676,0.02088280343677494,1393.5724215147798,2437.6277995515034
5-208810-A-11.wav,sea_waves,-102.40971,136.05713,-83.62063,34.949806,-44.85904,22.921417,-32.437138,20.897127,-25.614016,9.895327,-10.379094,1.6757051,-4.5423293,60.984383,11.471223,11.14052,8.821783,8.126162,6.032309,6.131941,5.769054,6.211119,4.767213,5.1647334,4.3303843,4.730361,0.10598608,0.11237719330046404,3622.7251806767395,3352.2306263340365
5-208810-B-11.wav,sea_waves,-120.12703,139.1371,-85.60889,40.104664,-49.0199,27.779589,-36.87251,24.356365,-28.734049,12.880357,-12.735452,2.2741024,-5.8591337,40.17251,9.553744,9.388726,7.0160823,7.162019,5.379635,6.653265,4.981771,5.816216,4.3459787,4.994368,4.602377,4.836376,0.08452523,0.11571472592807425,3700.7034557950014,3428.708025178833
5-209992-A-44.wav,engine,-245.5978,219.29666,-52.02806,32.193012,-5.438866,-15.159932,24.003674,1.7587975,5.185578,14.421279,20.506199,10.589686,-4.7552814,11.022558,8.898748,6.3456593,7.448729,5.8558164,4.017065,3.796427,4.5439057,4.129393,3.7839031,4.4907503,3.6808982,3.969204,0.0975292,0.02012149253190255,1254.3525845432064,1689.893873394151
5-209992-B-44.wav,engine,-141.62518,234.6189,-48.12179,42.668022,-1.3486509,-8.737503,23.256285,6.572497,5.891034,8.896897,20.604418,4.8388853,-5.8908863,4.552242,4.635381,3.8715553,3.7611575,3.608165,3.2307875,3.3419414,3.3816876,3.5838997,3.604281,3.615431,3.586978,3.4670188,0.28498462,0.02103801116589327,1130.09655984044,1602.1331341931027
5-213077-A-11.wav,sea_waves,-183.66438,157.09238,-29.412876,53.770824,7.6642337,23.499134,3.255574,19.792603,8.110447,8.371545,3.2437642,9.6499815,1.0425601,37.01699,9.575831,7.306001,5.20949,7.3797073,6.8276215,7.9500756,5.776667,5.3864083,5.608507,5.0010476,4.3485713,3.9918654,0.13275003,0.025471061122389792,1903.3259268998397,2812.6283288147265
5-215005-A-32.wav,keyboard_typing,-607.8948,92.84335,-26.227177,14.858863,33.435184,3.1219823,-8.211273,12.444588,10.630333,-4.4453263,-0.768132,17.032284,-3.911568,92.43801,29.871124,41.147835,11.277841,16.212475,9.592728,13.4837675,7.9870005,8.070329,8.894503,6.7972693,10.360501,6.7524076,0.0019880887,0.12615895990429235,5071.603821694491,5079.537073959309
5-216131-A-32.wav,keyboard_typing,-422.67758,59.18151,-42.59165,10.001247,-1.9337267,23.842367,-4.0895495,21.107925,5.4762907,16.130136,6.7088737,20.582552,-2.1539671,113.37304,16.41771,34.730995,11.90063,16.173527,9.1759205,13.482411,9.018839,8.449663,6.5041833,7.1247396,7.032087,6.725147,0.008276547,0.1107662050464037,5521.6101294196615,5045.164307454809
5-217186-A-16.wav,wind,-281.74118,208.05133,12.223574,18.087374,-7.4005513,16.50614,2.1923854,11.704038,-9.461216,7.593948,-2.4731488,4.1273136,-6.144266,41.58724,16.85517,22.459454,6.1242085,5.616298,6.737235,4.352519,4.0292196,4.865467,4.2732873,3.9197161,3.9159222,3.8750873,0.06177161,0.020041056409512762,1166.7719238968089,2370.991799703293
5-217186-B-16.wav,wind,-289.9785,217.19662,33.580757,1.4538172,-13.55068,10.513463,0.7084052,4.621232,-12.177146,-2.7717,-4.311291,0.1449287,-5.60362,16.40476,12.692396,6.607832,9.415176,6.534147,4.776138,4.1459,3.9829967,4.854112,4.7731056,4.25639,3.8250098,4.0790195,0.079803765,0.0228529219837587,1019.2791047283858,2138.0142761933807
5-217186-C-16.wav,wind,-286.64044,221.0872,32.394978,0.65895337,-16.390026,9.251602,-2.7203403,2.384142,-15.381891,-4.2091475,-6.0718436,-0.41347572,-5.0630383,11.03427,6.6172295,7.2513604,5.0145464,4.8615036,4.3029857,4.1349483,4.0755563,4.4272614,3.7981803,3.7373297,3.6336854,4.383195,0.08609271,0.024187481873549885,1001.3525131005526,2044.6542490947415
5-219379-A-11.wav,sea_waves,-193.85764,154.30467,-87.21926,19.119427,-35.853333,4.353769,-21.058327,-0.084308244,-19.044228,-0.6445847,-16.490007,3.1322577,-7.594152,80.5354,19.512089,19.22859,9.40566,8.697843,6.7987704,6.0525947,6.0474763,5.373224,5.3306656,5.1835585,4.418176,3.979173,0.06171886,0.08840609592517401,2811.7417567153548,2668.7025927310624
5-219379-B-11.wav,sea_waves,-169.28725,163.62091,-99.12179,21.485235,-38.928917,6.8010926,-24.593266,1.1578532,-22.366604,0.46541768,-18.91358,1.483298,-7.2046623,40.936348,10.726443,9.065628,7.388878,7.465349,5.3579845,5.4281063,5.1693425,5.474922,4.8813515,4.8298497,5.5767922,4.307676,0.07027648,0.08677358251160093,2689.942220207596,2490.153214275855
5-219379-C-11.wav,sea_waves,-144.16826,170.31383,-95.91959,19.86951,-41.50848,7.449195,-28.165903,1.8161687,-24.054546,-0.004978189,-17.589455,2.420159,-7.987076,34.147827,8.482321,14.265684,5.884912,6.610414,4.971814,4.9233665,4.732823,4.6448827,4.0356107,5.042925,4.1096334,4.1415386,0.09368711,0.0790165947650812,2547.104080557676,2473.743423494107
5-222894-A-32.wav,keyboard_typing,-273.0637,108.596924,-7.3744807,37.73046,10.37114,26.352116,-5.6292396,26.40629,7.5093246,17.2366,7.649429,10.631268,-5.3873763,113.49554,28.55547,27.395657,14.614584,11.800377,9.9331045,12.33753,11.35904,8.582412,9.602383,7.89262,7.0144215,7.345765,0.06654649,0.05107353900812065,3470.525126974811,4209.654638620073
5-223099-A-32.wav,keyboard_typing,-362.67114,105.1525,-5.428267,8.361798,4.265665,27.796022,-2.735965,19.118595,4.9099293,15.00982,4.517039,9.123089,-1.8529651,118.241325,13.961154,35.688663,11.789765,16.656563,16.316748,11.800366,7.717529,9.81192,9.538963,6.398003,5.316373,5.7160754,0.028887196,0.04871710049303944,3587.9274184850137,4687.542297598054
5-223099-B-32.wav,keyboard_typing,-317.29874,108.2729,-23.935003,9.375965,-2.4445632,23.348951,-12.131299,19.114487,12.163823,22.79669,4.484317,9.776675,-1.2926604,136.54175,13.766695,41.449966,12.716234,16.984076,11.756638,10.995976,7.363087,11.229068,8.044961,6.4133096,4.915098,5.319751,0.038969815,0.06449730822215777,3664.1866978097983,4429.61205428819
5-232272-A-44.wav,engine,-199.50424,157.77588,-22.163113,52.502884,-9.697445,32.03076,-14.959139,21.476862,-18.023418,9.271356,-6.362202,14.374787,-4.0826216,7.482531,7.708778,9.226723,5.5941067,5.600131,4.9348307,3.8003755,3.7852948,4.0474358,5.0845165,4.1443415,3.776166,4.9412746,0.06864549,0.03613847701566125,2450.7846065731164,3454.0433471429233
5-234923-A-32.wav,keyboard_typing,-282.36462,61.6663,-56.75837,42.940445,-17.037422,23.903292,6.10959,28.884657,13.467635,11.673627,1.2535491,10.453571,-4.188371,76.60699,30.79521,21.01458,14.335382,14.648891,8.505772,8.622516,8.843975,8.161817,7.2594085,8.189306,6.508653,7.518535,0.053029764,0.05459800065255221,4053.869121861215,3810.6188038781256
5-235507-A-44.wav,engine,-190.77304,126.655495,-57.81686,30.932222,-34.1331,16.356386,-14.966468,19.009117,-14.202733,6.337947,-18.426977,0.82062715,-6.959528,6.0232415,4.580169,4.2843413,4.577719,4.3411875,3.7501452,4.17349,3.5923586,3.609843,4.0014386,3.822229,3.8366084,3.8908195,0.036966156,0.10337854372099768,3635.864114249512,3593.032563074046
5-240671-A-44.wav,engine,-231.30283,163.81221,16.010578,42.160896,18.582102,23.441338,10.376931,9.560461,9.625517,18.689962,26.135609,11.484749,-6.322621,16.783644,7.101272,9.069855,7.535167,5.870249,6.504844,5.446177,6.6380506,5.04307,5.237754,4.5790253,4.6188,4.7934346,0.31525266,0.006664869127030163,917.5242806774883,2174.952966902044
5-243773-A-44.wav,engine,-245.85745,180.31003,-48.457176,31.412361,-18.47929,15.746902,-16.840237,7.1190414,-1.4774776,12.386097,-12.615044,13.467043,-3.702609,14.703608,6.706879,10.150454,4.2773447,4.2734437,3.3708587,5.7674193,3.7487414,3.6106195,3.6209173,5.250065,3.622959,3.5693247,0.033155106,0.050653231946055685,2215.9835930044164,2763.7384539369186
5-243773-B-44.wav,engine,-191.16948,180.55757,-45.56425,34.429375,-16.429193,23.334145,-9.114987,9.237161,4.118965,8.613322,-3.828359,16.704128,4.094213,12.837484,5.0709968,6.2249703,3.8988807,4.811893,4.401318,5.6334605,3.9492774,3.9500763,4.57998,5.6040893,3.9341564,4.2293205,0.0734042,0.03995862637761021,2037.8517318633617,2664.479545567681
5-243783-A-44.wav,engine,-226.87515,184.97571,-36.169674,28.486486,-17.017628,17.378899,-12.73239,9.607742,-6.54043,9.839023,-9.791835,16.652973,-2.9289944,14.071395,7.1004133,6.6946373,5.54413,3.1951625,5.7676682,5.7196174,5.217166,5.8607464,4.174373,4.943316,3.6928763,3.4263816,0.043770865,0.044364486658932716,2039.0909066221177,2821.473706408515
5-244178-A-32.wav,keyboard_typing,-513.2218,68.79943,-64.24332,24.179253,-0.053545535,6.7696266,-21.28909,11.850722,3.0124886,-2.2396686,2.0843132,11.776464,-1.1520393,117.95896,28.431105,39.362648,17.364885,16.975836,19.78229,16.913961,11.827799,13.98913,11.553032,9.620437,10.736101,9.659968,0.0047762347,0.14572986151392112,4589.643727282386,3745.3145333791867
