filename,category,mfcc_mean_1,mfcc_mean_2,mfcc_mean_3,mfcc_mean_4,mfcc_mean_5,mfcc_mean_6,mfcc_mean_7,mfcc_mean_8,mfcc_mean_9,mfcc_mean_10,mfcc_mean_11,mfcc_mean_12,mfcc_mean_13,mfcc_std_1,mfcc_std_2,mfcc_std_3,mfcc_std_4,mfcc_std_5,mfcc_std_6,mfcc_std_7,mfcc_std_8,mfcc_std_9,mfcc_std_10,mfcc_std_11,mfcc_std_12,mfcc_std_13,rms,zero_crossing_rate,spectral_centroid,spectral_bandwidth
1-100032-A-0.wav,dog,-581.7399,8.207122,-6.6588025,-4.2909064,-3.034478,0.25927925,-1.9639465,-0.27157682,0.51828414,0.34188417,0.9061019,-0.009524571,-0.19054948,86.08823,30.637005,26.709665,15.894979,12.837584,2.8392115,9.407924,1.7255992,2.6477423,2.202942,4.135944,1.7318325,1.732612,0.007517813,0.007328750362529003,273.9277031205065,255.4752436615077
1-100038-A-14.wav,chirping_birds,-254.93631,85.83962,-107.10316,31.011576,-39.987736,-17.290342,-37.214104,-18.14569,-11.7050705,-17.621454,-26.893171,-13.461913,-9.417187,24.084105,17.96694,11.424048,13.717228,9.443714,11.233823,10.637623,10.935958,7.9558535,8.9342165,10.558152,7.269026,6.9932,0.04811499,0.15799353792053364,4042.2812036202286,2643.1096962158636
1-100210-A-36.wav,vacuum_cleaner,-30.461212,102.5039,-40.419437,39.0169,-22.44916,12.773846,-8.455193,20.69704,-11.59056,18.945305,-8.014073,2.2268217,-11.832222,18.431297,9.939431,6.1005635,4.8796325,5.0982614,4.306431,4.9159136,4.160092,5.1926255,6.6091137,4.5462074,4.5432906,4.9661045,0.27103332,0.19946912159222738,4410.555927791441,4051.643195911944
1-100210-B-36.wav,vacuum_cleaner,-31.114239,104.30036,-43.018017,42.27738,-26.241453,18.346586,-10.591763,22.34433,-12.172707,16.495598,-7.712118,1.7465986,-8.598816,22.576174,5.768328,4.931542,5.5281854,4.81666,4.880049,4.51217,5.154856,6.1755595,5.1497636,5.571711,4.6592884,6.0848527,0.27481577,0.20207933040893272,4370.451735425155,3949.2391925043707
1-101296-A-19.wav,thunderstorm,-466.6221,144.2614,22.961348,52.213543,2.9706805,11.319603,-2.8959332,0.07640646,-8.92912,10.0191145,-6.9630494,-5.8482037,-11.108883,17.996475,19.142887,13.02348,6.9951153,7.750019,7.5840864,6.499315,5.029333,4.7839046,4.213262,4.8492713,4.231527,4.358825,0.008840839,0.02757372933584687,2075.73886511531,3455.603119744301
1-101296-B-19.wav,thunderstorm,-441.77423,153.39592,32.532093,38.86477,0.3863561,-1.5140976,2.6817217,-3.4703305,-3.5469127,5.8736734,-2.6644423,-7.838368,-6.315548,31.181805,30.932426,16.148382,7.994532,10.438189,8.348928,7.1767044,5.9617686,6.1646724,6.280564,5.5278177,4.491924,4.826838,0.013171813,0.028876567937935034,1850.6465242552126,3093.5558441882226
1-101336-A-30.wav,door_wood_knock,-454.30408,99.39631,29.221006,13.574591,13.696905,5.1459055,-3.056397,-0.112628624,5.8046284,4.9946175,-0.1455908,-1.8429533,-0.20397636,113.89085,95.682655,31.296354,13.751047,14.418465,8.024926,8.961477,5.5768514,8.573925,6.756941,5.2037272,5.322777,4.350238,0.053136505,0.007761519359048724,865.6079127963786,1550.7382899325494
1-101404-A-34.wav,can_opening,-510.86447,30.666035,-15.928082,27.211475,-2.3663497,10.939705,3.7575777,17.757713,12.412342,4.006188,0.22600639,3.745664,4.6867485,129.60094,32.434174,33.298042,15.84592,16.538496,9.990395,8.968792,7.3686676,11.270795,6.9646072,5.1675014,8.304,5.0658293,0.0144184185,0.14545796476218098,5922.564342814441,4545.525834931869
1-103298-A-9.wav,crow,-173.1824,131.6637,-23.350657,44.626896,-16.704086,34.94308,13.708267,24.017622,-3.575602,12.136042,-1.4853292,13.711203,4.838859,53.37117,10.229544,30.799387,7.883867,16.763033,7.5994725,12.556523,6.6396003,6.9118876,7.0234404,4.8225727,4.7540355,5.6423774,0.12386889,0.04132943916763341,2675.1168650710533,3530.1839050425374
1-103995-A-30.wav,door_wood_knock,-579.4564,38.904858,11.928011,5.536368,3.2450657,5.922209,2.6926982,3.5705721,2.8689494,1.5854605,0.86506724,2.2244656,1.9843956,114.23955,71.74729,27.750847,13.007737,12.869932,10.270545,9.39165,6.7629867,5.6932273,3.920744,3.8513436,4.2985077,4.447767,0.0182855,0.0025909494634570765,338.6805519446664,699.7851069208962
1-103999-A-30.wav,door_wood_knock,-642.4821,36.555016,11.361752,2.7105563,1.6775683,5.647139,3.5933669,3.3040557,1.1396793,1.2763884,1.9229513,2.7903545,1.6373537,105.50157,72.01838,26.834929,13.077734,11.307178,10.088299,10.100809,6.1304164,4.9981184,3.9727626,4.4945407,5.294365,3.833725,0.009260468,0.0029070294373549884,347.7864173173228,675.1798540163252
1-104089-A-22.wav,clapping,-147.48158,93.504715,-76.91913,7.2198977,-60.135216,20.933525,-39.915245,8.395384,-28.36872,4.3634214,-19.845127,0.10653926,-19.457022,76.0159,20.458006,20.167126,12.990348,11.710511,8.878461,10.342953,6.9395857,9.526881,6.5335565,7.0017295,6.8621154,7.573507,0.0761908,0.14914783026392112,4687.830619924997,4047.787536985184
1-104089-B-22.wav,clapping,-147.32645,93.660446,-75.62163,5.2929654,-59.118843,25.26935,-35.556274,5.957293,-29.673773,3.8328707,-19.341654,0.44404262,-20.632998,90.078606,22.91579,19.499802,13.968343,13.964178,9.917984,10.404444,6.6300044,8.905671,6.3542423,6.6813855,6.5953455,7.591888,0.07748753,0.1476422020011601,4584.777358511589,3964.3306651554926
1-105224-A-22.wav,clapping,-119.61125,197.70514,-119.88869,3.8067732,-51.351826,3.2398894,-7.710668,-22.327972,7.10115,-19.30867,5.113371,-14.699115,-7.754486,42.611782,13.256613,14.036381,12.705211,9.940744,6.8423147,6.7900515,6.236616,7.1198387,7.52144,5.8942337,4.6911736,4.997842,0.19068463,0.07366815907772621,2202.0136371194462,1945.7500473213354
1-110389-A-0.wav,dog,-586.65796,11.902005,-0.9879025,-1.792529,-2.1774054,0.96933687,0.28898832,-0.3628186,-0.38873625,0.3143362,0.09608262,0.48177743,0.75588816,78.749115,42.957695,10.940509,8.656767,12.727911,3.8915343,3.171353,3.6760552,3.292382,1.5735444,3.124169,3.557764,3.3631227,0.006421845,0.002297527552204176,183.95100932970982,322.67467590489036
1-110537-A-22.wav,clapping,28.667551,144.24019,-70.206635,5.573086,-32.495243,27.131983,-16.791458,-5.6229515,-11.147288,5.8319345,-1.6143336,3.3122683,0.32919198,21.750416,15.5859585,12.465261,9.820314,8.068756,7.2366185,7.047644,6.7320304,5.10068,5.37294,4.5747185,4.7849083,4.6804657,0.41916835,0.08460180720707657,3011.922993723128,3203.812566415578
1-115521-A-19.wav,thunderstorm,-400.28085,155.72517,73.404076,15.19819,5.4999294,16.989422,18.179058,7.343544,-0.92969304,-1.1682855,0.9599462,1.1176574,0.38136467,49.062233,45.54166,10.344306,19.325846,9.420274,9.281073,7.3315926,6.7681684,6.458949,5.2364306,5.1685066,4.7869883,5.10193,0.042250205,0.01072292814675174,446.95131809465136,1005.6729283920938
1-115545-A-48.wav,fireworks,-533.5687,182.44098,-2.1175547,8.500808,1.5592598,2.1977856,0.41588476,-1.9302983,2.1663475,-0.30289897,-0.036474064,0.11566969,1.2332996,115.46186,30.7551,52.640724,13.425618,9.145334,6.9761314,6.145124,6.9821806,4.8628316,4.4746304,4.126461,4.412094,4.337058,0.0051360973,0.036779700188515084,1784.5387898955587,2889.2863300537606
1-115545-B-48.wav,fireworks,-464.29147,130.57695,21.98552,8.46765,1.7059182,0.59344584,1.9142022,-0.5756308,1.3518367,0.9646829,-0.19396147,-0.13914946,0.28203368,107.237404,45.65654,41.32509,16.293585,7.5358515,6.3206267,5.061059,6.686332,5.0535254,4.4001436,3.9001083,4.2619095,4.6263227,0.009742649,0.030725465849767982,1564.8515534305463,2729.2665369096617
1-115545-C-48.wav,fireworks,-471.92743,139.21765,31.494951,-5.4454384,-2.9993384,6.423518,5.367784,0.60128903,-0.80716664,0.9076662,1.4187337,0.27545312,0.63312817,91.96507,47.88547,28.159203,16.635967,8.747256,6.40688,5.985925,5.5461965,4.9746876,5.314996,4.398466,3.9494202,3.829458,0.010418134,0.025953677856728537,1311.9399081388583,2426.8175257410157
1-115546-A-48.wav,fireworks,-484.624,137.97878,54.463367,5.36039,-2.4681838,3.5326638,6.007493,3.2142444,-0.65114915,-1.8652755,-1.0524466,0.12552199,0.9794188,59.232674,39.393677,17.471977,15.202735,8.659525,5.2672915,7.7932215,7.7560897,6.671823,6.1495605,6.9704814,6.3052278,4.222611,0.00964999,0.020144150594547564,1286.0564869165626,2747.0805632026018
1-115920-A-22.wav,clapping,-356.05533,112.76925,-66.3635,-9.309137,-28.225561,23.822763,-17.637957,9.215767,-7.643013,10.809313,-0.068057105,5.959539,-4.3931556,157.95053,19.560555,31.559921,13.213435,25.047033,7.888643,19.654173,7.4488525,12.397906,6.3427567,9.503867,7.1544476,10.22894,0.02177692,0.08428799303944315,3362.940404550555,3531.420352441826
1-115920-B-22.wav,clapping,-264.1267,115.84496,-76.61797,-6.92189,-35.52296,29.15466,-29.157833,14.449486,-10.55873,15.770144,-3.3901732,6.7302165,-6.527154,85.64098,22.540543,18.56235,11.473016,16.103155,8.743885,11.637319,7.45006,6.9410343,9.995533,8.610001,6.691702,9.486411,0.0319039,0.08768217082366589,3512.3264365125256,3557.492694785609
1-115921-A-22.wav,clapping,-333.21127,132.761,-68.10059,-14.768832,-28.493696,24.103779,-24.09763,8.673182,-7.509914,13.623549,2.3037062,2.4477582,-2.8158443,55.361588,22.443014,17.3897,11.644231,10.757743,8.465785,11.10296,8.891329,6.8683314,6.4516826,8.3153925,7.6711383,6.507872,0.01734848,0.06998622389791183,2972.185060443452,3241.9851345938073
1-116765-A-41.wav,chainsaw,-127.49071,166.81856,-67.1187,41.95723,-35.45654,1.5310918,-16.01324,-8.667323,-4.2419686,-3.9056237,-1.5799016,1.6908554,-2.4785943,46.485245,9.381973,21.308357,6.580342,13.768805,5.324143,4.496907,5.7194214,5.287685,5.1565948,4.973781,5.875483,5.1566367,0.16078264,0.05261881888051044,2353.051366461714,2580.733998806676
1-11687-A-47.wav,airplane,-127.05718,132.84338,-36.873947,60.45325,3.9255977,30.736544,2.4978259,13.890317,6.7073526,0.25983742,0.35495824,-0.8396706,-9.118183,117.10515,24.355492,16.52108,17.00563,27.312132,11.015056,18.996359,6.3429894,7.942699,6.9963083,7.1536026,6.3600235,6.472507,0.18333843,0.07945842698665893,2972.1559083869565,3033.5978020198854
1-118206-A-31.wav,mouse_click,-550.08704,74.61429,1.2366292,21.66868,-13.591245,20.577627,-1.2188398,28.296871,10.682884,25.47386,1.9512436,13.929905,-3.920456,50.75018,17.684298,14.925108,11.435083,8.019699,6.8488226,5.1509748,4.8199673,6.655405,6.928772,7.036382,6.1849093,4.9616003,0.0025365294,0.07821789805684455,5270.571086336923,5444.573404408903
1-118559-A-17.wav,pouring_water,-504.83087,95.641136,-87.962364,20.580029,-10.429318,-4.499552,-20.10197,-4.7285333,0.07491407,-4.4580736,0.069262154,-0.53890693,-2.0359526,90.74537,28.02135,31.22332,25.186794,20.476597,17.625427,16.87474,15.083305,16.988531,11.14382,10.133162,9.552937,10.447129,0.004496305,0.13464327146171692,3763.1128624892403,2948.424111466255
1-119125-A-45.wav,train,-254.03943,178.52711,-3.252362,59.531525,15.535041,11.012206,20.284962,14.75135,12.649563,8.955544,14.42647,-0.14992769,-1.9375906,25.852314,16.71158,10.400135,9.362041,8.01985,7.7575626,8.232061,4.8164034,4.567418,4.229997,4.5280147,4.4475155,4.3643074,0.15072483,0.011006153929814385,991.0137010905319,1958.6275457722859
1-121951-A-8.wav,sheep,-551.0908,160.01465,-20.45189,19.595392,11.168517,7.803196,5.0377803,7.483987,11.337348,10.203885,12.492585,15.883242,9.872569,73.4523,15.542281,40.98226,11.447717,7.8185997,10.380903,11.714006,15.135469,8.950685,7.9302487,6.176509,6.136844,6.218987,0.009327965,0.02000140479988399,1286.5515868595635,2400.2200211353465
1-12653-A-15.wav,water_drops,-394.7284,108.555756,5.4079676,10.749114,-6.749058,15.3154545,10.180302,18.682049,0.6177558,10.019117,0.57231086,0.86698467,-13.97538,81.91315,30.191965,20.558022,23.464745,20.529432,11.81437,12.794222,9.897404,9.839536,8.705374,7.658999,6.95286,9.838537,0.018680463,0.06022399760730859,3964.9521216216276,4629.882130840061
1-12654-A-15.wav,water_drops,-514.5597,85.66627,17.05499,23.686644,10.389066,14.282215,5.888461,10.523937,2.5806944,6.062783,-1.4626782,1.3168167,-1.3018146,55.992363,17.477362,20.688644,12.450586,12.522646,7.326973,7.4420085,9.192669,7.204629,6.4708667,5.8010783,4.3257375,5.3186445,0.003939763,0.06928835556844548,5085.543286865246,5690.384983438567
1-12654-B-15.wav,water_drops,-514.53,88.86575,18.652565,24.808413,11.174331,17.382528,5.8598456,11.791325,1.2821321,4.6518273,-3.2359836,2.4967446,-2.4819973,45.70075,16.241652,16.056839,11.601289,8.676927,7.9560175,8.627383,7.552578,5.5487075,5.0289607,6.026966,4.9160376,5.8481507,0.0033216826,0.07547627247679814,5116.556400754093,5783.661989670799
1-13571-A-46.wav,church_bells,-253.76979,194.5215,-31.794617,-5.5574927,3.725066,-3.6294985,-13.900456,-18.774073,-5.849951,-3.4839876,5.3470855,12.391778,4.596905,66.8175,12.553877,35.264206,9.809254,15.499984,11.307432,5.670896,6.0026555,6.2987523,5.66033,6.7176433,7.936145,7.6444426,0.14350794,0.033469357236078884,1230.7250335415206,1592.2237406916056
1-13572-A-46.wav,church_bells,-289.10895,148.99342,-4.3950777,-11.665161,-3.891309,-8.468751,-16.21374,-16.296034,-14.786507,-9.85443,-2.1144729,6.39916,8.630976,40.026764,10.470231,27.953556,11.811072,8.13043,5.889478,6.353233,6.6787767,6.227009,5.4788647,6.2524767,5.2416544,5.6633143,0.083682775,0.041258066270301624,1938.6224568049288,2928.625934705446
1-13613-A-37.wav,clock_alarm,-180.4193,112.353485,-117.92588,49.169155,11.532479,-4.3492613,-10.206739,11.970496,-18.292425,-0.655773,-18.687292,25.383427,-12.044207,19.96959,10.388984,6.3804064,7.84142,7.1136975,4.7196393,6.375187,4.3073044,6.48104,4.7092714,5.306646,4.1556444,4.3083663,0.12675974,0.1837410274071926,3720.548073628933,2351.8005799150183
1-137-A-32.wav,keyboard_typing,-478.7004,124.82803,-42.443184,32.716072,-2.2180023,17.38524,-3.5122275,17.1823,2.333893,2.229761,8.810528,10.438777,4.1012783,139.25923,21.978104,45.106125,12.879525,18.501892,10.657884,15.525997,11.192268,11.053754,9.47942,9.883528,7.2862225,6.9370174,0.008349171,0.03619059055974478,2681.19642853709,3110.125821539724
1-137296-A-16.wav,wind,-274.82867,163.20258,3.629049,69.5879,39.129967,17.431725,13.27264,21.432102,8.468137,1.6577879,-0.8976067,4.002332,3.545826,17.657972,11.518512,7.701879,8.630745,4.826724,4.974176,3.9349813,4.2804265,3.7214026,3.6787286,3.7481256,3.7110517,3.616795,0.15296893,0.008892156685034803,878.5313539383267,2042.6741959123337
1-14262-A-37.wav,clock_alarm,-321.39185,33.042904,-40.03909,-13.588824,-37.530746,8.008633,-32.00933,22.195665,-17.25406,-5.6931686,11.96922,3.2719648,-4.324915,151.28749,14.476295,27.454765,20.866215,23.760221,8.580377,18.404797,7.5739903,8.579995,6.345003,10.918413,4.919962,5.4932065,0.062160324,0.4225558747824826,7953.636000755633,4639.956571995412
1-155858-A-25.wav,footsteps,-393.86697,86.450714,-1.2875872,-1.255329,-14.540146,0.6633632,-8.312909,-1.7814907,-8.477793,-8.280507,-5.660174,-4.5009837,-2.8828483,58.26321,34.124237,16.710587,12.792714,10.870299,7.1670766,6.2929287,6.551085,6.2524133,5.960402,5.9781756,6.592255,6.973053,0.007605559,0.17427335593097448,5765.215616607913,5521.951833605621
1-155858-B-25.wav,footsteps,-388.87265,86.62341,-9.343999,2.714573,-18.829012,6.909204,-11.797057,3.009142,-9.773867,-1.3516723,-9.348601,-0.41685122,-5.2110486,69.95397,24.017859,17.53902,13.313202,8.497888,7.022292,7.336937,6.057647,7.6446977,6.020023,6.897783,5.576459,6.1607003,0.00697317,0.16761641712587008,5822.591262562469,5561.035701927314
1-155858-C-25.wav,footsteps,-389.34265,95.665375,-12.040787,-2.5678563,-17.098394,7.438645,-10.556603,1.6509242,-10.803548,-2.6179848,-8.418499,-1.4648689,-3.9065015,71.33004,26.977451,18.228718,15.923283,8.030947,9.481098,7.023335,7.1322465,6.6831293,6.430508,6.5442176,5.8724265,5.883983,0.007973232,0.15659780126160092,5372.080210879596,5420.657324810495
1-155858-D-25.wav,footsteps,-370.8025,97.94776,-10.6632805,-4.9684987,-18.333235,6.5920234,-12.022562,-0.35348624,-13.956669,-3.8566256,-8.574928,-0.3853259,-4.144792,78.95879,25.096111,16.737068,15.103171,8.505131,7.5556126,5.509777,6.16778,6.7804136,5.215997,6.5288343,6.2226505,6.096819,0.0107464045,0.14656027950986078,5360.890538375177,5520.869518098834
1-155858-E-25.wav,footsteps,-349.2942,108.04737,-1.1056126,8.522657,-5.6175694,-0.75532573,-10.499682,-2.8449824,-11.920404,-14.208124,-10.685082,-7.851793,-7.930957,77.80811,35.403378,16.907244,12.409462,11.043254,7.30882,7.037114,5.7903047,6.5146337,6.1326222,5.5168095,5.296133,4.6458178,0.022034125,0.0858389374274942,4269.6495757385765,4886.91221904108
1-155858-F-25.wav,footsteps,-422.9981,84.74854,-1.1756674,5.725858,-16.549953,6.9748955,-9.9486885,2.000005,-8.670633,-0.40970406,-6.216225,-0.25490022,-3.3619225,61.626354,24.643364,15.861087,14.269352,8.511854,8.074171,6.2204223,6.366748,5.8151593,5.616787,6.2914805,5.323386,5.389814,0.004805899,0.17104005039153133,6047.583984841549,5761.155758021785
1-15689-A-4.wav,frog,-417.22092,53.74738,-38.695053,2.4861634,2.3828306,23.929157,1.5850718,7.2683654,8.32813,15.444241,7.639404,8.688195,-6.6076007,93.1632,17.034584,64.598976,25.235243,9.570068,11.6556225,5.6487694,6.865485,10.495639,12.056971,7.707995,6.873094,13.148071,0.042016797,0.07641091756090487,5168.434669195348,4754.908979691027
1-15689-B-4.wav,frog,-423.87582,62.78368,-29.181288,6.601417,8.468016,26.105083,5.8916893,9.202936,8.744497,20.048515,8.299703,8.509165,-3.7698157,83.13543,22.126749,63.278526,27.332844,5.5776644,8.843186,5.33151,6.2152104,9.084866,13.373628,6.533689,6.262876,11.762957,0.036570158,0.08930335520591648,5088.301422968442,4756.217965912196
1-160563-A-48.wav,fireworks,-415.66763,154.47578,-27.164131,14.300654,-18.852797,11.985136,-1.682794,1.7541672,-1.4374049,-5.422408,-7.4766326,-0.094444685,1.4948949,121.65942,26.240204,31.961878,27.124836,21.134901,12.391335,10.286483,10.345634,6.3569036,6.7285953,5.9678774,5.722542,5.6180925,0.011018775,0.07002927421693736,2538.010790569539,2919.6839692251533
1-160563-B-48.wav,fireworks,-469.27377,157.2879,3.1291974,31.859339,-9.13936,11.597074,0.9416281,-4.7153187,-0.6563373,-9.329547,-6.3990903,-7.9340787,-0.07312449,94.33333,26.902107,24.70215,16.160526,18.843386,8.822898,9.744826,7.2129636,6.306551,5.8227196,5.102312,5.2201686,5.169275,0.0098378705,0.04174408171403712,2068.0450648269366,2990.3721149382814
1-16568-A-3.wav,cow,-362.40726,60.058357,-6.8434353,5.9210496,9.0500965,8.063524,2.1184015,3.438575,0.833623,-1.623176,-0.9567616,-0.45909142,2.431571,140.31006,72.81772,31.436722,10.381518,5.770032,5.241938,10.622433,7.26566,10.228991,13.143224,11.358504,10.051594,5.5873055,0.12137612,0.038468858758700694,3292.42135837166,4138.3655203235485
1-16746-A-15.wav,water_drops,-696.8434,18.306252,2.5457103,8.985428,4.549479,3.9272678,-1.9807113,3.7285588,2.734517,2.1776693,0.1978209,0.73696476,-0.0058887443,92.260544,35.794655,14.656025,17.48926,13.575602,9.820767,9.863104,7.883158,6.5425844,5.216013,2.7785802,4.405604,3.382407,0.0011394636,0.01593654836136891,1132.1186221937344,1247.5483213414682
1-17092-A-27.wav,brushing_teeth,-340.0829,81.98777,-51.30881,28.392557,-1.4246795,24.328272,-13.689412,24.930372,-9.261058,14.821312,-5.2272196,18.005915,-11.838457,44.623375,25.234816,15.520549,11.895983,10.7493515,10.773247,9.580273,9.31428,7.875136,7.5759215,8.143248,6.5022807,6.815534,0.008907684,0.1375027189675174,4823.539387856358,4452.873423182209
1-17092-B-27.wav,brushing_teeth,-556.9924,53.783916,-22.545828,19.020725,-5.187934,16.202637,-8.689029,17.004622,3.5619016,15.632507,-3.9875593,9.785708,-9.134749,235.93893,42.67734,21.376337,16.188591,10.241457,13.865762,9.066763,14.842895,7.1144605,12.586591,5.609371,8.171105,8.521632,0.0039577554,0.07574477051914154,3254.3982940327865,3114.0309803735586
1-17124-A-43.wav,car_horn,-520.5361,26.552866,-11.863173,-1.5731324,0.49440247,-0.45727783,2.0508766,-1.5624485,1.0728229,1.8910005,-0.927945,0.4187072,-0.35899058,124.030785,67.18382,31.216013,4.440629,2.0632331,3.194089,5.89686,4.2347894,3.1651149,5.293503,2.9240057,2.7361708,1.9358776,0.012822116,0.010142881743039444,266.6394907537093,216.97675347969835
1-17150-A-12.wav,crackling_fire,-331.45212,85.4922,4.666396,37.49674,8.067957,36.93365,-4.5820966,6.0659833,11.111185,12.467105,-8.984219,6.5697327,-3.470546,81.90578,30.497282,14.104999,11.410406,8.662532,8.292474,7.050221,6.9735904,6.6401343,5.804529,5.524383,6.0820203,5.5463266,0.022974571,0.07269272948085846,4449.153893460628,4794.851743794441
1-172649-A-40.wav,helicopter,-71.77642,83.144615,-15.326653,89.77189,-33.808506,47.767933,-13.6347475,16.655405,-13.119411,24.28787,-8.799514,10.972253,-9.724197,9.456466,7.258421,8.183136,8.357438,6.374026,7.1732693,7.9534216,6.000607,5.724143,6.074484,5.610594,5.201327,5.029463,0.17948197,0.20256194714327147,5478.543644188672,4260.48655478995
1-172649-B-40.wav,helicopter,-91.99748,93.71951,-12.912658,95.86526,-35.270626,54.203762,-19.173307,18.140827,-15.953615,17.224575,-4.198646,4.004635,-2.2064493,11.277226,6.5394526,5.483544,6.126445,5.744186,6.4038825,5.903376,6.216729,5.840569,6.849875,5.9648113,5.6900477,5.545368,0.17140467,0.16930557569605567,5167.571329639229,4275.821142872811
1-172649-C-40.wav,helicopter,-111.650375,98.73991,-1.9060674,69.930855,-30.70351,52.927475,-15.739289,16.844486,-19.044424,19.513273,3.1015756,1.2511431,1.7883393,27.508059,15.7953205,11.482342,12.30772,10.003979,7.5112314,6.100633,5.9409823,8.099605,9.218039,6.906742,6.04934,5.8237267,0.149562,0.12437237166473318,5145.030660178988,4646.035341597643
1-172649-D-40.wav,helicopter,-105.54899,95.28569,-6.6549954,53.354744,-38.10815,55.517647,-9.257177,25.303627,-10.935414,21.40457,-7.483088,11.094824,2.7995288,29.816383,13.129145,10.332125,13.553675,9.825475,8.477133,7.9926047,8.27151,6.861561,9.406401,5.8886914,5.169456,5.295762,0.16886337,0.14331677784222738,5375.235632163497,4656.4928543478245
1-172649-E-40.wav,helicopter,-146.43463,133.00153,-8.995401,54.055984,-28.111742,54.14588,-4.6285076,17.648975,-1.3740808,18.917315,-0.11804121,6.0604343,1.3893499,21.789703,12.00733,8.77347,5.2466288,5.726448,5.1555343,6.2536306,7.184252,7.3003426,6.6785636,4.533458,4.9187484,5.17803,0.16636853,0.053091239486658934,3053.971551912595,3958.6808071754685
1-172649-F-40.wav,helicopter,-101.69486,157.57478,-28.655285,42.959305,-50.438374,36.571045,-4.0850716,20.315226,-0.9714401,17.81683,1.7497096,8.269128,4.0041485,27.258984,8.865941,11.874289,6.328181,9.468293,9.504253,7.173961,8.571715,7.3630996,6.0683184,5.1741586,6.328541,5.1537933,0.17101859,0.05661456822795824,2744.1530214408217,3456.055011460839
1-17295-A-29.wav,drinking_sipping,-395.37296,104.70501,26.935514,28.127293,11.042522,1.7766348,-4.8847775,-2.2018821,5.000233,8.262773,5.278829,3.3720171,3.069535,93.962814,58.91041,25.843233,19.09692,13.508631,12.194685,18.865494,13.077374,9.922999,10.913517,9.613227,8.2866535,9.6811495,0.037819244,0.02289483939965197,1864.0744953145374,2947.6056598335376
1-17367-A-10.wav,rain,-191.39711,201.01382,-164.47845,58.526257,-3.3402314,-14.553822,49.497772,-30.358635,18.355633,17.137861,-16.606194,22.125116,-11.853877,7.2907205,7.823062,9.100246,5.8630943,6.412885,5.398109,5.006036,5.572921,4.4954395,4.669464,4.3306937,4.2439537,4.121715,0.08683543,0.13603447650812064,3235.660930033544,2035.8728474494699
1-17565-A-12.wav,crackling_fire,-299.86282,92.028275,-30.177244,38.96103,-1.740788,23.690233,-5.7348943,5.8444004,5.518531,9.188871,1.1118757,9.497464,4.770754,96.45583,34.228706,19.362226,17.086285,11.2980995,15.028777,8.796477,12.174404,8.119685,8.729072,8.080024,6.5265865,8.447717,0.023416338,0.07186797600058005,4311.3592665477,4313.218022161913
1-17585-A-7.wav,insects,-251.29823,90.496414,-12.622731,12.962024,-29.266855,-11.850314,-33.626278,-1.881031,-31.404764,-11.128826,-26.78587,-9.505467,-26.018131,45.399223,17.869436,18.494362,13.617876,10.970686,15.004318,8.541533,10.224675,7.68194,7.677921,7.3590703,6.061474,6.1120224,0.03934045,0.10851059491009281,4753.003774195468,4917.72851826896
1-17742-A-12.wav,crackling_fire,-355.87726,23.947433,14.722452,23.452635,6.5855193,8.040243,4.568543,5.1598697,0.5437148,1.235533,-2.2763736,1.1861098,-0.71715117,32.627518,20.059216,14.498881,8.620235,6.363453,6.025541,4.9041195,5.451162,4.563672,4.701656,5.3366513,4.867929,4.6088066,0.0066473857,0.310574064675174,9249.555655545839,6298.1506386015235
1-17808-A-12.wav,crackling_fire,-331.97717,94.08334,-0.6901077,38.71699,6.067024,34.6716,-3.1064327,29.609175,-4.3674974,28.718403,4.316115,14.109144,1.4757468,35.209564,17.337368,10.014289,7.1532426,6.192958,5.7787986,5.757919,5.4663954,5.518231,5.1973,4.772224,4.397771,4.771524,0.048412353,0.024750534730278422,3170.156391857186,4521.9122741442025
1-17808-B-12.wav,crackling_fire,-383.90787,100.387184,0.04789086,45.275055,7.2887125,38.97736,-4.758487,29.746632,-1.2873611,26.450012,6.077884,13.125436,5.0353847,35.773067,13.654785,7.7134085,6.3926377,7.524314,5.715253,6.8939567,5.343518,5.9830804,5.0907407,5.8016944,4.665886,4.5868187,0.028155213,0.02424072832076566,2871.4996021087964,4284.166627338249
1-1791-A-26.wav,laughing,-520.2845,57.464317,-5.071741,6.0735354,3.476485,4.4652185,-2.4561322,0.71999997,-3.5337534,3.4842243,0.57905924,6.909471,1.9362065,167.51381,75.83573,10.381951,11.354881,7.457454,7.9657135,8.8096485,6.291586,6.568683,6.500931,4.2078032,9.796273,4.925513,0.013212934,0.01804601399361949,1122.9485021560588,1518.8176056754828
1-17970-A-4.wav,frog,-238.38326,164.9499,-53.429195,-27.634838,23.193106,8.566375,-1.3605541,-20.880066,-40.452328,-16.077896,-2.2362149,-9.720064,1.5506326,54.2263,16.237656,32.332603,14.140979,15.769417,11.360598,9.769655,8.16291,9.167872,7.1062713,5.6747746,7.4125223,5.247257,0.09713919,0.06294069931844548,1948.3025790208546,2086.480291898275
1-18074-A-6.wav,hen,-435.32593,91.782265,16.29601,-0.6918183,-4.779673,-5.868043,-10.132989,-0.06255328,7.796119,6.7996836,5.538982,7.867725,5.893735,94.32716,47.696117,30.822502,18.542328,18.485304,14.486287,18.502068,10.986468,6.526615,7.4095945,5.230547,5.1855497,4.8848085,0.018943492,0.07394458744199536,4420.389239596297,4861.1919250668
1-18074-B-6.wav,hen,-380.2874,62.97593,14.395567,-2.4887254,-6.4267225,-10.090587,-12.948767,-5.6528497,4.992497,9.202242,9.079619,8.551352,7.2021937,72.66015,44.30122,19.952961,16.490149,12.517634,12.06191,15.549165,10.608562,5.757618,5.645696,5.0190167,5.672553,5.1402698,0.023296705,0.08870291654582367,4357.169286170189,4801.996309571539
1-181071-A-40.wav,helicopter,-256.14786,253.46399,-29.747034,2.9632673,31.736076,-14.7559185,-0.8051229,3.2748303,-13.242652,-7.9491515,-8.226829,-8.778013,-5.769316,20.284735,10.905583,10.2575035,6.3392844,5.2999115,5.231857,5.3785806,5.127307,5.083994,4.5909243,5.1559305,4.7446914,4.561626,0.104051575,0.024544346360208816,954.877582361137,1096.6686323337292
1-181071-B-40.wav,helicopter,-236.50616,247.29517,-19.288805,5.2268295,24.73626,-12.351796,0.03205305,-1.8572993,-8.78931,-4.499183,-10.190064,-4.8626966,-5.5832253,13.054695,7.5743504,9.163314,5.699165,5.965927,4.2901025,4.2631545,4.639068,4.1439285,4.2997417,4.1922007,4.293303,4.161876,0.12839319,0.02301039551914153,887.6785838131298,1076.191376376444
1-18527-A-44.wav,engine,-275.17456,194.74197,-45.745556,24.921467,1.536549,5.354905,13.064361,4.9248586,14.220738,2.5818589,8.825333,1.2895542,4.260644,17.120558,10.920824,7.442345,6.1157784,5.171179,4.5561604,4.1342177,3.926777,4.521659,4.1253724,4.3485417,4.1774197,4.1077538,0.068269745,0.018857172636310905,1419.0078640014422,1996.6266705542316
1-18527-B-44.wav,engine,-288.62918,205.38062,-16.347109,14.211238,9.155263,2.189705,19.149248,10.830121,9.223933,4.8016953,10.259925,10.0599985,3.057075,14.223108,6.8187675,6.3935905,4.933101,4.620812,4.218571,4.740329,4.5052156,4.542145,3.7898707,4.531919,4.1633472,4.424226,0.11589124,0.007317421331206496,866.6704319654667,1615.6755834233818
1-18631-A-23.wav,breathing,-366.72495,164.93068,0.08448852,1.5034367,13.468104,0.2508794,11.854237,13.992713,0.92094123,-4.0277934,-2.1884868,4.9442797,7.28826,82.271286,38.879124,29.934914,13.729856,7.8056602,9.574281,6.7636375,6.042833,7.6069884,6.1341395,4.2967753,4.982716,7.1165614,0.034361564,0.03233418829756381,1546.309513300003,2221.208967238448
1-18655-A-31.wav,mouse_click,-675.6239,23.134693,10.843091,7.655785,2.0739365,4.665594,1.6707141,2.9597518,3.099853,2.3964458,0.9372442,2.1760678,2.9481528,92.25374,38.754063,17.783775,14.102322,7.57995,8.760162,9.557283,8.497935,6.559674,4.8294344,3.6966,4.755036,5.842369,0.0023858463,0.00701267038863109,1021.0485002135622,1353.9266528653136
1-187207-A-20.wav,crying_baby,-325.53894,120.38526,-3.4505997,8.018923,-7.0431376,-11.665671,-2.932857,9.194103,-9.952939,0.4810352,6.471111,3.9133239,2.3225863,114.762665,56.67931,47.81447,22.864744,26.606333,21.46255,14.487967,17.592731,14.130831,11.287768,8.537164,10.568835,8.401735,0.11672753,0.052956424013921116,2502.3713336385595,3110.993921148277
1-18755-A-4.wav,frog,-255.40121,180.8707,-74.0874,-16.801601,12.759198,2.7089221,-3.9769466,18.497734,-2.3215592,-6.986759,13.016082,-4.9970245,-7.115665,79.832695,27.843748,49.97995,21.261204,19.103348,11.711632,13.505661,9.924147,12.376445,12.86742,9.911321,13.475999,10.26348,0.09065136,0.067880156975058,2012.9085492817662,1800.387456934978
1-18755-B-4.wav,frog,-243.80711,177.66495,-78.409294,-1.2195879,-4.4313436,10.816577,-11.182811,10.38978,1.1717917,-7.544012,6.677423,-3.9193172,-1.2318884,68.55533,33.61062,37.168888,23.228975,20.607723,18.765024,18.264467,11.184425,13.218452,9.526708,8.867558,10.305356,8.420559,0.07602773,0.06835144467807425,2178.9647835314,2060.1593798702543
1-18757-A-4.wav,frog,-293.12732,187.70651,-49.620872,-18.906939,10.705965,8.416694,11.170133,23.275286,-5.2406626,-14.874156,11.494992,0.34079468,-6.7667184,79.95599,28.247782,45.462418,16.755175,17.414268,15.757374,10.413576,11.179625,9.178926,12.4830675,10.408456,13.03207,10.047115,0.074137606,0.05027257649361949,1685.8801944428824,1924.6085833052591
1-18810-A-49.wav,hand_saw,-227.1394,98.20091,-44.283314,35.510094,-25.217432,28.132473,-15.864507,19.013763,-5.3578186,16.751158,-2.529877,15.223998,-1.0627128,137.4681,27.041027,28.172358,8.688232,18.682676,8.436728,13.735947,8.592388,10.114933,8.140355,8.187946,6.7529993,8.723297,0.055214107,0.12020102233178655,4360.390853225984,4074.980583306669
1-19026-A-43.wav,car_horn,-499.51968,37.264645,0.2973038,6.0970592,-3.0826793,1.4551088,-2.1367304,0.42163858,0.6080434,-0.12743744,-4.636757,0.39985725,-1.8954992,156.04929,49.555595,30.069046,10.595078,16.856138,5.865927,10.357009,6.3999033,7.549054,5.6140265,14.154223,4.0368056,7.4226437,0.03569951,0.015699771606728537,894.0550546927562,1324.8019950971204
1-19111-A-24.wav,coughing,-537.6019,25.218369,-12.420027,-0.06808212,-0.7549958,1.829768,-4.1594186,0.7137444,1.4169568,-3.0299425,-1.8743885,1.7039216,1.2259707,137.39226,55.803307,29.272003,11.267566,6.6475406,6.521057,10.746082,5.4985433,5.0933995,10.97735,8.157647,5.8421946,5.2024937,0.0139793195,0.014640507178074245,487.01020861642485,446.8515721760397
1-19118-A-24.wav,coughing,-812.7932,15.896901,-0.49832058,2.6773849,0.26902324,-0.71890754,-3.136419,-0.11251492,1.323854,0.6355218,-0.037525956,1.9038152,0.65935284,108.53301,46.082973,11.244314,9.642053,4.4126673,4.631018,9.542244,2.7802405,4.792787,4.1822786,4.457967,8.092724,3.8706284,0.0008296671,0.005548959541763341,436.01272333296015,526.8853525496597
1-19501-A-7.wav,insects,-474.49124,29.088266,2.728932,4.225912,-0.6448198,1.5259165,-3.6747835,2.956121,-1.8380866,0.27421242,-3.8777468,1.3080142,-2.8208928,131.32173,49.497974,9.215738,9.051953,7.1963124,4.249496,7.188394,5.9647756,4.715669,3.337847,6.7157793,3.9251685,4.9801316,0.013557558,0.03588017510150812,1498.8748315389846,1549.647433416697
1-196660-A-8.wav,sheep,-314.47412,191.4756,-43.02272,11.673341,17.962238,9.187244,-13.2418995,-14.312309,-4.075019,-1.2531633,-1.6106404,1.509593,6.4398565,47.612133,17.787443,17.91498,11.096198,10.3716135,6.611377,10.892682,12.410264,9.919396,7.087904,5.609424,6.2903614,5.892891,0.038580056,0.03912367676914153,1644.2145918627139,2028.9300290722238
1-196660-B-8.wav,sheep,-290.5399,211.42996,-69.032555,10.472124,10.407982,15.992593,-9.740758,-7.596861,-0.42862123,7.395469,-1.341896,7.2268767,8.6619425,27.233826,12.589834,13.675104,8.994991,8.679881,6.6218033,8.234582,7.5099397,7.221334,7.590838,6.098474,5.8095884,5.610319,0.039009396,0.05273550790313225,1674.7695157892076,1764.4432554267114
1-19840-A-36.wav,vacuum_cleaner,-216.7341,119.2353,-58.06794,45.386383,-32.625946,26.448442,-16.561771,16.289814,-9.198833,1.6439964,-13.724666,9.066285,-15.523304,4.291022,4.417024,4.4140625,3.9597213,3.8258932,3.9107327,3.7111225,3.913019,3.971908,4.019866,3.4843163,3.7957895,3.4508145,0.02639437,0.12552906576276102,3982.489041818338,3645.2332237556266
1-19872-A-36.wav,vacuum_cleaner,-123.70278,129.74983,-54.395054,46.291256,-20.362259,28.074648,-5.808792,16.884296,-6.213412,6.646228,-10.184183,10.150534,-15.731819,8.288389,8.253148,6.3907003,5.54419,4.692829,5.075208,4.9377685,4.8006873,4.7402277,5.5491056,5.1689343,4.695651,4.555263,0.10187207,0.07224863145301624,3375.0476737435597,3477.4396196403804
1-19872-B-36.wav,vacuum_cleaner,-146.09714,126.226074,-55.78667,51.946583,-21.483643,16.70707,-9.522833,6.5618844,-5.7041163,5.514376,-3.4556587,13.9317045,-14.88799,8.783128,6.836701,3.8003654,4.202612,4.508361,4.2923884,4.429531,3.8611724,4.7120476,4.167199,4.292843,3.8320363,3.787538,0.076906145,0.08386202146171694,3497.03737154474,3409.369048433162
1-19898-A-41.wav,chainsaw,-206.45956,135.2032,-23.588425,45.564945,-19.854225,19.50379,-2.7508934,7.167946,-16.621387,7.9493246,-0.32946175,-1.889874,-3.3244634,91.33261,27.165857,17.560429,15.248083,13.323487,10.033247,8.876333,6.1070046,9.329776,6.4824414,5.722576,8.228612,5.7279453,0.054682255,0.07622512144721577,3316.917863175785,3679.618966050902
1-19898-B-41.wav,chainsaw,-119.97111,125.34713,-48.96449,39.125618,-39.415516,29.029116,-17.199198,16.162998,-22.78352,14.445578,-14.763008,-0.60517335,-6.7137837,57.77531,23.280622,19.731907,9.806659,12.598391,7.95816,8.955428,7.053117,8.7055235,6.8124714,6.2338,6.2807393,6.0079155,0.107928745,0.10759860788863108,3862.6493720001413,3815.841143590443
1-19898-C-41.wav,chainsaw,-158.53067,123.14322,-39.204067,37.267014,-37.156887,31.699608,-22.28124,16.287123,-23.827024,12.87294,-12.130774,-0.82071406,-11.0366335,114.58731,16.037216,17.04817,14.429014,20.242977,16.905968,17.83314,12.265498,8.658996,9.678487,8.094763,8.148266,5.7821574,0.09377554,0.10812767365139211,4110.426956788523,4054.720529106063
1-20133-A-39.wav,glass_breaking,-333.07132,48.288563,-3.987196,25.505182,-4.250144,16.091492,-3.4816923,11.386615,-2.840251,11.356715,-4.3294168,7.637536,-3.934304,253.21242,42.19293,20.866755,20.318733,14.544465,13.348021,11.745936,11.425007,10.014421,10.651303,11.116812,9.524157,9.256724,0.09449933,0.08454516205046404,3255.3730158703556,3099.3483231220744
1-202111-A-3.wav,cow,-259.28705,107.5691,31.792507,17.940947,-0.26333433,16.965574,9.64075,8.35148,-7.6597576,15.5422735,-17.008585,1.0594501,-14.920752,62.031277,37.73018,9.3785515,13.542125,10.643482,10.722553,11.742507,7.5816736,5.689303,5.5458627,7.610821,8.701096,8.468992,0.13147701,0.10521158098897912,4840.069969226105,5135.283311819244
1-20545-A-28.wav,snoring,-463.8979,78.660675,9.834409,35.10205,22.241463,24.459047,11.769912,15.829986,11.701598,13.975851,10.279265,10.457385,0.16573268,128.4284,42.680294,22.538858,12.212183,12.327885,10.598358,8.753904,7.7859406,7.675693,4.9357467,6.118782,5.986444,10.031462,0.030546432,0.02181178400522042,2181.6607548339994,3637.7940046836598
1-20736-A-18.wav,toilet_flush,-18.431015,87.81906,-49.76449,19.4583,-34.228172,10.67984,-29.121677,9.273553,-20.291334,2.7837074,-15.147087,0.53627867,-14.34041,34.0169,25.242153,15.807408,9.291662,10.086974,7.41028,6.884985,8.14971,6.8309484,6.661087,6.002495,8.173124,6.9901443,0.22470362,0.1504869217662413,4797.732012794201,4240.782893192071
1-208757-A-2.wav,pig,-99.70986,181.74416,-42.31594,25.121555,-15.9907875,-11.945194,-11.0448475,2.4713726,-7.6467943,-12.563501,-12.236359,-6.375206,-0.16522394,40.74691,19.45421,20.41466,11.109638,12.725319,11.784844,9.439518,9.270155,9.875539,11.68494,8.866581,7.606487,11.368236,0.26319623,0.04749809672273782,1890.4180513302376,2288.4918720443757
1-208757-B-2.wav,pig,-193.51955,159.13374,-33.17017,30.379522,-7.490571,-13.537994,-12.491755,2.296067,-5.707356,-7.199282,-9.690197,-7.486332,-4.0810223,53.110954,14.664483,13.639157,7.317466,10.745448,10.543183,8.603169,9.055995,5.551856,6.1689153,5.6220984,7.4682584,5.388784,0.076720014,0.05264487565255221,2247.0783239779603,2701.6663343577166
1-208757-C-2.wav,pig,-165.5461,162.64508,-35.865185,24.43494,-11.5728855,-4.202161,-12.022586,6.419761,-6.15799,-4.964051,-8.192267,-6.8962646,-5.6607738,39.76014,19.919403,15.441631,14.47711,10.4893465,7.5735908,10.580587,10.083809,7.373749,6.6333575,6.6472287,6.4339004,5.624856,0.10200863,0.05488575804814385,2286.382063909044,2760.000246971651
1-208757-D-2.wav,pig,-147.57568,176.53778,-41.06159,23.804636,-10.5899935,1.843013,-11.38695,14.9366665,-8.715512,-5.573257,-11.571085,-3.393173,-5.6174016,51.017963,21.484266,15.118835,9.52842,9.461849,7.4952497,8.176383,8.606841,9.05469,8.810992,7.927505,7.427313,7.1397886,0.13911514,0.052894114341647334,2147.875573401303,2668.4132425771677
1-208757-E-2.wav,pig,-212.41608,180.37616,-34.29659,28.620869,-7.1230264,2.4724126,-9.334637,14.282673,-8.562785,-1.7249626,-12.216573,-6.6278343,-7.5332413,39.28076,24.46342,14.404285,9.914575,8.872296,8.377939,7.237839,8.1650715,7.825444,8.150538,6.716332,8.623876,7.2232757,0.08116361,0.044908280162412995,2010.128427145276,2643.5002690859633
1-211527-A-20.wav,crying_baby,-341.08533,65.944176,-82.106964,30.809265,-6.673231,9.109562,-16.728937,16.507875,5.976623,4.1320963,6.138186,-11.980963,4.219473,82.53787,55.773808,39.323578,36.6683,15.472381,16.48178,15.863827,12.508996,14.794663,9.793675,7.898439,11.870282,9.2338,0.05359269,0.10709220018851508,3561.607211887037,2821.201212538938
1-211527-B-20.wav,crying_baby,-253.31337,126.199066,-58.10867,6.017038,-10.739945,-7.9608564,-4.7726197,23.153656,3.6274064,5.8810925,-3.2655828,-3.2153068,5.892382,79.58166,26.17431,33.86124,15.245388,13.543227,16.229506,12.381354,11.146259,10.1569395,7.3313417,10.8721,8.246585,5.952537,0.06495187,0.06195394069025522,2700.470162398481,2883.288649359995
1-211527-C-20.wav,crying_baby,-298.1317,48.14861,-86.777,18.65337,-21.810715,-0.8041247,-23.50426,26.547234,4.2999396,-2.9819849,-2.0268142,-10.272629,3.494319,75.242874,48.809757,31.605797,27.432728,14.869757,14.905728,17.64496,10.752668,8.500995,11.184857,6.4247913,12.02474,9.106147,0.07098057,0.10510395519141531,3733.401976175675,3021.5959768213565
1-21189-A-10.wav,rain,-151.68857,179.4858,-152.86565,82.87866,-61.208073,19.57473,-3.36038,-14.108012,27.40987,-29.734365,13.949817,-13.105353,0.8451749,11.679666,9.532846,8.127059,6.391649,6.6051493,8.93588,9.404459,9.538646,7.2870803,5.312751,5.2920575,6.988392,8.621248,0.08891766,0.15487805430684454,3726.426758700114,2550.5750672530658
1-21421-A-46.wav,church_bells,-158.25105,201.34912,-61.19198,17.229105,-2.2846158,14.761112,-4.310951,4.360934,0.13151069,4.1465898,1.0456704,-6.0231066,-6.2006598,40.5189,19.597897,22.423304,11.611095,13.752529,8.895139,6.330744,5.8082795,6.5563,5.719636,6.606307,7.8669324,4.9790583,0.18623744,0.050733668068445474,1671.6719715229528,1902.2000465777069
1-21896-A-35.wav,washing_machine,-198.24084,161.64044,-53.481827,66.514755,-27.561762,36.96901,5.8856063,0.9800936,27.570902,-10.95605,29.11469,-0.82647294,0.6866792,13.631484,8.725609,9.32796,7.836167,6.0904837,5.005792,4.3566446,4.5854654,4.668325,3.986293,5.54308,4.7748113,5.3617797,0.14639534,0.028461925391531324,2302.7157628077803,3061.0369723877043
1-21934-A-38.wav,clock_tick,-510.64365,126.29784,30.421114,36.207527,23.436802,40.12654,27.569117,13.992752,2.4894173,5.080649,6.4849777,7.6087637,9.465882,87.98258,40.732403,29.808796,14.947564,12.412321,7.935802,7.020049,10.600319,12.1684,8.659225,6.890811,5.582171,6.1363444,0.017986493,0.013539325333526682,1403.2046093822678,3016.297142523878
1-21935-A-38.wav,clock_tick,-373.3081,112.61993,-3.4444237,24.55615,-3.2111495,17.606068,-7.4758034,13.236051,-5.256926,5.796854,-9.15026,-0.07770264,-0.98040926,77.99228,26.850536,32.801315,10.810955,11.552904,6.31895,8.881548,7.066276,6.080648,6.466898,8.0433445,11.973154,5.370165,0.01658134,0.06109746592227378,3951.0952717569967,4618.446369877199
1-223162-A-25.wav,footsteps,-534.0558,8.784339,2.2390614,1.6631129,0.9396231,0.8592123,1.036368,0.92613125,0.56269294,0.40726608,0.36104423,0.21937749,0.34945333,49.361492,36.836685,9.685337,6.4986897,4.617782,3.6239066,4.1471395,4.2713223,2.8943722,2.5132182,1.9233785,1.8880265,1.8323032,0.0045827026,0.002389292705916473,214.33574909132614,317.134215604139
1-22694-A-20.wav,crying_baby,-338.88354,88.77236,-41.115524,16.48558,-16.899357,19.213263,-3.5324574,4.7221975,6.888349,7.9334188,-3.2210004,-1.9142185,1.5952727,114.21884,25.440796,51.059185,22.818516,19.787895,14.238251,16.652145,10.095284,13.487076,11.326993,28.889402,13.706487,8.510476,0.05460568,0.1104410618474478,3918.416094207021,3628.3513124325536
1-22694-B-20.wav,crying_baby,-382.90524,104.47069,-21.382837,19.44289,-13.9264,22.643507,-2.0468013,4.9382896,3.1891975,7.658856,2.3298447,0.041172672,-2.0995207,108.125916,36.89335,51.537758,19.698292,23.968473,14.992649,16.309578,10.748122,12.644469,6.5191674,23.383318,11.027699,7.988904,0.032813042,0.08718029473607888,3540.261047410179,3636.160750216009
1-22804-A-46.wav,church_bells,-112.48983,167.02284,-67.198524,11.540357,-15.151216,3.6527638,-14.239317,16.44344,-9.645766,1.3354493,-10.719654,4.3539543,1.0079049,29.227419,8.917567,19.958132,8.685776,7.614652,7.226843,7.39311,7.28114,7.040847,5.149315,5.0172267,7.640429,8.378644,0.21152687,0.0689280923723898,2236.6450351102812,2444.275215960382
1-22882-A-44.wav,engine,-198.40488,193.04651,-69.80437,28.400581,-0.5151076,11.960885,9.456609,12.505526,7.4548335,10.121231,5.132621,2.050863,3.2150426,18.850985,6.3254037,6.8520894,5.4069967,5.414027,4.1708126,4.932332,4.0328617,4.707079,5.0367036,4.8145304,4.1982703,3.869783,0.09038073,0.0339734991299304,1824.4725185654656,2142.6810007051995
1-23094-A-15.wav,water_drops,-478.21317,67.63873,-31.654732,-20.268764,-29.625603,-16.356253,-41.975704,-33.120434,-26.70076,-14.824566,-19.945532,-9.461901,-16.662985,48.709217,14.188925,36.393524,14.013974,9.486347,9.9730015,10.003488,8.830224,11.729101,8.252559,9.616564,8.746856,8.60114,0.0060524843,0.11178015334976799,5078.741370735415,5073.957623318115
1-23094-B-15.wav,water_drops,-472.89432,68.30166,-35.96953,-23.831163,-35.604813,-22.573118,-49.470467,-31.020142,-36.022755,-20.385698,-26.097414,-10.146806,-19.376062,40.209225,14.954349,30.238539,17.524706,11.0433855,12.416997,9.5043955,11.362795,9.891856,10.440305,7.1001334,7.9798727,6.8224487,0.005526392,0.10535206097737819,4964.276367117561,5154.679467542421
1-23222-A-19.wav,thunderstorm,-273.23895,192.58188,-0.4165311,5.590916,10.768342,8.291498,9.920012,0.28767928,4.988678,5.5546126,0.3049787,4.287,1.8080597,92.986465,34.146175,36.05226,19.361164,14.831364,10.087706,7.5183725,6.360564,5.1554537,6.0404143,4.6255527,4.529578,4.4547505,0.084290974,0.023404645809164733,1147.802178211054,1731.478982578936
1-23222-B-19.wav,thunderstorm,-269.3198,179.17677,19.24849,26.656189,5.851363,8.537225,18.587543,-1.4045992,7.6604295,4.7453985,-0.33712327,7.660975,2.4889638,58.651123,34.202408,24.760883,11.827802,8.086834,6.585229,5.375968,4.4999843,4.58391,4.438788,4.2012563,4.2639213,3.986363,0.12813346,0.014993972955336428,1065.734282155647,1969.5819770722621
1-23706-A-49.wav,hand_saw,-366.83527,103.61351,-23.323715,8.147891,-34.684967,11.572735,-22.079231,7.0378075,-13.135283,-1.7401154,-7.3642545,-1.2902906,-8.096792,79.948875,14.254528,21.878426,10.328319,10.72397,7.0408773,8.104729,5.5792346,6.564515,5.6839895,5.7963862,5.2941413,6.1435537,0.007889208,0.11481859955046404,4536.32113806036,4663.591172592427
1-23996-A-35.wav,washing_machine,-122.419266,190.73412,-55.27658,33.271835,-19.762407,26.397726,-29.394627,8.714875,-5.8183274,-2.9294133,-4.6939297,-1.9403948,2.259931,14.720703,8.948262,6.8046985,5.865764,5.6093545,4.555724,4.600931,4.0512404,4.3013506,4.196059,4.0170903,3.5149448,3.8835597,0.13939764,0.053443572360788866,2057.7506783670556,2504.1412718090546
1-23996-B-35.wav,washing_machine,-48.42791,135.9149,-49.11496,61.706085,-19.0092,45.481636,-20.785374,17.661129,-5.272497,4.585111,1.457665,-2.5991056,10.099614,4.965092,4.5163836,4.5133886,4.3729296,3.9834764,4.1702347,3.9560924,3.898518,4.0332303,3.957457,4.2376876,4.327388,3.8652232,0.22167926,0.11903073339617169,3496.021755931901,3589.254635609362
1-24074-A-43.wav,car_horn,-220.3037,194.28986,-54.787876,7.846441,4.416911,13.127135,-2.9717758,9.360365,24.364916,-2.1780782,-3.6049516,4.16013,7.1376934,34.239067,15.914814,16.042395,12.996513,15.169554,6.3753233,12.233505,8.772098,5.250276,5.881017,5.87406,6.4898977,6.9309225,0.098815866,0.06367935216067286,1711.9951760472884,1729.442644751659
1-24076-A-43.wav,car_horn,-160.34784,170.40503,-59.265,36.56243,-26.10211,27.280535,-3.483367,6.8117585,12.279644,2.4775476,14.262408,1.999923,3.5700226,57.21038,18.303057,16.107254,10.823396,15.427383,12.407819,10.743866,6.007486,7.4921927,5.278912,4.9865184,6.460046,5.6480575,0.1384056,0.058520111296403714,2209.9441561431177,2475.6266516709684
1-24524-A-19.wav,thunderstorm,-474.40283,182.0162,72.98225,14.201331,8.9022,15.187561,12.974,6.4796953,4.6206822,4.6893,2.8182917,1.7994617,1.0946096,42.300797,39.280155,9.522161,15.826938,8.638208,5.751274,4.041464,5.440727,4.808273,4.0829115,3.9886627,3.7723932,3.7969956,0.026601043,0.008254332221577726,554.6180859256359,1425.4313661308777
1-24524-B-19.wav,thunderstorm,-338.81802,154.81268,22.075962,-4.765701,17.971607,16.433004,5.5017986,5.605634,5.985481,2.1257036,1.2536048,1.9378219,0.63454455,84.1244,64.97906,23.689642,17.592966,8.289529,7.6361322,7.77699,6.468282,4.7471666,5.2435412,5.3979096,4.8258786,4.5237513,0.059229564,0.021408470490139213,1142.3097820860826,1642.9301987117465
1-24524-C-19.wav,thunderstorm,-325.20447,168.80989,0.26001996,6.442537,14.291386,8.140943,8.312049,3.632962,5.387175,5.2007794,1.803066,3.6126027,2.3158019,117.819626,59.27685,36.4989,21.188265,13.928194,11.162303,7.606302,6.7248764,5.3445783,6.103502,5.1358113,4.680866,4.591125,0.055417772,0.027943055756960558,1457.9891485893456,1980.5232329477433
1-24796-A-47.wav,airplane,-40.867977,147.8718,-73.10586,65.48637,-28.122766,18.25776,0.8419379,2.9216702,1.808647,-4.0196404,5.2910237,-6.09806,0.38590604,79.60863,24.833696,18.900227,13.566421,16.543022,11.908002,14.291341,6.533482,8.567786,5.6831126,5.9560275,5.944735,4.760071,0.24137758,0.11996424557714618,3444.018994205192,2939.8980809337645
1-254507-A-43.wav,car_horn,-239.3244,164.67001,6.538472,17.351051,17.981674,24.730574,3.9099905,6.704849,5.060802,3.1914124,1.6722246,2.2456627,-2.4179971,98.00763,24.312687,32.76098,19.324297,11.8589525,7.464007,18.972336,8.742483,5.7483597,6.0371933,10.171847,7.410429,3.9121575,0.15731071,0.032933494054524365,1322.5739913776722,1979.7543662956132
1-25777-A-48.wav,fireworks,-537.8678,154.36974,4.864671,-3.1795487,2.887997,-0.20030563,-0.61523676,-0.8268881,1.4640406,3.4963238,3.1090271,3.4885614,3.2485335,95.117035,30.439732,37.02058,16.666218,9.006028,9.682447,6.8514223,5.87324,5.5434117,5.1275306,4.951941,4.617038,4.1645885,0.004234255,0.046113689095127613,2459.9756034587213,3646.447114634462
1-25781-A-48.wav,fireworks,-448.38733,99.22033,-62.78831,4.9940796,23.898056,8.720637,10.513594,-11.060169,-0.7624887,11.148904,1.3904941,4.0546975,1.7408062,51.038536,30.294489,36.078026,12.647934,13.729587,9.857602,17.89405,15.396532,11.524461,13.695287,10.369811,9.97768,11.534769,0.009297371,0.09743533388921113,2850.3094133843597,2249.521386701872
1-260640-A-2.wav,pig,-152.27809,149.1178,-64.945496,26.953066,2.2711089,-9.222853,-11.796157,3.7934031,-2.8006477,-2.001053,1.0148635,5.5733423,6.167986,81.93256,16.561535,19.613504,11.945936,27.567326,10.466435,19.542751,16.121536,9.068694,8.408232,10.886011,8.599633,13.502065,0.15953468,0.0829092499274942,2632.4426715971504,2420.326858711872
1-260640-B-2.wav,pig,-185.90164,157.91365,-73.97831,29.516155,12.818528,-10.782594,-7.85874,11.729879,-6.0105286,-15.82236,1.2540705,8.392853,-4.046443,88.919945,26.181622,19.411077,14.702767,20.111454,10.637508,10.740678,9.563023,12.796666,12.002179,8.336223,7.83558,8.640407,0.13046055,0.10254699282192575,2621.8692292949786,2223.4211443853533
1-260640-C-2.wav,pig,-105.27868,138.53745,-101.13276,27.634312,-5.843065,-11.305881,-12.352755,-0.103291415,-2.090445,-18.726818,-0.7091789,21.288197,4.6874604,62.10197,28.340368,22.298191,15.372579,13.030927,10.414366,9.727486,8.667377,9.2131,9.701564,9.068867,12.76821,12.551315,0.2660571,0.12901047708816704,3079.507551883232,2238.7698495848967
1-26143-A-21.wav,sneezing,-556.88336,23.979082,-14.260118,3.0525765,-3.7314396,4.4498067,-2.8826296,-3.1370518,-4.250139,-6.1407185,-4.301694,-4.2301083,-2.9242096,142.66013,49.771687,32.53677,13.741025,17.425514,13.505664,13.708799,7.3087974,9.549205,12.886386,8.569656,8.175244,7.301132,0.01232318,0.035399824173433875,1752.4588345737054,1671.2540978254642
1-26176-A-43.wav,car_horn,-521.9197,31.790571,-15.490107,15.826328,-7.6516347,5.658287,-8.39677,3.6544192,1.005371,-2.4108903,0.8819549,0.22407648,1.0715156,199.51352,58.77318,30.46582,30.744644,14.35522,11.172268,18.239004,8.510383,3.010157,5.8111815,3.4666297,2.637813,3.3931277,0.030281901,0.027250851943155453,838.5565915182576,730.6295003178881
1-26177-A-43.wav,car_horn,-424.03412,64.41148,-33.02153,7.284858,-20.634346,-1.4729534,-12.873441,-3.022073,-4.0360203,-7.4586253,-4.2466836,-7.335686,-2.8499546,230.42297,84.42915,43.393734,10.069608,27.295986,3.4057007,17.325714,4.9053135,6.1395807,10.507818,6.483051,10.091338,4.6283293,0.06560737,0.02316560324825986,843.3861895460827,868.2162492145363
1-26188-A-30.wav,door_wood_knock,-397.20822,92.84853,28.553719,20.698263,8.306844,10.968207,18.36738,11.30198,4.8687124,4.0529776,6.530725,7.9787073,8.836627,95.334984,72.80378,34.30494,21.540417,10.915701,7.947317,14.656616,9.709048,8.870159,9.636217,8.8449745,5.468709,5.021186,0.109559365,0.027007277769721578,2346.7563701348618,3057.751867951877
1-26222-A-10.wav,rain,-132.24847,89.01553,-48.867645,61.28677,-51.721565,55.82302,-35.017265,32.805763,-14.000888,19.61484,-16.509212,14.293174,-10.938591,14.389985,15.526955,13.055292,11.998351,11.131642,9.400705,8.546727,7.922696,7.122103,6.481077,5.9579563,5.2697167,5.4824142,0.05828283,0.2521400540168213,6155.174279656054,4296.815669609214
1-26806-A-1.wav,rooster,-437.03995,66.61226,-7.1251273,-15.996088,-7.7723403,7.7608504,10.410697,-4.718368,-10.677706,-9.059212,-2.2909298,5.9261456,10.995894,103.745705,71.56133,24.646975,20.490902,10.346725,12.065853,13.378457,10.210245,12.925589,13.334719,6.5341377,8.754564,12.645964,0.08939333,0.0290034530887471,839.3252929214771,767.4872278462659
1-27165-A-35.wav,washing_machine,-137.88087,133.339,-104.0851,54.33463,-23.68881,35.503418,-10.714769,17.237934,-10.56874,2.6060324,-16.101679,-6.832036,-3.8436973,7.612647,6.5952854,4.75487,4.2948313,4.401862,4.1165233,4.9005795,4.05449,4.322951,4.0383515,4.1775756,3.8641753,4.0735326,0.09271288,0.09739115066705337,3368.382309287321,2780.7170439152546
1-27166-A-35.wav,washing_machine,-81.15479,116.96188,-79.34277,42.425232,-28.32134,26.707611,-23.637108,17.788294,-17.110167,1.983334,-4.073153,14.138781,-12.3339405,6.0742955,6.3634076,4.9977803,5.0456686,6.353786,5.2231545,5.236296,4.7691307,5.30509,4.479339,3.979959,4.4338226,5.2160954,0.18920608,0.14183380764211137,3732.4561566021157,3184.78032640602
1-27403-A-28.wav,snoring,-315.29712,93.13927,13.642873,33.38254,4.83163,12.353395,-8.381453,8.370358,-5.774446,15.57698,6.3515625,10.063846,4.227615,78.96883,31.047813,10.653387,9.415525,8.761595,7.1455417,10.431286,6.4298897,9.380974,8.764181,4.556,4.7499857,4.82922,0.05089372,0.0792001250725058,4547.466049134938,5101.107096800218
1-27405-A-28.wav,snoring,-414.11432,82.08793,12.61022,32.129623,2.2210298,11.476947,-1.8376921,7.881042,-3.493526,5.4705253,1.4744874,3.019343,0.6654423,81.18825,31.245369,12.751826,15.851789,7.4222207,5.2796936,7.584963,8.924465,9.2013855,4.9315777,4.7365355,4.0057693,4.6290216,0.019918311,0.13375847411542924,5091.770278424821,4954.32001407058
1-27724-A-1.wav,rooster,-431.77792,52.767086,-32.000595,7.911696,-0.7942727,14.756983,-10.511768,5.201588,-0.71030635,12.2376,3.4630754,1.1003048,-3.7706566,218.25967,63.334423,42.244312,10.863359,7.2274504,18.870693,13.845771,7.233773,3.7614079,15.278454,6.383996,4.5524297,6.073945,0.04665297,0.03895034258990719,1302.3808674324578,1251.8163854559364
1-28005-A-18.wav,toilet_flush,-94.17988,129.67242,-63.28174,0.87337387,-10.29951,-6.1419053,0.35135597,3.994808,-14.069684,-5.879041,-4.57277,-17.745516,10.182405,54.156765,28.71196,16.046099,17.846127,10.93894,8.854171,7.6414757,7.2233777,7.711725,6.9453573,8.690387,6.652324,7.911145,0.16835597,0.09308838457076567,3278.102017551092,3552.2219564298152
1-28135-A-11.wav,sea_waves,-135.89638,162.10173,-47.84823,40.562286,-33.596428,30.047071,-27.157429,9.910904,-10.900506,2.0740132,-4.357802,-0.9472299,-1.414083,37.0962,8.434126,6.2218275,8.25342,5.192534,7.0766726,4.8204017,7.1104655,4.235236,4.926451,4.482156,4.266555,4.5069275,0.09185264,0.06735788863109049,2776.111906727105,3210.3084236873906
1-28135-B-11.wav,sea_waves,-131.77226,161.30846,-44.213966,32.13912,-27.515059,25.710506,-19.94964,10.045735,-4.2723475,1.0542474,0.26533824,-2.001612,3.4692745,31.574583,10.550921,9.790048,6.8477244,6.4072275,5.7559285,6.1830463,5.8066387,4.945697,5.0601354,4.632622,4.501144,4.1229343,0.09148206,0.06487909657772621,2643.538946751504,3092.333817595344
1-28808-A-43.wav,car_horn,-117.96136,170.17775,-61.46682,23.826248,-14.787617,16.183578,-4.9597096,26.67241,-1.8946881,0.065805174,-7.571851,4.3387136,-2.277861,20.01997,13.403202,12.730569,5.8374586,5.798773,5.5093474,9.458518,5.112107,5.339092,6.310735,5.7848096,4.8440104,4.993583,0.17099762,0.06051288790603248,2216.7126719378343,2530.237149766732
1-29532-A-16.wav,wind,-196.70546,133.45354,-69.849846,64.84543,-44.922817,14.46712,-17.216194,17.267323,-0.470069,-10.744947,11.511076,14.824742,-24.80853,37.64876,11.360692,8.067074,6.928596,12.57743,4.373075,6.197681,5.2860813,5.031348,4.801968,6.6036377,6.9909573,5.611505,0.05763575,0.17993333997969838,4003.922785540614,2986.2887943771666
1-29561-A-10.wav,rain,-142.60492,141.12979,-98.17852,63.160038,-24.8628,29.91583,-37.75719,17.45882,-13.29934,16.262058,-14.990223,-1.4294635,-5.765497,26.721746,7.4147496,8.864371,4.95494,6.4044304,4.934474,5.4102874,4.4297986,4.7857666,4.0152135,4.1344953,3.7765443,3.6039774,0.07648477,0.1215888286687935,3495.369115472815,2901.262043506089
1-29680-A-21.wav,sneezing,-562.63794,21.5935,-0.89770436,7.597735,-2.3532379,8.864874,-2.5475063,5.0516987,0.9450857,1.6489298,0.561428,2.6640427,0.33556908,151.10028,30.932003,18.492268,10.655983,16.340832,15.418143,14.192248,9.149919,8.166181,5.711058,8.860304,6.363502,10.395413,0.0094390325,0.15357408280162413,4145.506824578249,2946.9362584769397
1-30039-A-26.wav,laughing,-177.62518,172.31508,-25.954384,35.637497,-0.17827848,12.985711,-13.36365,9.972052,-3.0603032,-7.2072816,6.1852937,5.774026,-3.0537007,56.31616,29.983444,15.0377655,11.6335535,10.832159,11.432835,10.256966,7.708424,7.5898595,9.509999,7.481801,5.9266863,6.863955,0.1305756,0.03699835049303944,1918.6206618080873,2637.026008723094
1-30043-A-26.wav,laughing,-327.576,122.46812,-22.279245,8.624952,-4.6006765,2.8975496,-10.031049,2.5966706,-1.7436489,-8.516292,1.9158959,0.8411707,-2.8962104,180.6844,91.701065,24.413404,12.420958,10.035652,9.61318,10.850686,6.7338433,6.5588274,8.271189,4.9978557,4.8413687,5.6617827,0.07027972,0.02615306880800464,1161.2511516908771,1516.012342378481
1-30214-A-18.wav,toilet_flush,-303.98102,88.20369,-61.565098,29.639174,-2.6170957,18.565191,-26.798143,18.251675,-13.883181,3.2290313,-11.508043,2.9892728,-10.633624,165.1443,37.74843,48.146523,14.574559,10.40673,9.082864,19.286062,10.533651,11.913274,7.6065893,9.889528,7.1259427,9.733788,0.042068604,0.12394866589327146,4345.472925271116,3762.780489382466
1-30226-A-0.wav,dog,-419.65182,158.6212,-5.4210534,-2.6397424,10.662173,13.456296,9.919383,7.764977,7.8637323,6.601514,7.098319,9.0189,8.819651,76.82345,26.418106,35.710575,22.116547,17.839827,8.296015,9.486853,8.525869,7.572897,7.589174,6.698868,8.875185,7.8825536,0.02050347,0.026156467517401392,1422.9911712081444,2225.0222082047735
1-30344-A-0.wav,dog,-399.74576,98.393486,12.832573,-7.1330175,-18.695833,-17.7625,-20.346596,-13.713507,-6.3926044,-13.59,-9.670004,0.34643725,0.70123816,101.02676,56.838474,31.640692,16.992039,23.40795,18.90876,17.155342,10.878877,6.6949596,14.448037,13.3952675,6.150232,6.326839,0.046020657,0.04245441197795824,1778.5765223032017,2509.361877314202
1-30709-A-23.wav,breathing,-231.1359,178.37885,-20.231865,16.295858,-8.479356,-7.7642894,-20.986355,23.221977,8.953831,5.946998,5.9284797,7.415879,-20.336264,110.94543,22.924702,34.895958,14.267297,14.455226,16.019321,13.900953,9.474977,8.713947,10.617987,8.75567,7.590156,12.247426,0.09542259,0.04678663355568446,1885.6728689172533,2655.4116611620384
1-30709-B-23.wav,breathing,-230.5982,179.84523,-13.320913,14.000946,-10.100719,-7.071422,-6.1461587,23.723293,6.0192385,3.663314,11.083991,3.5003288,-12.021008,104.01852,23.3624,35.076138,13.790611,15.896341,13.576355,7.345958,8.893328,9.006669,6.5240145,6.685547,5.1313257,6.502292,0.098792985,0.03840768198955916,1703.2713101236268,2521.315540368389
1-30709-C-23.wav,breathing,-146.68169,179.57265,-41.185966,22.349733,-18.267746,-7.4086127,-2.5063784,19.613699,3.9641912,4.595707,6.8584347,6.5376544,-8.892026,89.665985,15.566365,24.338694,14.459993,13.70171,9.847957,8.273502,5.732732,8.396696,6.385807,7.3209534,5.1022916,7.0221043,0.15628034,0.051369226725638054,1942.3264103802478,2409.1566807076433
1-30830-A-24.wav,coughing,-499.85376,47.163555,2.089925,9.129768,1.3218838,13.214292,-0.32543734,-0.38719076,-1.6210554,1.3837651,-0.32805339,3.0232673,1.9817557,152.60852,70.972534,21.661018,14.393062,9.537193,20.075191,9.112079,8.337592,5.55914,6.476177,5.5382824,6.0878577,5.299569,0.02159674,0.012626205408932714,834.2689334851697,1204.7146513904065
1-31251-A-6.wav,hen,-188.30925,140.80576,-43.200256,0.73504853,-15.134906,4.648517,-6.6263685,12.433544,-12.387401,-8.872019,-21.375689,-10.906945,-16.357256,24.146431,11.985454,15.909567,13.30555,10.008871,7.3391705,6.12566,7.653672,9.921418,9.243271,9.602315,9.700708,7.890616,0.08577423,0.06260649289443156,2660.37820472909,3279.24958333083
1-31251-B-6.wav,hen,-222.51682,131.96848,-65.49709,10.674383,-9.370082,8.558131,4.2329984,10.469914,-22.462143,-13.92595,-12.56886,-2.042364,-11.415364,36.723457,10.50384,25.90384,14.072251,8.896946,8.428558,9.55642,7.0289874,8.581389,9.317273,8.473199,7.9306054,6.467279,0.065613925,0.08030923723897912,2871.8106043180114,2978.0233765260646
1-31482-A-42.wav,siren,-251.51505,167.64737,10.227231,-0.54300874,10.729764,0.20413673,-8.783071,-9.607291,-8.633039,1.9378964,8.752193,17.268423,14.68571,36.370396,15.077917,17.17534,7.7997284,7.9040155,9.742149,9.891056,8.101314,7.463487,7.1007094,7.7769156,7.552754,6.555184,0.19186339,0.02570670497389791,1267.351699440815,2221.9400935374747
1-31482-B-42.wav,siren,-212.7928,179.16528,2.1310132,-2.0393267,2.1177351,-4.3974085,-7.8465705,9.115725,16.101057,28.419565,12.994988,12.496082,-2.376052,21.387976,10.003577,11.906171,8.124322,7.1403074,10.090368,11.342704,15.569671,18.797993,11.463223,12.28803,17.741451,15.472292,0.23090266,0.03540435578596288,1324.9364764931956,2235.380733735412
1-31748-A-21.wav,sneezing,-650.6709,21.187584,-5.0812435,4.693634,-1.4401406,2.2558112,-0.84884983,0.3292043,-1.4892178,3.1285737,-0.30422765,-0.7647728,0.06379015,133.66951,44.559643,23.765305,11.723732,9.178718,5.8857746,11.004702,5.6421294,6.2426972,7.961414,4.0074205,2.5132437,2.6319568,0.0041948743,0.017120432134570766,758.64572156694,809.4918286687642
1-31836-A-4.wav,frog,-283.07526,141.96669,-43.66728,4.6712565,14.53561,36.32466,3.884943,11.028412,1.5801193,19.718685,-9.135386,4.4779468,-7.317781,43.642815,12.40751,38.383396,15.484072,9.786644,8.915162,9.584704,7.010424,12.871268,8.463637,10.809109,6.6697464,5.824899,0.034596518,0.06829479952146171,2708.9044706574173,3324.4362866360248
1-31836-B-4.wav,frog,-199.66513,167.01677,-100.46554,-12.445895,9.698514,37.495895,4.5863214,2.8061206,7.904706,21.893383,-12.46017,7.738689,-3.5191352,25.787968,11.551331,24.010733,13.326411,10.851329,7.731224,9.579521,8.389015,7.174048,7.4614778,6.884361,6.9031024,5.771805,0.104784444,0.08815799013921113,2316.7554804983147,1969.654945583737
1-32318-A-0.wav,dog,-357.28574,74.90722,6.2017283,-5.2450776,0.9159428,12.142029,1.2270166,-5.2427087,-5.1122503,-5.41441,-5.6452255,-3.0821905,4.1537952,91.2054,43.007492,28.694347,22.902903,14.897152,6.810578,12.571723,14.240711,10.739997,10.925983,11.352995,9.919257,5.5239425,0.04872471,0.07681536397911833,2808.6256046455105,3503.0250670525484
1-32373-A-35.wav,washing_machine,-83.13955,131.6386,-23.913542,64.02319,-17.328003,46.946117,-11.690163,25.036081,-8.192364,18.77426,-12.580251,11.968441,-13.089923,14.408502,10.187173,5.8064523,4.2064853,5.3741846,4.1816835,3.8218837,3.2404501,3.6294725,4.88807,3.1801884,3.9909132,3.8807712,0.19232695,0.06733749637470998,3270.5150102612647,3987.2652596889957
1-32373-B-35.wav,washing_machine,-109.4023,154.76352,-23.85699,58.439484,-16.498026,45.17889,-15.561452,28.205545,-10.614372,13.716586,-9.985132,8.74919,-7.949756,5.320887,4.4903865,4.0554786,6.666496,4.136816,3.6356988,3.7201114,3.52963,3.7598684,3.2521722,2.4492295,3.4650037,3.7457423,0.17725852,0.047547944460556844,2499.491090486992,3554.277869143454
1-32579-A-29.wav,drinking_sipping,-592.4789,76.84814,19.853062,20.825945,16.350311,8.1793585,9.548485,12.120049,13.983437,13.51327,11.446288,10.064275,8.04585,85.78162,54.304386,23.52346,14.484769,12.190466,10.567512,10.682962,10.628644,10.592278,9.334711,8.923482,7.4707565,6.0594516,0.004297571,0.03949866770591647,4219.400216157188,5215.077117310073
1-33658-A-26.wav,laughing,-387.94043,106.16789,5.7640367,15.97238,13.11538,14.654997,3.3366847,3.6541271,-3.776225,-0.10653573,1.5330546,-1.5029334,-4.905071,113.362206,36.329292,41.77995,18.81177,16.486921,17.81731,14.293237,11.133851,11.679303,6.3077693,8.956519,7.4972267,7.2215595,0.026124446,0.045738698158352666,2375.448020054458,3399.4437140104374
1-34094-A-5.wav,cat,-275.66968,132.04626,-35.736732,15.639795,-11.288738,3.14986,-14.954023,4.2872205,9.00765,11.237114,-3.9928563,1.5355887,-0.11147827,40.531853,16.20487,21.565605,11.476992,7.0946145,8.591238,12.158688,8.161881,7.460414,7.7615438,7.0027423,6.414157,8.7246065,0.06890259,0.07223163790603249,2606.583224682095,2981.8181990554303
1-34094-B-5.wav,cat,-289.11136,143.34871,-34.00604,16.074123,-17.23548,2.9959798,-16.936464,9.200676,6.7061667,15.390247,-7.0314674,4.4019814,-0.24384508,28.698965,8.942231,20.217953,9.158911,7.521245,10.960165,7.995495,6.763846,6.2813716,8.677204,9.134021,8.389022,7.375141,0.05210511,0.06673365900522042,2439.2421605880554,3005.448819300536
1-34119-A-1.wav,rooster,-591.70715,56.369373,-20.386427,16.52453,-6.6338,-5.2464695,9.755984,-4.6498156,-2.7115192,2.6001272,5.930637,5.4301996,2.0342398,159.57033,75.35048,32.26302,24.888493,15.865652,11.519025,15.078515,11.333469,12.389718,13.318789,11.647659,13.69088,9.629172,0.010127001,0.03561734157482599,1032.3818742712808,849.1527549855741
1-34119-B-1.wav,rooster,-662.6853,59.806355,-21.038109,12.300572,-20.953362,1.5331997,26.856932,-8.992643,0.28068057,9.024882,-0.3277136,8.534894,2.6612923,159.9366,75.15351,29.308807,21.693995,31.484657,13.880977,40.45737,17.37713,24.123478,18.082018,12.2551155,20.590843,23.98125,0.010636275,0.06515552494199536,1474.4008902970345,986.876306950707
1-34495-A-14.wav,chirping_birds,-223.92514,69.05607,-20.8408,15.299485,10.46849,32.58263,-20.053787,3.595208,-7.8266034,24.947496,-9.44193,3.3153343,-14.3678665,19.236261,6.9334493,20.086147,10.984124,15.30662,13.683678,12.477144,10.178398,8.451578,10.026748,7.953942,8.974554,6.796442,0.054409903,0.17266916509570765,5750.346224136677,5165.1617470983765
1-34497-A-14.wav,chirping_birds,-222.7358,65.74167,-18.702187,30.762825,-4.300494,27.803831,-24.433252,13.490483,-20.033266,20.34162,-19.248188,12.599248,-23.226843,8.547124,4.9292984,10.325551,8.345483,8.990884,9.1854315,8.354217,8.137372,8.808902,7.410479,7.617902,7.1225348,6.5368686,0.02446705,0.2145684545388631,6751.549183345438,5598.803402082104
1-34853-A-37.wav,clock_alarm,-296.77917,134.89288,-97.24264,46.61249,15.586316,8.522559,-22.161474,-38.31042,-12.793457,13.657791,26.11141,22.132414,-3.13677,79.38531,15.648764,36.41157,8.724973,22.072912,5.4110856,6.5904427,5.2717986,4.4096293,9.051529,8.872043,9.830733,3.2493024,0.09304314,0.0987268434599768,2716.0477602486008,2088.0793651948647
1-35687-A-38.wav,clock_tick,-511.42618,195.69182,-25.700628,29.314125,-14.816864,-4.9398413,-6.8695993,-15.078636,-14.110689,-25.470366,-18.90963,-24.774426,-21.078135,41.4122,7.7269278,18.426037,6.370843,9.902718,4.390375,6.2489176,5.329275,4.168487,4.382766,7.7392154,4.631722,4.359156,0.008631147,0.019494997099767982,1132.7269085304686,1903.791631294381
1-36164-A-26.wav,laughing,-554.2594,98.441444,12.852872,25.413584,15.301693,19.709776,2.8975449,7.631691,3.5031562,4.358867,-0.70936793,-1.8076174,-1.4353094,109.073,53.519276,22.676659,15.540971,11.088093,13.569875,11.076906,8.375624,8.387739,6.296249,7.3573055,9.062406,7.197165,0.0063789724,0.0995244072650812,3780.645703687833,4152.050847723369
1-36164-B-26.wav,laughing,-362.2099,115.04035,-15.264757,-2.9662142,-6.9401574,7.50278,13.348996,17.58011,3.178291,-5.556028,2.444899,8.279636,0.9159928,94.40953,30.473495,33.93062,18.463615,20.742617,15.76524,16.503267,14.461362,10.848223,9.973809,10.101966,8.935265,10.436938,0.023901965,0.05965414733178654,2572.894979493741,3138.7434156967984
1-36393-A-23.wav,breathing,-667.6212,17.968784,0.20515399,9.376053,-1.6838909,4.242906,-1.931876,2.863408,1.0403751,-0.32097825,-1.3827219,0.5508291,0.20539074,143.87035,37.84376,12.9897995,19.654053,11.618411,8.293951,10.382875,5.8374677,4.015151,5.118986,7.219576,2.7395983,2.5907767,0.0035102307,0.014871619417053365,1007.2943044435841,1123.7645219822198
1-36397-A-23.wav,breathing,-727.8496,43.208447,-4.1619053,12.307203,-6.1576195,12.033914,-1.3668367,6.783189,3.1921608,8.479177,-4.2873554,3.9439063,0.8413707,227.53737,47.787155,30.98839,14.287744,18.746153,13.694949,9.987062,10.240056,4.490197,10.219358,7.941529,5.547442,6.0453835,0.0024402114,0.03354979335846868,1975.870544777881,2296.277756604978
1-36400-A-23.wav,breathing,-739.998,24.940964,-1.1860209,11.473567,-7.697479,3.1049607,0.39579523,1.8845973,1.06761,2.2699382,-1.1444815,0.86323833,0.638957,185.78545,49.65268,14.23438,23.818018,22.578585,6.887936,5.6051865,4.536892,4.3470845,5.843316,5.634449,2.9705987,2.7556767,0.00302244,0.01822161397911833,816.1109804585863,921.6479307573587
1-36402-A-23.wav,breathing,-667.742,34.158207,-13.119451,5.347141,-3.826072,8.376416,-4.755862,1.5924991,-0.24363326,-1.5061387,-3.1838467,0.6994045,0.21730953,193.33614,57.84598,31.333467,10.327255,11.566615,14.457213,11.857118,4.5932784,4.7738004,5.6275444,7.7708707,2.882249,3.24641,0.003558076,0.02290616843097448,1012.0745331891318,1094.482401289118
1-36929-A-47.wav,airplane,-190.8563,230.84933,-22.167917,20.217775,73.73467,-6.217109,-26.222694,13.858742,-1.888399,-21.677477,-4.978689,-4.90048,-14.025862,12.845275,10.98054,6.143679,6.47079,6.0872746,4.8938947,5.7595367,5.7780704,4.848975,4.5796914,5.0128007,4.3648124,4.1756825,0.27315223,0.025369099840487238,1052.3920873713228,1380.9904123026686
1-37226-A-29.wav,drinking_sipping,-528.1505,52.694725,-2.2252245,14.393219,-1.0216208,9.661311,-0.5914982,5.874593,1.9315916,0.4070773,1.2122335,2.3739028,1.6248808,149.80411,55.96762,33.89402,17.711306,11.362097,10.821191,8.4056635,7.135397,7.442737,5.139115,7.3782167,4.903551,4.673024,0.010463846,0.020206460266821345,2390.4016497616467,2702.1698286275796
1-38559-A-14.wav,chirping_birds,-447.7111,52.187576,-97.8827,14.759482,12.776814,26.006357,-49.037735,8.050618,-24.379923,5.893975,-22.35482,-6.1828485,-15.564694,35.8354,12.050769,37.685036,11.145702,15.676877,23.48972,18.407629,8.25155,6.393528,9.03679,6.0792947,9.611875,9.505658,0.009480113,0.14326466429814386,4486.010186317565,3639.0407086437885
1-38560-A-14.wav,chirping_birds,-488.23328,40.19881,-65.94811,10.532948,-24.382298,-12.451154,-42.774166,5.224327,-22.433643,-0.79232186,-19.612753,3.564663,-17.621767,47.98193,17.653105,48.05149,26.997358,15.330704,8.155716,12.133048,11.027637,11.821642,7.9887166,8.865774,6.0725513,7.8288083,0.0050409287,0.21498309708526683,6064.645720281339,4462.776665830419
1-39835-A-9.wav,crow,-183.51373,116.03723,-82.07997,18.472858,-21.512133,10.955801,9.204035,-13.288232,0.29926968,-1.7644329,1.3752073,1.1270833,4.6341095,98.82173,12.523231,34.980885,17.203585,20.497198,16.929379,10.440097,6.7360487,4.4251647,7.168212,4.8987603,7.7620673,7.0445476,0.1425985,0.11202825913573086,3238.0079429186367,2674.2959482237025
1-39835-B-9.wav,crow,-191.00261,122.73116,-96.27155,23.72316,-29.227043,10.892295,6.083212,-15.293936,-2.8211179,-4.553071,3.5182726,0.84606355,8.309758,81.98668,9.544753,37.287823,14.989413,22.869804,15.034871,8.484419,7.190977,5.620718,5.4889026,5.0269313,8.283302,9.020001,0.119835466,0.11432352088167054,3247.2867629288035,2573.624447127154
1-39901-A-11.wav,sea_waves,-178.51347,155.01967,-33.20004,21.91438,-25.351234,12.716211,-27.456533,1.7664632,-23.457624,-5.604312,-13.223295,-6.7343173,-7.375807,32.013554,15.298027,9.777945,10.3734255,8.67845,8.071129,8.113779,7.0275044,6.6792493,6.127245,6.580525,5.8608904,5.77369,0.08085342,0.05100443191705337,2532.452119466543,3234.578995354318
1-39901-B-11.wav,sea_waves,-179.03143,161.09662,-33.162994,24.809418,-30.885178,14.695468,-32.58988,4.92941,-24.787298,-1.3780693,-13.10826,-6.2510705,-9.182487,45.197697,12.739875,8.23402,11.172539,7.782064,8.902825,8.309728,6.2124243,7.06876,5.6116967,5.999653,4.839919,4.4926124,0.08178797,0.05063510549593968,2486.4583792371054,3252.92038572868
1-39923-A-1.wav,rooster,-406.8249,68.520195,-39.044544,-7.557855,-16.76368,0.6072112,3.5817375,-1.8620747,-5.186874,3.4428566,5.5519896,6.2770834,11.936504,168.2031,71.29243,48.861275,16.164574,20.880304,10.084179,8.492518,5.5687256,7.9030557,6.383919,11.034259,10.733023,17.102932,0.08275115,0.034424394576566125,1094.4346869613648,1014.5114664036645
1-39937-A-28.wav,snoring,-321.80292,70.55028,-6.625118,51.774796,-2.4006915,27.226406,-4.1841364,30.23675,1.0966754,27.014212,-4.826813,20.579874,-4.285766,25.099564,12.827173,9.381582,14.568301,8.49802,6.7053175,6.2424736,4.6132426,5.1510496,6.2563467,5.2655854,6.1982207,7.605899,0.019017337,0.0881885785237819,5166.50737135826,5145.745641770271
1-40154-A-46.wav,church_bells,-181.84901,211.05115,-81.52958,-5.3849936,-1.7922195,-16.88983,-11.625086,-5.8457747,-10.88191,-5.632893,-5.8248887,-6.7671404,-1.6690046,26.612894,10.740584,8.320517,8.912701,9.695459,7.587907,6.0635457,5.6605415,5.5114617,6.861881,5.461942,6.3130994,6.0489244,0.13385487,0.06101136528422274,1745.5627599803988,1585.314534595865
1-40621-A-28.wav,snoring,-470.588,111.917725,13.580329,26.958128,0.94328654,-2.966764,-8.2068815,6.969733,16.695873,14.624975,-0.208067,8.652093,-3.5846403,152.67589,28.54451,15.337038,14.432987,7.8993535,7.5113883,8.802617,5.302014,6.531653,4.607811,6.2484026,6.109172,6.797757,0.011357353,0.04077544953596288,3731.1681277900675,5029.762809446064
1-40730-A-1.wav,rooster,-373.49088,91.047035,-27.543186,-24.233173,13.072593,2.6340725,-8.390877,1.783084,1.1198555,-1.0836046,7.852214,6.331109,-3.0630574,120.7457,82.207985,35.40136,25.016802,16.19607,6.3319163,12.351822,4.9155827,5.7280254,7.9420056,8.9902,7.8293066,7.4258137,0.06383992,0.04526967626160093,1111.9206055717764,893.6401368197912
1-40967-A-28.wav,snoring,-458.16678,64.68425,5.742124,17.203678,-10.605736,16.902706,2.685774,20.981987,-9.815894,26.56057,1.8924426,10.762122,-16.552776,61.66193,20.932161,23.608234,9.056757,10.107368,9.449998,7.1149487,7.043839,6.05726,12.084912,7.483825,7.6886916,6.4541225,0.0031570846,0.21817221940255221,7098.400673737667,5827.646150154335
1-41615-A-34.wav,can_opening,-652.27985,20.91287,-15.35399,8.040122,3.6898491,10.540861,5.4212837,7.1113,1.9002849,6.3751965,4.526013,1.9350824,0.69043756,140.07175,27.095972,38.31217,13.8475065,15.239104,13.7307,10.090231,10.428282,11.939142,8.433183,8.423879,5.2613854,5.550635,0.0040577464,0.06201171875,2531.411153369493,2267.4270312163303
1-4211-A-12.wav,crackling_fire,-305.65012,111.83541,-10.205973,53.49313,11.7673025,38.86165,-0.45272997,25.128525,6.4388604,19.068645,8.365195,14.57577,10.695006,71.86057,22.23858,26.150908,11.643055,15.57096,8.9945545,10.879152,8.58143,7.8570676,5.8562107,5.882395,5.789411,4.6028357,0.07208736,0.02511646244199536,2260.973476378761,3375.353059988281
1-42139-A-38.wav,clock_tick,-331.4543,164.36182,25.6535,45.27709,1.5690106,32.11217,-4.0757136,17.298393,-7.607627,11.266577,-8.473924,8.242003,-2.5649931,39.31517,9.296586,13.3199625,11.20442,4.8658004,4.18441,4.4663167,6.802494,5.0438204,5.7364774,11.599757,5.2304997,5.390365,0.047699507,0.017066052784222737,1477.8899838651091,3091.966217870716
1-43382-A-1.wav,rooster,-371.56882,44.883617,-33.06951,-4.1388474,-23.107208,12.381998,-13.555683,4.9427805,-17.27949,6.2429905,10.171797,9.448994,25.355663,157.65193,43.73754,39.514862,13.144023,24.295029,15.467119,18.349852,8.212308,18.26148,11.843472,12.755263,16.171518,26.8603,0.11704168,0.04466697179524362,1969.8596151296017,2182.053378178895
1-43760-A-11.wav,sea_waves,-140.53612,122.478645,-89.04996,1.1032159,-62.63913,9.184065,-55.914536,1.3103753,-38.618504,-1.1845819,-29.600891,-4.0882816,-19.557024,27.488937,11.856295,11.82222,8.617067,9.247661,7.490838,7.433786,7.1004224,6.3111997,5.2985687,5.2697005,5.5582976,5.6767836,0.08077363,0.09426093931264501,3591.5613542709666,3645.6586392327195
1-43764-A-34.wav,can_opening,-710.65967,8.066263,-8.467111,8.617541,5.0496078,3.6266408,2.66843,6.2725034,4.22955,2.6707704,4.432729,3.8621345,1.7823128,102.19152,17.998652,29.017857,17.205557,12.27698,7.330391,8.300934,11.5590315,9.565257,5.8716903,8.800379,7.3570447,4.4321594,0.0018417527,0.03587111187645012,1801.124020637377,1606.5047245474598
1-43807-A-47.wav,airplane,-233.70827,256.3594,-7.252312,13.119736,30.823942,-10.542014,10.77361,13.299009,-10.015862,1.2099506,7.190213,-2.2311044,-5.61771,30.146523,12.333808,20.85269,12.932644,7.7362576,12.413176,7.163207,6.8158836,6.967187,5.103933,6.398087,4.955661,5.05002,0.1836923,0.013821418213457077,752.0015481276727,1099.3175672703817
1-43807-B-47.wav,airplane,-387.77167,248.6246,45.951515,5.9941382,16.435568,11.243332,15.829343,11.691626,-0.62180984,5.0110373,9.47148,-1.5996891,-3.588355,15.715826,12.541909,7.839867,9.520831,6.0233574,5.799575,5.1391883,5.217654,6.5457883,6.876691,5.30054,5.553863,5.266311,0.07411381,0.009599088239559165,487.25653488345483,1192.947202498652
1-43807-C-47.wav,airplane,-417.18225,243.11562,50.495132,18.612139,7.8231063,6.4097314,8.662865,14.775081,-4.589198,-3.0996435,5.684462,4.812142,2.4081414,16.971214,14.3544035,6.9325557,9.812782,5.429107,5.557055,6.056022,6.929092,5.369211,4.8252106,4.5345163,4.708319,4.173382,0.049540367,0.010804497172273782,535.8238369278677,1365.3426193934774
1-43807-D-47.wav,airplane,-286.0067,244.24399,28.396666,12.422407,27.362362,7.4343014,9.1815195,13.067159,2.4235127,2.050903,3.8048527,0.8519945,-0.79864305,55.15756,20.973938,20.323418,7.2830443,13.033723,13.942879,7.0110116,6.4308553,5.868844,4.944854,5.2878227,4.5724244,4.667798,0.18397707,0.010104363036542923,518.0175730752927,1027.3296434578247
1-44831-A-1.wav,rooster,-490.80038,64.17081,-13.940267,4.7558355,2.9970086,1.8525777,-0.46643123,5.7241693,-1.7205489,3.1037474,5.803039,9.357198,-1.1070533,165.4931,82.34434,22.732471,11.946893,6.184529,6.5857716,5.034025,8.971768,5.4032807,6.568242,9.634968,13.899608,4.6792216,0.029367868,0.027647368039443156,818.1577234146705,933.307073541059
1-45641-A-27.wav,brushing_teeth,-139.61708,42.58806,-58.7289,28.815184,-58.333427,20.579765,-25.089561,39.21159,-13.538512,22.818867,-21.194706,20.637463,-8.797941,39.961895,16.110888,19.539501,12.045023,13.546061,14.133563,13.322262,14.225501,13.370051,8.146493,6.8049273,8.436794,8.315619,0.08020984,0.24176945874419953,6685.621595520396,4493.971534949303
1-45645-A-31.wav,mouse_click,-364.85165,76.93234,-6.0508494,33.052437,-6.460986,26.285954,-12.525775,22.390772,-7.7128263,18.772785,-9.145225,17.46827,-8.275908,38.405632,21.693512,5.562137,6.5564814,5.852006,5.6943984,10.739109,5.2063007,4.375323,4.535102,4.458257,4.9544473,5.3521523,0.008845878,0.1457808421548724,5959.516267990813,5409.6026290722475
1-46040-A-14.wav,chirping_birds,-340.52097,52.863663,-35.01574,26.483372,-4.4869246,9.748804,-14.302356,21.881104,-7.201158,27.834824,-9.2871475,15.42871,-10.623093,21.192854,16.808746,14.380742,13.686486,14.628016,10.894958,8.603032,7.7742567,8.59911,8.087086,9.186705,7.2555957,7.6122994,0.008871437,0.20242486586426914,6377.15626915538,5173.185285146606
1-46272-A-12.wav,crackling_fire,-195.702,40.800083,15.470184,65.03101,22.653355,36.75249,2.1430366,19.646368,1.5273557,14.310416,2.6525521,11.269966,-1.8874359,28.894506,15.991535,13.399175,9.770897,7.8869643,6.339597,6.113619,5.9247894,5.4034853,5.8557096,5.0953298,5.040416,4.813363,0.073525496,0.09861581895301624,6203.711005886461,5690.487805099365
1-46274-A-18.wav,toilet_flush,-251.84416,92.2737,-40.381126,41.17667,-3.9536846,24.201693,-10.190237,11.58142,-18.7868,5.833081,-11.869868,-0.12329052,-9.776591,79.16745,21.215303,23.362795,12.284947,9.602832,9.808514,11.145145,7.700354,8.808329,7.393802,8.388231,6.118314,8.173695,0.03147022,0.10705481438515081,4257.027889276221,4053.386275970374
1-46353-A-49.wav,hand_saw,-222.9424,92.2749,-59.307888,33.27777,-29.761776,17.001484,-25.61798,20.404745,-20.672337,18.682465,-6.7551804,9.214532,-7.171716,78.60928,17.02413,26.44149,8.570577,12.524994,7.3137584,11.668389,7.622705,10.340647,7.5528502,8.2049885,6.5123935,7.1381993,0.033685282,0.14229489921693736,4646.271320378295,4024.946636170687
1-46744-A-36.wav,vacuum_cleaner,-46.23816,112.47388,-30.87498,39.6302,-18.858587,21.488508,-17.579628,9.690416,-12.107184,8.976664,-8.419842,-7.853868,-9.485129,42.391644,6.0019355,11.256653,5.107468,5.65908,4.868697,6.240486,4.710227,4.9739227,4.515812,5.1096187,5.253982,10.264636,0.41423613,0.028941143416473317,3425.7403727731185,3942.026193560569
1-46938-A-7.wav,insects,-309.43802,143.34578,-41.768223,40.684963,-25.155766,32.73462,-3.0042741,18.324131,-8.983898,-0.94426423,-1.7218827,-8.452318,2.9736855,35.649586,12.292142,7.3415933,9.758096,9.225931,7.144087,6.046524,5.320793,5.632877,4.658496,6.5780606,4.8625746,4.1779265,0.018785972,0.06450297273781902,2916.887008604768,3333.644707195713
1-46938-B-7.wav,insects,-274.3484,134.14903,-37.06526,34.955204,-22.020727,28.1447,-2.6255307,11.006523,-4.047302,-4.625554,-1.9612316,-7.0527925,2.3846507,40.22659,13.702815,8.157205,8.106672,9.594034,6.1689696,7.9548135,5.57796,5.777932,4.9716606,6.3823414,5.7885094,4.5063977,0.028442152,0.06876382141821345,3050.3916164824454,3356.6128160039493
1-47250-A-41.wav,chainsaw,-110.229645,180.68457,-57.909023,36.11943,-39.114807,17.321167,-15.81059,19.493967,-3.612615,3.5339398,-17.497475,1.3572191,3.282149,16.525158,6.9915943,8.688983,5.724193,4.8337417,4.295199,8.050544,4.511598,5.296202,5.157791,4.6089067,5.0384474,5.2552905,0.15239754,0.054850638051044086,2255.8851351385974,2658.901776532756
1-47250-B-41.wav,chainsaw,-110.921585,168.54242,-52.583744,36.732307,-47.486843,17.49139,-18.58694,20.341293,-6.6593623,1.7035673,-16.500076,-1.4557685,2.4773216,23.535627,10.374876,8.290935,6.4489923,8.917179,5.786571,6.601764,5.196592,5.485079,5.1092796,5.894943,4.971307,4.643455,0.14473891,0.06029650340777262,2534.7479165755135,2951.20189852749
1-47273-A-21.wav,sneezing,-683.76855,36.218803,-12.582797,10.985436,-9.02535,-3.3913715,-10.600018,0.9449647,-0.75380266,1.8922044,-1.0738146,-2.1360545,-4.07848,169.18192,42.857418,33.780647,20.564705,20.30554,14.633483,19.0493,13.694032,18.679901,13.2816305,10.023608,6.99967,9.80376,0.0036137328,0.06009371374709977,2459.104501821547,2380.468112226361
1-47274-A-21.wav,sneezing,-444.8204,35.581512,-9.979558,-3.8109593,-7.381833,-5.7463794,-8.354272,-6.8606057,-3.4857357,-1.7253795,-3.4248955,-5.7830806,-4.3145075,102.1176,48.719273,32.05861,19.089737,15.257804,12.360069,14.235526,14.426133,9.490894,7.7455792,7.844706,8.911142,9.699454,0.026757356,0.04305824934744779,1399.3997281927204,1350.8346921083994
1-47709-A-16.wav,wind,-96.219894,167.52663,30.031506,46.05548,8.387066,21.273067,-0.6865265,15.6461935,-2.6123664,10.588575,-5.0220814,7.1358485,-4.8132434,36.591156,8.649342,7.2352557,8.548092,8.283847,7.603329,7.601182,6.292981,6.7903543,5.0462384,5.5823474,4.508682,4.836258,0.56326073,0.012420017038863109,1337.3115224555254,3037.0445289737954
1-47714-A-16.wav,wind,-191.94493,147.39459,32.418312,45.383823,18.191957,23.908504,11.17631,18.308502,7.185908,12.972837,5.0544586,10.337745,3.941769,30.710546,7.5307636,8.062317,7.929764,8.66889,7.871025,7.278986,6.6143126,6.6574407,4.5036144,5.180304,4.164931,4.3620625,0.376061,0.007268706496519722,1167.2884930835655,2931.242032413486
1-47819-A-5.wav,cat,-481.44363,115.37292,-28.50432,40.92735,-10.3099575,24.900713,-6.871983,14.127512,-3.6868107,1.7204376,-0.9556708,-3.2604318,3.570887,31.37314,12.302018,21.555761,10.181511,5.4032736,4.8163137,4.786946,6.0397925,7.3933578,5.37096,4.4949017,5.370607,8.034336,0.004807483,0.08065703850058005,3536.4268094517515,3713.438796233086
1-47819-B-5.wav,cat,-469.36377,121.66109,-30.626232,37.657497,-11.327699,24.608427,-8.83219,12.545758,-3.8869317,2.4244654,-0.45716393,-2.8393192,2.6014986,29.602808,15.523821,15.983832,9.920118,6.497404,5.1199265,5.4815173,7.8575654,7.474748,5.3602967,5.4142756,5.8787956,9.112946,0.005474439,0.0750027189675174,3324.7207291118348,3570.6377128412537
1-47819-C-5.wav,cat,-490.6466,118.18527,-29.256367,43.622833,-15.686683,29.172577,-8.784974,18.313526,-2.0975733,5.267214,-2.7252624,-3.968024,-0.76251435,13.691092,7.309184,11.179742,9.219947,5.6111436,4.4938903,4.4620576,3.9037595,4.5357256,4.3497925,4.2407274,5.078723,4.178018,0.002801861,0.07942217408642692,3601.342301650471,3825.985477363487
1-47923-A-28.wav,snoring,-305.49677,124.81216,-47.54805,24.693428,-26.963432,13.136245,-29.698193,3.6946754,14.217326,1.3644185,-6.581438,1.651817,-10.029455,100.74748,17.021437,19.979185,15.372196,19.311735,8.055498,16.170248,8.178422,12.614422,7.2693176,7.9837036,4.6307874,6.8473425,0.023792429,0.10337401210846868,3560.7604268277555,3538.0730194704324
1-48298-A-46.wav,church_bells,-241.06636,177.02353,13.615104,19.774586,-2.4384,22.263649,-0.6815846,12.29755,-1.5681685,10.949456,-2.0918388,-0.26351553,-1.4347589,16.098717,9.145251,9.182838,6.478219,4.507302,4.8885884,5.317367,4.769509,4.673804,5.129783,4.84692,4.875903,4.752648,0.091474585,0.02191487819025522,1412.9792930510391,2698.4551242392304
1-48413-A-38.wav,clock_tick,-478.44138,134.6628,12.846451,31.8946,-1.2027861,9.195132,-14.926844,12.39005,-5.43208,10.744422,6.6809244,12.665146,3.216575,97.27074,20.902493,27.10074,11.373915,10.002914,12.113753,11.987921,6.604094,7.724648,4.7084665,6.8110747,7.3009543,5.4168606,0.0105006825,0.030792307134570766,2344.4665787539584,3726.0476831373708
1-49098-A-35.wav,washing_machine,-338.2711,128.83649,0.3793243,17.023941,1.9058422,10.079373,-1.0301791,5.5330863,-0.34692493,4.888228,-0.19698142,-1.6571932,-0.2845162,172.61111,84.06181,18.75995,14.455879,11.9865055,8.403676,6.2601423,6.822444,4.647894,5.0278735,4.5622063,5.3458276,3.7069025,0.075805366,0.01823747462296984,1286.8523369439717,2138.0576990915374
1-49409-A-8.wav,sheep,-260.2415,123.80195,-67.6486,-3.5923421,32.08005,10.189587,-18.521494,7.796354,-20.285772,13.300518,-18.13165,14.631666,-8.609731,46.288273,20.810524,29.95576,14.236436,13.273269,16.02992,12.742097,14.954041,13.674911,10.269233,9.430312,8.225361,9.34813,0.050689455,0.1031009824535963,3478.4865985661454,3701.7434564970285
1-49409-B-8.wav,sheep,-295.13187,132.83568,-36.69115,3.2657068,20.671263,17.371578,-18.904745,17.965942,-22.331661,22.224138,-17.389816,10.058751,-22.58591,20.806765,16.547945,19.4844,10.652712,10.702549,13.031572,7.726282,8.247939,8.541888,8.900251,9.972939,7.648745,10.073585,0.0247366,0.08327857634860789,3488.3498403106382,4413.0895082543075
1-50060-A-10.wav,rain,-60.579556,60.06303,-48.672993,39.435593,-26.677984,12.824826,-22.616596,14.328292,-26.21012,9.860168,-21.738775,6.1929593,-14.748986,7.0257697,6.2632704,5.743842,5.1631303,5.4471626,5.1183953,5.3994074,5.20258,4.951079,4.4847765,4.8829417,4.3596244,4.5884247,0.09859885,0.2257989232888631,6001.267009816145,4441.078799522067
1-50454-A-44.wav,engine,-418.04584,86.61396,-14.137389,19.291885,-4.2607613,9.807528,-7.601463,12.377424,-0.4302504,1.9524039,4.889357,0.13352907,3.451071,196.59972,78.57475,14.036158,17.98402,6.152967,9.712031,8.419279,11.725829,3.3053029,3.9000444,5.647002,3.4077523,4.361483,0.026079664,0.021909213674593968,1309.1465118837705,1805.9797202025745
1-50455-A-44.wav,engine,-433.67688,107.98089,-20.153152,28.867304,0.5851289,17.43359,6.5818577,9.967721,5.1582828,2.6144881,1.1792449,2.5057466,6.752335,196.70938,89.48291,17.327835,24.461596,3.6583188,14.807467,6.0109444,9.022687,5.1266546,3.7357624,3.076358,3.8154032,6.262212,0.04424978,0.01023124818735499,853.010044597767,1407.7271382983706
1-50623-A-15.wav,water_drops,-601.67444,58.347843,7.4597073,13.332837,0.9714124,8.982916,-0.46543953,6.217674,-1.9539855,5.5408773,-0.59782654,5.4294024,3.2428162,78.56147,28.98391,14.305566,11.082138,12.82527,11.836827,10.975485,8.162249,8.962609,6.44584,8.906799,6.670011,5.9578633,0.0021665215,0.14662258918213458,6662.965165013257,5761.249526176819
1-50625-A-17.wav,pouring_water,-524.2148,53.805534,-24.59692,-6.598259,-27.552858,-4.354142,-10.432666,18.806831,11.330498,8.312473,3.2108347,15.766951,6.9228215,71.500046,30.614277,25.076809,21.395168,25.135834,23.09592,18.89172,13.752139,13.45796,11.296607,11.673714,10.044159,10.217002,0.0038767064,0.13465460049303946,5746.695072147237,4981.711029951374
1-50661-A-44.wav,engine,-41.27093,184.14542,-38.82981,30.8557,-11.799334,25.978706,-2.3444767,22.287613,-4.086759,15.86254,4.5193677,14.742879,5.9635015,6.2659483,5.9342513,5.0647926,4.353689,4.352073,4.080266,3.5320175,3.7836413,3.948098,3.6262643,3.6749802,3.5298598,3.8053353,0.46059716,0.027781050609048723,1749.1768651435798,2644.208974980704
1-50688-A-17.wav,pouring_water,-517.9938,31.219027,-40.692856,10.907613,-26.758844,10.223429,-9.255839,15.691909,-5.5201974,6.9416633,-7.084268,3.4026072,-3.3147666,117.42083,37.873928,43.370686,29.720608,34.197945,20.055325,16.398895,16.553219,14.186664,13.550728,13.699127,11.476579,10.106699,0.0041021965,0.16601675790313225,6537.954600270213,4574.087278992681
1-51035-A-16.wav,wind,-290.5352,162.10324,-5.576002,-3.7135596,-30.180925,7.1673512,-23.126541,3.6987255,-25.782358,6.504147,-24.64855,6.5708647,-22.810038,10.2337475,5.6168756,5.9806986,7.371399,4.5859246,4.293957,4.284704,4.0329924,3.8735704,3.7726586,3.8586702,3.663656,4.0111756,0.023091704,0.04740293285962877,2644.6722688668942,4109.534555738829
1-51036-A-16.wav,wind,-259.99747,171.71103,-17.08442,-11.07772,-27.17947,7.3114386,-27.246105,0.10337444,-23.345884,3.5233884,-24.250362,4.164001,-20.54794,5.648013,7.866731,5.012204,5.604275,4.613905,4.260518,3.8667293,4.192993,3.944115,3.8865793,3.7192125,3.7001777,3.912893,0.033069447,0.04386374347447796,2298.621220609061,3576.0370400400097
1-51037-A-16.wav,wind,-114.56231,159.15936,-60.826057,27.969934,-45.917046,24.33934,-35.349052,15.12822,-28.690767,7.4737754,-22.630129,2.0766647,-16.161644,14.634536,8.375183,9.880817,6.9001093,5.360361,5.3469553,4.7040153,4.0220876,4.2545915,3.9588816,4.209881,4.3600826,4.2436924,0.10230475,0.07111686122389792,2913.869694973882,3358.1509972667745
1-51147-A-25.wav,footsteps,-434.63974,68.969795,-26.56256,24.468674,-22.031343,11.380578,-14.170271,3.7327034,-8.572707,3.4394255,-7.4177794,5.407223,-3.8959146,191.97523,43.64311,27.506277,19.608995,21.488342,11.356209,13.951066,10.027649,11.197259,8.062505,9.669642,7.017204,7.192039,0.0127171455,0.11545075949825986,4042.6331129797372,3391.5045902967136
1-51170-A-18.wav,toilet_flush,-80.92469,82.17347,-53.87328,17.66469,-36.17214,14.842744,-22.598436,12.992863,-15.251108,6.1461277,-18.908228,5.571294,-16.301285,63.01852,29.331884,20.021555,13.238391,11.601917,7.565607,8.172631,7.3190517,7.3703074,6.6822476,6.510131,5.946897,7.018575,0.113633424,0.153315780887471,5010.309055761197,4290.725833372759
1-51433-A-17.wav,pouring_water,-419.7452,40.876297,-47.09245,-5.84576,-23.967512,19.33769,-11.262932,13.90312,-29.100637,-8.400187,-17.429304,3.4568644,-10.072633,111.32775,28.42972,35.160393,22.088943,21.886726,14.5674715,11.831808,11.22292,16.628826,13.185765,15.166213,10.523265,8.556739,0.008190927,0.17586168612238978,6573.956643282193,4878.04147162627
1-51436-A-17.wav,pouring_water,-424.4949,55.07877,-19.259045,-13.761721,-60.86248,-20.20955,-31.897625,9.815122,-2.8931024,-0.79615134,-10.364342,12.723905,4.7005863,65.354866,44.102856,22.179482,24.626776,29.06829,21.604376,19.718733,16.30869,13.6972275,12.327999,14.484782,13.724243,8.993366,0.010048764,0.11921992821925755,5601.1818908075065,4837.6070543299065
1-51805-A-33.wav,door_wood_creaks,-332.48193,71.79053,-73.77014,27.35266,-15.040386,13.419873,0.53390807,2.795555,-10.4849825,3.9360318,3.1978893,5.468716,-2.0889006,129.78223,46.32107,58.797226,23.063324,29.302217,13.429174,14.172898,11.719781,12.8928995,11.588478,12.064067,11.52989,11.105818,0.052233182,0.10006706786542924,3495.086949576169,2941.080239673884
1-51805-B-33.wav,door_wood_creaks,-416.2587,67.76101,-50.34878,8.847134,2.6517923,14.219817,8.884783,3.6144621,-6.8268538,-3.0735984,6.6959367,12.172048,10.40032,107.35118,50.83409,54.187122,24.410797,25.026636,18.4744,18.465631,12.676942,14.165813,14.742278,12.014374,17.078287,15.587261,0.03488348,0.073237655887471,2997.9880222469437,2842.293420707891
1-51805-C-33.wav,door_wood_creaks,-531.1103,102.80054,-37.619095,14.096192,8.896958,21.804075,4.445717,-1.0060194,1.4665562,5.493035,4.1189203,3.666512,7.589723,101.004585,40.07918,44.19351,18.383749,27.568,12.446655,18.892561,15.281179,15.783359,15.703012,17.943193,13.536456,14.170441,0.01114401,0.06151777298433875,2921.951507410269,3305.826845754698
1-51805-D-33.wav,door_wood_creaks,-456.6439,57.24728,-29.309252,27.988897,-0.027002746,21.87915,10.614345,7.0867,-1.315041,6.5637817,-1.6445922,5.153121,5.6504083,156.83844,27.427221,56.469597,17.977571,22.232811,15.08074,17.90785,13.729978,15.245914,11.461554,15.006196,13.205904,14.418809,0.026356062,0.0758693898636891,3664.9569879625924,3744.3942644139142
1-51805-E-33.wav,door_wood_creaks,-460.4042,132.05666,-40.321945,26.349442,-0.78247964,9.1236725,6.570627,-4.076924,-0.4706636,1.6257023,1.8385226,10.567915,5.9875336,153.28838,59.62142,60.28332,16.660727,19.245012,15.191682,13.88942,15.9760685,12.432656,9.373798,15.196932,12.908433,15.826544,0.017806454,0.05629282373839907,2608.322654856975,3074.7597842396194
1-51805-F-33.wav,door_wood_creaks,-441.69452,126.2041,-29.824144,15.313979,3.7178566,2.4384477,3.2455792,-6.1915107,-6.8261566,4.6875677,1.034354,5.428119,7.0625057,139.5893,59.664806,58.039696,26.584446,19.268076,15.660251,12.145754,12.894572,11.302389,9.14043,11.119303,9.609223,10.258836,0.020450458,0.04802829538863109,2488.3662666726655,3015.4024770958035
1-51805-G-33.wav,door_wood_creaks,-341.35034,91.60671,-37.485268,27.161158,-11.682774,10.048181,-9.125151,-9.057699,-11.754498,6.9220266,-4.269182,8.266759,2.9449542,200.8916,49.364265,53.019493,26.09889,19.102816,18.152119,15.068525,13.014808,13.118009,11.518151,14.657203,12.473808,15.446406,0.035995595,0.09457362057714618,3960.7949477169764,3661.942886357274
1-51805-H-33.wav,door_wood_creaks,-476.41077,100.40611,-25.094208,36.941376,1.2886802,20.617958,8.50486,9.188121,-3.1631799,4.1469793,4.898682,6.742865,3.2669265,160.29851,33.461517,52.418785,14.207145,23.931526,10.620794,10.822837,6.455967,11.248338,7.0144453,7.632821,6.0113397,12.124052,0.015724577,0.05306631561774942,2973.4233973742844,3622.401421720067
1-52266-A-24.wav,coughing,-499.82288,98.86701,5.598828,16.704958,-12.016684,1.6297697,-5.808007,-4.1338716,7.7351084,1.3900777,-8.841112,6.4825616,1.8720701,147.81503,52.353054,32.680996,20.740265,23.657198,13.676423,15.505777,11.661824,13.259829,8.537511,11.903633,11.3110075,8.878356,0.011692381,0.06381303473027843,2909.2972900228856,3545.945414986902
1-52290-A-30.wav,door_wood_knock,-657.15735,61.82267,4.9557977,7.5632386,5.172002,6.5572696,7.94012,5.7641478,4.497875,4.221735,-0.5078205,0.8795362,2.1037495,135.8086,85.4091,18.187986,13.622112,12.9866085,10.228745,10.922242,9.380341,8.316549,6.519424,4.9086523,4.120288,4.2485566,0.006367174,0.005187563442575406,708.8596708389615,1274.3034374746333
1-52323-A-24.wav,coughing,-528.76917,66.95779,-12.952046,18.315317,7.0779014,13.167431,-6.1744313,5.567675,-2.2532485,-7.46324,4.1720133,1.8933556,-5.871821,177.21962,57.412502,33.76367,15.258613,17.326273,10.9642315,16.216373,8.715944,10.901641,16.060547,6.9583373,7.4078164,10.666575,0.011724285,0.053981701348607886,2747.7807146309715,3197.987226508845
1-53444-A-28.wav,snoring,-256.7267,121.82691,28.30365,45.874863,18.028614,15.380436,5.053892,11.360424,-4.81722,9.843728,-5.185784,1.6975929,0.6970333,111.810455,15.916704,12.03102,14.193106,9.22474,7.2479043,8.024182,4.8870096,9.680178,8.577428,9.057543,4.873901,7.692097,0.18690944,0.015595544518561485,2216.4871696211053,3998.7205006231375
1-53467-A-47.wav,airplane,-260.4102,222.09558,-26.42465,23.710825,37.76769,9.372602,6.67116,15.058659,8.587893,2.0068417,6.3149076,4.3498282,1.7640331,20.423498,16.806452,12.1159525,10.757991,8.600033,8.6822195,6.714077,6.302409,7.1779003,6.429551,5.620392,5.5592647,5.6153455,0.14337358,0.014343686557424594,916.5693287141181,1558.8233733557115
1-53501-A-32.wav,keyboard_typing,-583.8949,33.438564,-34.504143,3.6087492,-8.427473,6.4041095,-12.453856,2.1555629,-7.584985,4.4258475,-6.623254,6.114532,-7.031433,191.56993,24.877796,40.620125,12.555574,10.506478,9.278189,12.355807,5.728948,7.7908664,5.5913076,6.583421,7.1223345,6.627137,0.00285283,0.1916079067575406,5055.596228101752,3935.7225381524363
1-53663-A-24.wav,coughing,-533.4559,60.49643,4.5830045,12.035945,-7.4431806,12.930556,0.93164146,9.027562,7.4789424,4.496152,0.43095154,6.7160616,4.520628,169.21887,43.551403,27.684336,14.819493,23.08547,14.989789,17.393482,7.068619,7.421293,8.518058,11.782931,6.960794,7.054317,0.015413734,0.026079430104408354,2368.0119602221116,3397.5664607241492
1-53670-A-18.wav,toilet_flush,-306.7648,131.90724,-37.686962,47.31733,-12.71846,31.940392,-1.8895887,11.811258,0.7352083,4.553056,-1.4946604,9.568623,3.9725027,30.776949,16.413614,15.78809,9.37175,9.48926,7.9516397,7.7621784,7.7286673,7.0299172,6.638367,7.6027446,7.2449503,6.363572,0.020444764,0.06252265806264501,3006.7221071904646,3397.8136413259836
1-54065-A-45.wav,train,-173.37018,197.44637,-28.275314,36.60482,-2.500648,30.68359,-12.309256,-4.807753,6.0831814,2.585009,1.0839967,-6.423466,1.6065974,19.609722,6.03374,6.015392,5.3464704,5.3145995,5.3030267,5.72041,4.671672,4.47528,4.4052887,4.0888934,3.9076545,3.900073,0.13310012,0.026748975855568447,1499.5785487842106,2262.038658940009
1-54065-B-45.wav,train,-224.65057,202.45345,-3.6416683,30.006023,-0.22539051,10.265569,-13.0886345,0.59946835,0.4067921,-2.0105662,-0.73685515,-2.6065693,-1.5364281,86.62226,14.846209,25.346292,12.253605,11.741384,7.6612744,11.821474,8.413903,6.0959935,4.0623455,5.6587543,4.723167,4.207747,0.11528822,0.024187481873549885,1275.1167606979657,2117.7972303387705
1-54084-A-42.wav,siren,-433.0981,175.48024,-18.608746,-62.08714,-27.420933,-26.051277,-35.35528,-33.941925,-36.2433,-34.91383,-23.151873,-8.38882,6.0811205,35.351124,35.927723,24.794687,20.53012,12.100867,10.459416,10.847116,8.533599,7.614964,5.4558473,8.0057,13.384822,20.516203,0.081318125,0.027998568010440834,923.5752554684215,966.3864414888824
1-54505-A-21.wav,sneezing,-451.74146,37.21737,-5.279749,-0.71019655,-3.724077,1.0430247,-4.2915096,-2.0465512,0.7537751,0.8009307,-0.5618797,-2.9046516,-0.28934363,109.42179,56.851128,22.898563,14.302507,19.745346,10.653924,11.537342,6.637302,10.016763,5.335658,6.757695,6.769192,7.103218,0.022691486,0.05083562935034803,2519.3141020311505,2864.790796859231
1-54747-A-46.wav,church_bells,-238.75514,272.26505,-28.013468,-8.2188225,22.617292,-12.697833,-3.7834563,-3.6329887,-10.5131235,-1.1964662,-2.702735,-5.74618,-3.8454337,18.686884,6.3652806,13.040088,6.987892,4.932692,6.5880275,4.587731,5.5936494,5.4301085,5.0576262,4.6472054,4.757557,5.5843544,0.14917022,0.028346369272041764,910.2191542049117,1056.7173540915387
1-54752-A-18.wav,toilet_flush,-144.773,100.98901,-29.715559,20.742735,-13.072699,18.780397,-14.446217,15.637911,-3.7915714,20.980291,7.0154824,11.523668,-7.248753,156.8857,20.152803,34.455418,8.844338,17.487272,7.3100524,12.702495,8.746523,7.645215,9.909824,4.673771,5.442456,8.246955,0.10267586,0.09545955082656613,3763.455983224729,4112.577792339328
1-54918-A-14.wav,chirping_birds,-399.8639,108.94698,-12.10425,98.70945,-16.89142,-15.863401,27.397509,4.141605,-22.511814,15.691624,-9.991782,10.180871,8.86347,24.539837,14.593743,19.599747,27.456888,15.193396,20.745796,16.958754,18.933382,19.389666,19.14554,18.045767,16.658354,12.620286,0.0374633,0.17974187935034802,4121.830078622347,2695.483810772248
1-54918-B-14.wav,chirping_birds,-406.9544,117.0714,-5.4332356,92.83377,-14.10323,-7.205308,31.604166,5.330515,-14.401528,20.182596,5.7571044,13.612491,9.346714,19.13209,15.244752,16.817614,24.686071,14.3233,18.252134,14.658362,16.918081,21.094023,11.712437,16.948385,16.12702,11.740573,0.03282288,0.07669980785962877,3078.9674332577374,3062.9097023967183
1-54958-A-10.wav,rain,-67.378075,152.2045,-109.552216,67.52517,-39.781754,21.67145,-7.6267323,3.770233,7.987289,-0.29326415,6.925873,2.7620382,2.24785,10.444899,6.514437,5.1729608,4.8178196,4.6407723,4.2008286,4.0457635,3.913676,4.0010123,3.8761103,3.9570324,4.195381,4.05363,0.15410493,0.13719456931554525,3518.001671982653,2641.9006544370054
1-56233-A-9.wav,crow,-303.15012,148.43526,-132.49922,5.6350484,-25.202501,-22.055155,37.76027,-17.377747,-26.362148,-8.832837,-7.6659746,0.59386444,2.719677,69.393654,8.50801,47.50906,11.971161,9.913089,5.7322526,8.572346,12.077368,5.2778068,7.860528,6.3038263,6.774918,7.6577187,0.050018728,0.10126341357308585,2787.0554145857473,1877.7159085250028
1-56234-A-9.wav,crow,-428.64917,111.198975,-86.27062,7.6563134,-18.623709,-15.350972,34.93297,-8.169528,-22.114666,-6.139202,-5.9618845,0.7208961,6.0275626,170.18216,69.86836,60.629707,12.339665,15.428687,12.189256,22.331804,7.983843,14.473461,11.41149,6.7533107,8.069041,7.074013,0.02746461,0.07802303871809745,2105.48178265633,1409.268123707376
1-56269-A-18.wav,toilet_flush,-141.65408,76.91267,-53.97113,25.741888,-23.73417,20.358925,-13.799101,14.395989,-19.400892,10.784955,-12.052685,4.9072347,-10.837349,36.232033,22.852863,15.614659,10.65081,8.731759,9.026142,7.832954,5.995761,7.317865,7.8147817,7.593125,6.654329,5.8257976,0.06537498,0.1627007504350348,5037.013656066241,4189.897262615214
1-56270-A-29.wav,drinking_sipping,-526.5852,45.924404,2.1714962,3.7457738,-0.91898376,0.1664827,-2.645431,2.1127846,-0.96116495,2.5129857,-0.15358396,1.4447031,0.73482496,139.92358,72.311226,24.640656,13.927369,9.862138,7.859448,8.543269,7.9357467,6.3293967,6.3803406,4.498974,6.3380437,4.2612867,0.014512267,0.023955236731438515,1369.0564077046793,1542.5545682297272
1-56311-A-10.wav,rain,-102.38264,135.22942,-93.92697,72.64612,-40.25812,20.004328,-24.158,7.903283,-24.482304,11.141266,-17.910852,3.509971,-5.9463162,22.879618,7.041421,5.967326,5.8834,4.957622,4.7930527,5.4118285,5.0058928,4.543232,4.267723,4.2090836,4.194176,4.21814,0.10102478,0.15206505582946636,3867.3602152972517,2924.2059176540697
1-56380-A-5.wav,cat,-437.60843,56.31366,-49.911087,10.264855,-2.8539064,1.4588501,9.371716,1.7614962,-3.2758296,-3.7987666,-8.804102,0.9039525,2.9690647,139.56343,49.079765,49.75992,12.500095,12.159585,10.705162,13.239394,6.1320424,8.835212,7.47335,13.433596,4.9312596,6.6470957,0.047085863,0.0526403440400232,2005.6189346022234,1637.5431127986528
1-56380-B-5.wav,cat,-548.22266,50.45899,-48.507763,19.486885,-1.9533486,5.330442,3.787137,5.9234715,-4.931575,3.7601948,-1.8343449,1.4039626,-1.8679667,191.04222,52.63896,57.568703,21.897213,12.804938,10.224877,9.091871,7.681334,8.02906,6.56623,7.703638,6.1772537,7.3581324,0.022010766,0.05623957729118329,1879.3733735051067,1401.6853520800694
1-56907-A-46.wav,church_bells,-273.07812,184.26541,-59.611134,40.812572,6.897952,4.378351,-13.041184,6.88228,-8.672172,6.603552,0.84042084,6.1338277,8.912906,29.845604,12.857389,23.836092,11.838462,9.024574,8.428059,6.9446006,7.29509,7.824338,8.810904,8.381324,6.986831,5.8926063,0.04931544,0.07140575152262181,2014.6638074613272,2202.6269946821794
1-57163-A-38.wav,clock_tick,-563.8711,58.588158,-31.929823,-20.341925,-24.945156,1.4263768,-6.2060595,12.363501,-7.983003,7.2492604,-3.228142,5.5364795,-4.194333,197.0396,31.163141,49.368683,17.404503,21.24717,14.653309,13.284385,11.361197,11.790515,8.095616,15.390201,9.346639,11.392165,0.006908585,0.16692194750580047,5949.327989129827,5428.41311019788
1-57316-A-13.wav,crickets,-399.21786,-69.577675,61.970833,24.048744,-25.473473,55.658447,-26.071928,25.196413,-0.48792952,20.938637,3.4659617,11.103593,7.3875,50.32935,25.633898,10.860226,6.718641,7.4563203,8.241939,6.5286684,6.987901,6.213072,6.811217,6.87994,6.052287,6.215475,0.038159482,0.47421172600058004,11386.421819496887,3606.030010314843
1-57318-A-13.wav,crickets,-371.12906,-30.753866,51.60035,36.701054,-31.533674,60.884888,-29.636976,30.572186,-6.803993,16.222376,1.5382386,10.281743,0.9573663,13.542369,10.912898,5.1676254,5.024573,5.5759254,5.0032144,5.142435,4.483348,5.0157967,4.692347,4.9991646,4.6202846,5.149974,0.025497997,0.45513137144721577,10603.149071793794,3673.5822844278496
1-57795-A-8.wav,sheep,-332.8742,127.63946,-39.778534,2.6760113,4.522952,-2.7658627,-12.619966,-1.468347,0.84710866,-11.17879,-0.31380114,0.65609735,-0.16024958,112.24837,58.92386,30.20232,15.3840685,16.712774,11.986302,10.785807,11.690592,10.125113,8.956543,11.026645,8.27234,10.911159,0.043325085,0.06488815980278423,2337.936860878736,2474.4180291948333
1-58277-A-3.wav,cow,-405.2684,95.40364,-8.655917,-5.9075375,-14.134385,3.169004,-5.298027,0.026738673,2.495318,1.0556176,2.1007912,-11.102886,-9.391058,192.79054,104.43215,20.105326,11.213084,17.672659,7.6092544,8.840395,4.4640217,4.241485,6.485526,4.1580696,13.492185,11.516579,0.12592173,0.017215595997679814,616.6078830806829,892.6559578913681
1-58792-A-24.wav,coughing,-245.5371,70.93969,-18.643654,7.647896,-14.498005,6.1799855,-6.014036,-5.9388447,-5.886427,3.3474915,2.5122743,3.4594288,4.413673,200.78075,56.143833,33.58129,10.553419,23.319237,11.799137,18.45079,10.32371,13.038564,8.052936,10.168773,6.626859,7.9370375,0.19113714,0.04026677602958237,1995.5735359738087,2294.9490488774336
1-58846-A-34.wav,can_opening,-410.80548,20.12249,0.3967758,10.279607,6.044715,13.29889,11.54439,13.695276,4.57499,4.4147296,3.2092903,6.6599083,5.6553526,106.636826,23.62264,24.874298,14.101935,11.550288,10.78749,13.4826145,11.597919,8.435175,8.291084,7.399797,6.449462,5.597473,0.022814991,0.06824608468677494,3555.4411455199734,3693.654266365215
1-58923-A-27.wav,brushing_teeth,-135.39468,26.009947,-67.90667,16.19073,-48.773674,1.7856493,-28.169338,24.242466,-8.4703665,12.163693,-15.702769,6.708026,-13.399727,53.2041,19.544714,19.49615,12.058356,13.199864,9.877766,10.312091,12.810566,10.885255,12.361289,7.894039,10.831635,10.20504,0.087493844,0.23693422817575405,6418.758570319375,4365.051911418153
1-58923-B-27.wav,brushing_teeth,-156.08385,14.171211,-72.35026,16.799728,-48.822124,19.120224,-20.479158,35.90897,-11.179274,16.970325,-18.366394,11.072587,-17.808947,46.210537,21.968071,16.637812,10.94589,9.689367,10.737816,12.139323,12.053145,8.212629,10.513525,10.812341,8.0180435,8.199173,0.071220234,0.2703775286397912,6999.725751573514,4452.552360792123
1-59102-A-13.wav,crickets,-318.27405,-50.351173,8.013767,67.7336,-100.342735,89.8004,-49.06142,20.501196,-3.110923,6.9301367,-6.523547,13.258229,-11.93843,42.318176,17.314718,13.191623,9.100445,8.226342,8.103535,6.611204,5.074711,5.0713325,5.45336,4.984255,4.432095,4.9478383,0.14067136,0.4025284132105568,9320.606311734433,2124.75220564199
1-59324-A-21.wav,sneezing,-540.0378,13.542229,-0.92838943,3.8238733,1.2048438,3.6565466,1.1297101,0.07843186,-1.4348444,-0.33222955,-0.8493863,-0.7946362,-0.5063802,113.46978,34.80581,15.130925,10.119284,4.8636665,10.004328,3.5996444,6.640041,6.6416936,3.6367364,4.5138593,4.198355,3.8361428,0.010123093,0.018204620432134572,1410.520571641513,1456.1929326572872
1-59513-A-0.wav,dog,-370.82617,154.76208,42.25497,-1.2048653,-2.4832265,-7.971534,-10.472537,-5.8924384,-4.1036515,-6.489337,-9.538489,-9.163576,-2.643825,65.44395,49.96218,25.160688,21.72252,14.745569,16.644115,13.772692,9.507442,9.2026,8.71161,8.590101,8.575904,7.3721733,0.07198205,0.02614853719547564,1143.725654300139,1733.6891705092391
1-5996-A-6.wav,hen,-257.18768,132.93385,-40.337986,-18.58034,-1.0975467,-2.4970021,-5.435941,5.4109764,6.5467944,1.9358383,0.31136015,6.5811057,8.577464,83.50695,25.443151,39.906048,13.665721,14.007153,10.08263,14.153624,16.400412,8.47302,8.979361,8.603595,11.311452,14.394872,0.13052906,0.057621719112529,2203.65015375718,2564.1883323000116
1-60460-A-36.wav,vacuum_cleaner,-124.14052,82.08727,-67.561935,33.145996,-33.874035,17.051653,-32.37471,-6.5868187,-44.449226,10.3589115,-21.861324,8.78271,-11.155018,4.539775,4.3220935,3.6889157,4.344609,3.8726232,3.8544307,4.0113335,3.8608713,3.7197611,4.184354,3.9707384,3.7484152,3.7102194,0.0745777,0.14527330155162413,4817.435687372017,4071.429211714356
1-60676-A-34.wav,can_opening,-542.0968,46.3789,4.330097,24.587717,4.7930565,12.435631,3.4051194,9.816041,4.327763,5.4999166,0.48292854,7.7345624,3.2139878,150.40143,44.2992,22.340252,18.431183,13.290797,10.7305565,10.8672905,8.673145,9.492041,8.546938,7.0661316,8.078377,7.520833,0.013812659,0.07029324064675174,3572.188395022733,3639.640181459667
1-60997-A-20.wav,crying_baby,-361.05264,50.639736,-83.935844,13.24879,-27.657467,-24.422176,-6.01313,6.296586,-11.41262,2.5036345,-9.878401,-2.3236477,-11.778388,123.32993,28.389774,59.996933,19.405598,18.438627,18.885307,18.487026,12.485424,10.248331,9.5082855,11.398039,14.081234,8.971021,0.054871462,0.15970308874709976,4061.226102194708,3222.8384350263977
1-60997-B-20.wav,crying_baby,-332.7097,32.364166,-112.74826,14.207471,-24.251568,-26.073616,-2.8068988,-2.7590115,-6.0715766,2.1570332,-10.177324,-4.309745,-17.085478,84.72515,25.804462,47.881847,18.967728,16.035881,14.939734,13.864126,11.4110565,11.9258585,11.82459,14.947548,9.44839,10.870809,0.053543888,0.13315237093967516,3897.289958718094,2657.68969238812
1-61212-A-32.wav,keyboard_typing,-401.3437,92.68037,-35.0907,14.118424,-24.73436,12.575956,-14.337481,6.0443664,-3.9822416,5.2442803,-2.9649785,-9.208288,-10.856048,126.1941,21.383463,37.43976,9.974052,20.830164,11.817443,14.711347,9.360051,9.119975,8.116152,6.4271674,6.5308104,6.3375525,0.0116211185,0.15292946091937354,4883.370030751741,4522.200892551422
1-61221-A-17.wav,pouring_water,-551.53467,33.149372,-8.748835,8.977052,-1.6797124,0.083990745,-0.9665885,3.7869682,4.284941,4.0782857,0.6634731,3.1217525,0.37799507,167.95467,58.8902,23.112053,17.169235,9.338331,6.2643914,8.2032385,9.3241415,8.647996,7.9225307,5.165444,7.2022076,4.03056,0.030609887,0.009477867604408352,1156.1306582987097,1520.454143827311
1-61252-A-11.wav,sea_waves,-112.3637,148.63086,-44.08964,46.18109,-23.375761,38.30813,-35.193295,19.812775,-20.90648,6.262375,-8.416547,3.1595795,-9.405508,36.287308,8.315567,7.5708156,5.407149,6.2080693,6.2360516,6.864058,4.778007,4.670408,4.2327294,4.98189,4.8496842,4.3652115,0.10581628,0.07827907482598608,3276.008570587871,3709.0705197044244
1-61261-A-44.wav,engine,-242.16017,118.58902,-3.534591,55.777943,-21.94088,54.602196,-13.026433,28.36,-3.1024709,15.0214205,11.141375,8.798762,9.017426,46.597477,10.926941,12.60869,8.654106,8.225836,8.810483,7.4350243,7.3032184,7.2486377,7.325851,5.7054057,5.76242,5.5402617,0.07725374,0.03966180575696056,3464.010093416323,4269.601856496716
1-61534-A-27.wav,brushing_teeth,-311.17734,167.59113,-116.11421,40.07149,0.68180037,-11.270906,36.834736,-18.925379,10.793936,12.80177,-9.33915,14.132022,-10.70556,51.34748,13.864918,36.53442,14.252551,13.135282,10.667381,14.313352,8.894177,8.869289,6.976327,6.975936,7.4729366,8.693297,0.032912027,0.11734157482598608,2946.235375643612,2067.8359461173686
1-62509-A-45.wav,train,-178.31392,187.6742,-30.138596,49.924526,-16.101885,16.387972,-6.8805785,8.157507,-9.676318,9.114967,-6.616065,-0.27445945,-0.79115075,36.297794,13.811894,9.293021,7.034877,6.449699,5.765978,7.001438,6.7128515,6.5419154,5.3688507,5.3748317,4.557209,4.9228463,0.098441,0.03581673252610209,1839.2312488569073,2591.8506871059867
1-62565-A-44.wav,engine,-300.15707,177.63571,28.527937,51.072773,21.842505,21.90097,31.285032,4.968813,11.187963,18.668129,10.77041,9.081241,7.8297787,16.999815,9.392192,5.3057294,6.0470366,6.475858,5.2422113,5.423015,5.1347413,4.755812,4.3778543,4.7523413,4.0582666,3.9732594,0.21401,0.005210221505220418,537.1511488039183,1526.8787192323466
1-62594-A-32.wav,keyboard_typing,-324.55475,115.82339,5.0824347,37.401176,17.848133,17.025797,1.7331059,14.64,6.5673056,2.658654,5.307677,4.157974,1.853807,110.10302,24.290318,30.005219,11.649545,12.013643,10.11736,12.175889,14.107231,7.567495,8.883262,7.171126,6.3588457,5.7204723,0.05207266,0.031140108396171692,2414.899217432639,3430.047510071191
1-62849-A-38.wav,clock_tick,-606.1743,53.399208,-1.0719297,28.869612,2.723125,15.905516,4.526558,-6.028731,-11.578163,-7.33491,-4.5224977,1.0423402,1.6543343,136.2697,38.88591,24.863686,17.867136,16.581524,8.86422,11.509442,13.861538,16.920532,14.115731,11.019834,7.8088856,7.768641,0.003478328,0.09615288754350348,4515.102067783221,4648.346356887096
1-62850-A-38.wav,clock_tick,-624.0486,61.77874,8.755634,40.051037,14.374705,11.061483,2.222477,15.510131,0.2644162,3.416774,10.412978,10.950907,12.000695,117.39909,20.309229,46.29425,20.394554,22.131094,17.598213,19.800962,16.463814,18.622364,18.850344,12.066891,13.237602,13.433876,0.004588306,0.10662431119489559,3949.320286945337,4531.119698668685
1-63679-A-24.wav,coughing,-382.25443,78.1947,-17.320091,18.191963,-6.1163015,16.415834,-7.4630976,9.626336,-13.704051,-8.914306,15.656143,14.450769,4.6710625,147.49864,44.897224,26.288904,14.598178,19.48532,18.778927,19.207998,10.225006,18.605455,17.135805,11.162844,8.21226,8.554758,0.039866533,0.09586513014791183,4179.412241743809,4137.578819775884
1-63871-A-10.wav,rain,-103.35714,115.72585,-37.904823,23.236193,-5.4159293,22.76538,-8.675587,15.010862,-6.6751013,14.338121,-10.746421,18.033722,-7.9618416,8.954111,6.747845,5.7651763,5.71811,4.6699653,5.4433703,4.6180043,4.8883066,4.5277405,4.050956,3.6582649,3.862853,4.1868477,0.085567765,0.10125888196055685,4072.051233165555,4494.2051415149945
1-64398-A-41.wav,chainsaw,-228.73271,122.59138,-49.227386,34.387352,-7.4802327,15.759746,-14.864427,2.5540187,-15.258379,2.8956711,-10.188031,-1.8872976,-0.07460932,153.44643,39.811623,30.05003,16.354511,17.251436,9.684581,13.96772,9.13827,10.385092,7.015308,10.218561,7.24058,7.827925,0.096561916,0.082022186774942,3300.758699572495,3485.0446621394303
1-64398-B-41.wav,chainsaw,-104.076324,151.46126,-44.86058,52.857296,-22.09188,18.264463,-30.20937,3.80577,-14.190597,6.9326673,-13.359725,-0.44843283,-3.2436295,9.3864355,6.274717,4.37339,4.0682406,5.558891,3.6250727,3.753261,3.5493798,4.366739,3.6945636,3.351143,3.0787463,3.8891764,0.26995447,0.03210874057424594,2337.4183960614396,3070.9633212686567
1-64473-A-45.wav,train,-39.411224,140.82333,-30.685669,66.00082,-12.089733,38.95761,-3.6607964,18.502554,0.52973425,10.637068,6.074476,4.8867,-0.1561722,16.404585,10.620905,6.9299855,5.6087937,5.991933,6.0432167,5.1477423,4.8153377,5.2250037,4.1638103,4.510014,4.112656,4.0074186,0.44601512,0.0379873749274942,2613.382177672407,3425.6459181160767
1-65483-A-13.wav,crickets,-247.76697,98.8007,9.610345,8.130551,-32.52792,-0.15901527,-22.39487,14.46701,-34.55396,19.522095,-4.2989974,-2.3348966,-17.260418,25.556252,28.714119,16.256737,10.869721,14.648464,14.086199,9.966884,6.8058763,6.128973,6.2818713,6.3132176,5.422781,4.9174623,0.023306124,0.18612805430684454,5975.261755304804,5318.781272394863
1-67033-A-37.wav,clock_alarm,-618.2487,-57.634037,-22.026402,30.91785,-15.218314,24.453478,-21.991623,-0.096097365,2.483756,5.6319523,2.8658094,-7.2751627,-3.5734417,92.598236,65.02394,30.494726,34.53201,16.31627,25.492199,26.38106,5.017503,4.3798594,9.276593,5.2433105,8.294504,6.3060474,0.044117462,0.4066442502900232,9872.583669821932,3832.4783218163034
1-67152-A-17.wav,pouring_water,-600.1704,44.40982,-28.63124,7.595205,-16.194519,-0.45347613,-13.210729,-0.5099268,-3.4956465,6.3044233,-3.4181924,8.830025,2.7221322,223.63477,51.683865,35.677223,16.26399,21.93838,9.851545,16.942274,8.448074,9.233526,10.687904,8.769064,11.892904,7.2778378,0.0053549665,0.044421131815545245,1975.6435161205322,1744.7638338839504
1-67230-A-29.wav,drinking_sipping,-509.86752,103.552605,-10.850401,6.431318,-10.140126,1.9075398,3.6067643,15.626966,-4.4427886,-14.834714,-7.365944,3.5346766,5.3324614,158.97067,76.9118,29.419916,46.256847,25.396461,14.942054,22.126644,28.604263,14.665666,19.825138,15.754811,11.6323595,13.428157,0.010815557,0.15772277407192575,4678.495560711744,3561.863922413881
1-67432-A-27.wav,brushing_teeth,-177.93886,-4.331275,-37.145374,34.9193,-15.710903,46.406677,-19.213371,22.195963,-17.719242,26.444193,-25.07377,17.056992,-9.23761,60.134773,22.562857,23.295746,17.82745,11.7131605,11.510277,11.046427,13.800615,8.416021,11.411083,7.87717,6.844829,6.7252054,0.06623696,0.3583225329901392,8691.24810537848,4755.195189185961
1-68628-A-27.wav,brushing_teeth,-423.75772,42.63594,-16.658815,14.536919,-8.519397,13.838538,2.659498,14.581174,4.6425486,4.0582767,-1.8199445,4.739384,-0.1927103,168.67221,41.494164,18.60418,16.214565,13.528099,18.45337,6.6916394,15.690491,7.2162695,10.544525,5.7287135,6.3196487,5.2325883,0.020396095,0.057687427494199535,2579.2934711823104,2530.244897812129
1-68670-A-34.wav,can_opening,-412.41837,47.152832,9.29605,30.003475,6.998513,19.572285,4.463351,15.153463,-3.123504,11.049135,0.31293288,11.736973,-1.9943532,127.313644,22.118011,41.98855,13.385406,21.178297,8.038339,9.816698,6.1729136,8.195293,4.3928776,5.7930036,4.421134,4.8819284,0.03304216,0.14160949282192575,6445.399505566754,5676.824351727325
1-68734-A-34.wav,can_opening,-441.66644,40.18685,-2.1761987,30.687487,1.6818602,19.119417,5.9093714,14.972185,-5.6518135,11.738314,1.9593749,11.113215,-2.6922426,153.82219,27.451149,47.665176,17.216282,28.017757,10.86215,13.895561,7.6680245,10.852486,6.0634193,7.1345215,5.304452,6.668101,0.028476018,0.1627766549448956,6509.499205482059,5372.608867556006
1-69165-A-34.wav,can_opening,-584.8133,26.869232,-1.509233,7.5934,2.1235437,6.7860327,2.9856515,6.368479,2.8957016,6.209929,4.8264985,4.5023966,2.8949866,149.05965,37.099796,30.33464,15.545203,11.907069,9.718108,9.786944,8.205084,8.477495,8.229481,6.3138223,6.224437,4.9929457,0.013176286,0.035260477088167055,2151.116500851955,2390.327460972017
1-69422-A-3.wav,cow,-432.19547,118.44189,34.36857,-17.925877,-15.576058,5.424244,7.4675636,-8.988279,-21.84512,-20.032898,-10.3969145,-3.231637,-1.1117266,93.506065,93.88695,22.688093,30.994547,23.68838,9.699459,9.588794,11.22293,19.332064,17.374613,10.695882,7.6955614,8.670874,0.068684466,0.04175541074535963,2073.49810724175,2591.0216363752893
1-69641-A-3.wav,cow,-255.3579,137.52745,-29.677961,11.3148155,-8.374513,16.732695,-10.27021,4.666013,0.6413641,2.1482482,3.0377202,2.603868,-2.8926325,102.602455,30.64462,37.433334,10.889299,11.527053,8.9735775,8.386837,6.141983,8.80677,7.815333,8.682727,6.5716147,8.749,0.0648964,0.07000208454176333,2910.233953274667,3352.851307428029
1-69760-A-16.wav,wind,-35.40676,108.6303,-6.367353,55.267197,-11.815878,32.71624,-5.9669366,20.534277,-9.0157585,14.361274,-9.160943,10.769771,-9.418519,29.613098,10.2860565,6.415133,5.1912394,4.9984303,4.099362,4.2812724,4.368257,4.0554905,3.9507937,3.8599172,3.9381282,4.1192617,0.26916346,0.07506616154292343,4046.323841996868,4515.292703282054
1-70300-A-45.wav,train,-196.79707,244.4224,-26.728043,12.877813,6.133834,12.239533,6.55711,-4.747959,3.9672303,-1.6198242,-1.5552754,4.272671,1.2529731,25.506905,14.237215,7.3005257,12.683533,7.5077505,5.3194637,5.714926,5.8672266,5.328966,4.401677,3.9026914,4.6920633,3.9713717,0.15697332,0.02415915929524362,1025.7525731320047,1425.1639666553017
1-7057-A-12.wav,crackling_fire,-466.1174,95.50294,-7.3589687,81.32309,-13.449702,30.587835,-9.327443,25.739716,-3.6524248,23.030588,-0.21234645,16.894833,0.2798623,57.482834,20.27354,17.578133,12.849493,11.101104,8.583451,7.30319,6.8023524,4.8661003,5.0966573,5.5534263,5.632496,4.499592,0.006370012,0.053442439457656615,4009.257354243239,4245.49516541661
1-71030-A-6.wav,hen,-221.3725,149.7078,-19.11625,13.194218,-18.362234,14.766286,-6.6049523,14.6863985,-1.0530974,15.229325,-5.8361425,10.182983,-6.311741,28.022072,14.607765,20.090746,13.025072,9.643091,9.314768,8.558628,9.813884,7.2447395,7.4299903,7.595679,6.1607966,6.0440006,0.051977586,0.055534911542923435,2722.4803386840513,3671.0881603384937
1-72195-A-37.wav,clock_alarm,-493.72537,9.400752,-0.3525477,10.334612,10.564306,7.189946,6.8916225,4.015669,0.40241414,6.0563283,9.688821,2.6480196,-3.8470645,91.957954,17.195875,19.97708,10.156807,10.922898,4.563372,4.3529353,3.3477027,9.893533,5.1439185,14.083837,2.608185,15.582332,0.058802355,0.08793933983468677,4691.689640454239,5185.6729816558745
1-72195-B-37.wav,clock_alarm,-395.2864,17.42354,-20.533394,23.305271,22.227491,12.446815,11.281527,1.3890842,-11.266164,11.69527,26.34188,1.6077127,-22.279106,128.55069,29.854984,32.853954,17.157194,14.923883,7.3204026,6.0581236,6.176985,15.0376005,7.62518,19.349703,4.761879,21.576538,0.2157738,0.1295871247824826,4535.121333065045,4093.514964488604
1-72229-A-6.wav,hen,-251.4758,151.14804,-60.932724,-27.105686,-33.47671,-31.433916,-14.603027,3.300114,-15.980693,-18.582922,-19.212551,-6.360158,-11.119743,38.996464,18.194458,12.411165,17.602093,14.555746,11.405799,8.187853,7.239601,7.8448544,10.248899,6.811731,5.954212,6.4928703,0.08174744,0.061030624637471,2191.0093471677474,2560.0182145033746
1-72229-B-6.wav,hen,-229.93448,126.94035,-58.010803,-24.79692,-25.181831,-39.812496,-14.094647,2.8958204,-11.8561535,-18.362957,-14.033516,-11.791765,-7.961303,49.014397,20.176105,20.064318,15.149881,12.744903,13.457362,8.8569975,7.536229,8.732809,10.410355,9.8122225,9.979937,11.63322,0.12349122,0.059561249274941996,2377.546016520077,2664.876717818874
1-72695-A-26.wav,laughing,-500.1614,60.24382,-22.78748,0.17528234,0.24270949,8.199901,-1.6675031,8.966724,2.460821,0.19324523,12.812024,12.483652,1.8062692,129.21227,41.69554,38.408096,19.861683,21.403944,14.676113,21.20139,13.711464,12.250152,12.4508295,9.753375,9.376445,8.675125,0.013956765,0.14622720598897912,5687.9603084564305,4983.429025841819
1-73123-A-26.wav,laughing,-414.6013,75.6978,-19.67983,-13.53852,-7.458683,10.375037,1.9171895,9.348275,11.489904,-3.4800546,1.9128423,12.655246,-2.068781,124.246544,51.155323,33.6407,24.541945,16.923038,8.7515955,14.537362,9.916815,7.7625637,12.562581,10.348158,13.475152,12.157197,0.031464055,0.11478008084396751,4442.8306470700145,4348.63028209703
1-73585-A-7.wav,insects,-68.487335,114.89877,-28.525005,17.069794,-13.183904,8.5449,-18.24383,14.236992,-15.917659,-5.2958975,-21.317368,1.4048672,-18.78974,6.816173,5.656446,5.2722316,5.493835,4.460346,4.7081347,4.7023335,4.6999717,4.6827497,4.5819798,4.9053445,4.4027843,4.4884925,0.13607343,0.08120762942285382,3940.9910903222526,4506.315443812369
1-74517-A-37.wav,clock_alarm,-274.61002,67.857475,-43.18924,36.566334,14.738741,21.296957,-14.200228,11.435832,-8.672937,16.07569,11.191015,5.597759,-23.001137,66.359726,24.737513,37.619953,11.222068,17.315533,6.637815,8.535592,6.1457615,7.6145387,9.244383,9.922515,5.0269456,14.791924,0.12616293,0.15194496809744779,4472.534713136653,3731.119291339171
1-7456-A-13.wav,crickets,-191.25061,46.60778,48.28272,31.870745,-20.318747,32.687874,-2.1722515,27.234137,-20.585295,32.14937,-15.657737,19.42618,-11.964885,9.269775,5.3000646,7.165873,4.6024623,3.796488,4.936339,4.51289,3.9387982,4.231552,3.8715625,3.9834228,4.0848513,3.809581,0.048672244,0.32514886347157773,9576.325530893608,6186.88277845122
1-75162-A-9.wav,crow,-519.38654,64.02188,-119.56515,-70.98137,-16.972689,14.080239,9.819665,-27.667624,5.8706126,23.547441,-7.067885,9.063206,17.905031,138.61198,46.659992,90.97989,48.674076,24.97421,23.801332,13.823059,24.46412,15.958465,24.472881,13.382073,16.292345,17.916473,0.03530673,0.0928538736223898,2546.4918313070025,1720.0050836163664
1-75189-A-7.wav,insects,-212.61076,125.91393,-16.839256,19.270655,-38.481785,6.096093,-20.985218,-5.148384,-17.902914,-17.272066,-11.442071,-18.30888,-5.5381827,42.687714,9.025414,11.113771,6.016625,8.111863,6.5446386,6.305589,5.392475,7.4851847,6.124312,6.098741,5.691833,6.7432017,0.054608867,0.06304039479408352,3103.804614385299,3631.6696585283703
1-75190-A-8.wav,sheep,-273.735,170.64095,-66.463005,16.916399,2.7532911,10.585312,-4.5592995,-23.896088,-11.505887,-12.12488,-6.9798713,-12.934618,3.2685046,78.284256,17.599573,37.222885,12.6107435,7.4632626,15.812698,9.981012,12.88989,13.858123,6.6512513,7.654195,10.874336,8.593719,0.06660477,0.06193014972447796,2087.3585751143546,2127.784410903877
1-76831-A-42.wav,siren,-227.31337,89.00201,-52.81017,0.83940035,-10.210153,3.9087603,24.411919,22.159975,5.614703,2.4953375,5.599136,13.842866,8.466983,54.588737,22.760374,19.647203,11.949052,14.610067,17.486996,19.680061,13.46832,21.35927,20.977764,18.977203,22.015028,23.665844,0.3984107,0.06296449028422274,2388.810697915733,2326.506800079667
1-76831-B-42.wav,siren,-122.79257,147.24799,-91.79061,-27.884228,-33.42791,-6.7935295,9.929334,20.016893,4.061415,5.293565,11.725852,23.26016,15.602475,45.376736,30.497084,16.651075,12.50408,13.615039,20.427866,28.18003,21.92176,20.783056,19.324963,13.347959,13.741081,11.558705,0.42448488,0.05732263268561485,1933.2267472748492,1959.6489460692835
1-76831-C-42.wav,siren,-132.46167,143.09764,-94.39584,-28.704937,-32.77619,-7.012869,9.200355,21.388334,5.908105,5.112197,10.515457,22.80497,15.130506,43.28065,31.778519,16.856894,11.496072,13.521981,22.894707,28.008902,21.754711,21.786789,21.044773,14.678455,14.709152,11.693222,0.41819596,0.05695557207076566,1943.0492234280737,1960.444451461137
1-76831-D-42.wav,siren,-204.79541,109.83618,-57.28113,-4.0062547,-13.826194,-5.240133,9.138662,12.211185,4.011233,7.0069294,12.507697,21.225607,13.098627,68.890686,36.744198,17.851744,15.884572,13.919087,17.845531,21.018255,17.526072,21.06225,21.533592,18.631771,18.786825,20.569527,0.43425122,0.05328156721287703,2065.7351275465394,2183.516219697922
1-76831-E-42.wav,siren,-132.8222,130.37236,-83.70433,-22.856112,-33.70691,-8.708607,11.565912,21.97867,3.642922,-0.68232477,3.7946703,16.32887,7.435928,70.69403,37.95139,25.562067,18.641035,14.408043,19.106615,19.628876,16.7414,19.316801,16.56958,14.905448,15.681052,16.042866,0.42776042,0.05979462732018562,2149.051290323319,2187.358229436511
1-77160-A-3.wav,cow,-163.94707,162.70822,-26.41481,4.035742,-6.6506567,26.339106,11.6265545,21.251934,2.592075,5.639396,-2.0399477,4.108099,-0.276857,55.911823,41.61479,15.587152,20.113012,12.114115,8.779208,9.509691,8.413328,7.2781267,8.619909,7.406739,6.8299594,6.831445,0.2111286,0.04580100783062645,2315.7270215302915,3000.2942561632153
1-77241-A-3.wav,cow,-192.96838,150.44807,-22.104246,-3.7308261,-4.3422422,10.79797,3.5946155,7.3110423,2.4634333,5.6286874,2.2720091,-0.11524769,-4.2485795,167.88217,87.196014,16.696596,8.259873,12.886768,9.139336,6.854808,5.638704,5.2413063,8.492143,5.9813447,5.50862,6.185541,0.3254127,0.023577979988399073,1149.3758201840308,1743.0891395022581
1-79113-A-5.wav,cat,-518.7072,65.99088,-3.4240825,51.14612,-3.7518942,13.594398,7.4962544,22.965569,1.3353161,16.597702,0.08627412,3.5157018,7.0530124,119.43023,34.70557,27.478481,28.22814,6.498538,9.394618,6.1221805,12.726099,5.530844,10.03347,7.379904,9.511118,9.144521,0.011002661,0.03504069388051044,2438.330820293345,3157.8713425243263
1-79146-A-29.wav,drinking_sipping,-555.63885,79.16135,7.5798516,3.2872057,7.4889565,2.0334027,0.8723423,1.0328449,2.3535295,3.3703284,2.9302144,3.0753312,3.8401802,106.70667,81.28304,19.74678,17.733002,13.496847,10.931319,10.326766,7.9490824,7.594762,6.991804,6.989997,6.526244,6.1900935,0.009293973,0.012131126740139211,1300.9857324619456,2094.1449072078613
1-79220-A-17.wav,pouring_water,-281.80664,26.128155,-8.161149,17.039577,2.7032905,22.813492,5.602521,22.61916,2.5835698,14.181436,4.51157,8.101813,4.1275406,157.26631,45.138935,40.298573,21.452873,21.836538,18.720404,11.516293,15.925565,12.153996,11.515883,9.07491,8.081208,7.5494733,0.120140925,0.06810560469837587,4369.638988753343,3884.8508772404516
1-79236-A-36.wav,vacuum_cleaner,-64.955826,117.57209,-105.3706,61.174103,-64.155235,-0.040747836,-29.15199,-3.0336397,-17.261898,-15.305002,-12.414767,-8.777693,-8.998061,30.345884,11.279789,10.649477,6.162982,9.889886,5.5446725,6.4674325,4.836324,6.8119473,6.372246,5.3479347,5.222342,5.9745617,0.1988472,0.16562250761310904,4092.627767708981,2808.867250142099
1-79711-A-32.wav,keyboard_typing,-299.15222,68.42264,-22.298855,32.08177,-27.010336,43.678844,-15.666513,21.44141,-1.1638523,12.68099,-2.1770475,11.333928,-2.4422588,83.172035,18.46546,20.932411,12.099874,12.082648,13.930004,10.87876,8.649859,9.720928,7.672951,8.0622635,6.877464,7.433271,0.025740333,0.10591511383410673,5634.937457864806,4707.930306073071
1-7973-A-7.wav,insects,-327.43387,50.37394,-12.027212,1.5824238,-17.832678,-8.182252,-16.508934,-3.3794093,-19.176018,-4.7547092,-18.486073,-4.9971585,-14.8126545,112.96713,25.998625,15.578282,11.234203,13.865955,7.914403,10.58221,5.534401,10.072516,5.475653,8.004491,5.477457,9.707263,0.023723528,0.22122992495649652,6817.422903253444,5505.906636969705
1-7974-A-49.wav,hand_saw,-233.58643,158.62593,-44.938496,12.368502,-10.710588,12.781141,-2.244677,10.631174,-3.0802429,9.921467,3.3980868,12.893266,-0.53761786,151.7472,38.74116,41.25189,10.991132,20.988495,8.864713,12.356562,5.838214,11.194711,5.2241664,6.597133,5.9098344,6.3880405,0.08517046,0.05472601870649652,2350.7891018964992,2933.5644506253875
1-7974-B-49.wav,hand_saw,-503.2271,73.34266,-18.812841,13.35408,-2.7995756,6.5109982,-4.031724,5.0547476,-3.2413526,3.9837933,-0.40666986,4.034999,-3.4886575,230.43578,87.32916,27.967178,16.26986,9.23238,8.947443,8.527602,7.198022,6.931341,5.745974,3.21885,5.9364524,5.745431,0.022214305,0.02011469511310905,923.709944544118,1182.6623258023653
1-80785-A-7.wav,insects,-209.7909,126.62219,4.1378574,47.59816,-0.8242926,32.48889,6.9201746,21.652344,11.401265,18.20189,9.323476,7.411175,6.5126853,15.616028,6.4938784,9.421238,5.939459,6.7080016,5.228262,4.626106,5.103225,5.197293,4.897068,5.069291,4.8122005,4.7214823,0.25765383,0.009194641821345708,1479.24749986321,3010.5582327998864
1-80840-A-13.wav,crickets,-421.95963,83.70437,-17.578444,71.4461,-25.468658,36.951023,7.1187,46.2566,-28.274801,30.1806,-12.146149,15.303228,-7.6627636,17.708374,16.161701,7.8857927,9.320422,6.223778,8.372956,6.11414,6.488109,6.5722814,4.873824,5.165169,5.1534586,4.8901987,0.0065461304,0.15169572940835266,5231.9959161692595,4412.062469696892
1-80841-A-13.wav,crickets,-570.69525,-110.50431,-42.298336,48.829685,9.288905,7.7133574,0.2241068,72.20798,-12.325082,37.39024,-24.738003,66.50396,-7.068558,7.1106005,7.424529,7.5107107,5.173419,5.4415407,4.6263494,4.5485225,4.6740136,4.5925593,4.236289,4.8691206,4.924733,5.380932,0.004787028,0.464387190037703,10993.876796768658,5171.995975339342
1-81001-A-30.wav,door_wood_knock,-273.31207,164.88037,38.725277,16.875141,5.5386376,15.528001,3.5775986,8.646268,2.0860624,5.029881,2.280368,-1.0181736,1.0911256,131.36238,44.275253,27.597675,17.344835,14.979922,7.9158363,9.493362,7.9187913,8.487801,6.5079665,5.9599857,6.150204,5.36041,0.14524765,0.017412721142691417,1287.0857553102126,2489.993893746411
1-81001-B-30.wav,door_wood_knock,-312.41876,111.923744,23.969969,18.600985,6.608284,16.70396,7.536877,9.223197,0.84047043,2.4467185,2.3839765,-0.51835334,1.241827,144.8026,72.56331,25.856962,18.980986,11.686181,11.662429,10.74918,8.700492,6.714445,6.710219,6.7818213,5.843899,5.3776703,0.13147047,0.014208871084686775,1437.0224880433354,2293.8211528650986
1-81269-A-3.wav,cow,-361.297,144.38849,-6.521105,8.043534,1.3031207,-5.8661556,0.017112786,4.1529636,-2.9260168,-4.103614,-1.3718355,-1.1146333,-6.1797605,89.46969,28.785503,38.34542,10.183777,11.253746,11.941879,13.31382,9.6432295,8.716754,15.049525,10.815989,6.902042,8.959396,0.05265662,0.0356467970562645,1876.4339910134559,2574.287110613313
1-81851-A-31.wav,mouse_click,-569.25385,191.22437,8.971505,-37.082844,10.14902,9.596016,-25.978767,-17.714985,8.407179,-1.2064419,-16.804512,-3.5054255,7.921008,40.30208,28.345867,12.998817,10.635365,9.579661,10.980847,15.790058,5.8226027,12.12855,5.5434074,6.01419,5.6330705,4.9940453,0.0050367024,0.03611242024361949,1453.404130740801,2352.576031662419
1-81883-A-21.wav,sneezing,-492.03635,27.129763,3.528745,8.559495,4.016528,8.014257,0.2269196,-0.8820737,-0.42538455,2.227701,1.6247046,0.79440355,1.4237195,111.51958,42.94826,23.219166,14.053225,11.299202,11.992626,14.165587,12.020446,8.63705,5.81279,5.847091,6.484027,5.1984644,0.017156959,0.016795288935614848,1265.2707795456063,1872.1973173505787
1-82817-A-30.wav,door_wood_knock,-602.0861,23.663424,4.3819103,2.3141208,0.34068617,2.4684741,0.42344087,0.6483376,-0.7164277,-0.18334289,-0.21664323,0.59426206,-0.7597857,105.06092,61.912777,15.254767,7.051532,5.6220512,6.5803633,3.9037614,3.4292428,2.8961291,2.5234263,2.043398,2.6908438,2.824315,0.00920703,0.004092046113689095,313.0353900085788,528.9807511626161
1-84393-A-32.wav,keyboard_typing,-438.37753,42.611496,36.122604,38.911777,26.683027,28.198238,28.95932,23.62321,24.66501,22.411856,17.959148,18.248783,15.389589,39.7803,22.99249,13.58277,14.527957,10.236246,7.063255,8.976883,5.8884435,6.17974,5.3335853,5.0422206,5.1696386,4.119519,0.06323411,0.0076301025957076565,1181.8856096727322,2786.3324963758037
1-84536-A-39.wav,glass_breaking,-412.41452,29.25944,1.2438236,12.375272,-6.2425866,12.230222,-3.4390702,7.9675226,-1.7552817,7.9161067,-2.0567446,6.4404774,-4.017856,198.41306,30.03083,13.653138,13.33265,19.81584,12.925528,12.966032,8.980247,9.947277,8.812012,8.440772,8.919973,11.368058,0.053452305,0.1185651102088167,3665.971701596258,2955.7492014918075
1-84704-A-39.wav,glass_breaking,-504.21063,15.337974,-0.7576678,9.370625,-1.5030084,6.001835,-0.8890314,4.6341505,0.07303437,6.03977,-1.0649315,4.2046146,0.009323297,181.87782,26.895761,12.656261,14.574695,11.72996,9.892174,8.935636,7.3367405,7.6623864,9.513557,7.499815,6.614098,6.9309826,0.020785954,0.06092073303364269,2302.787814592252,2160.9752764988634
1-84705-A-39.wav,glass_breaking,-551.7331,13.401299,-1.8734063,4.3188715,-1.8848921,3.2698948,-1.0081854,1.7641352,-1.0426363,1.45563,-1.0077024,0.98586833,-0.8688334,143.12782,32.00858,11.975426,10.869833,6.079972,9.515975,4.663324,5.38961,5.135694,5.3099146,4.5247855,3.5891528,3.6018784,0.012958414,0.02804841574825986,860.969961936652,787.1283609068292
1-85123-A-31.wav,mouse_click,-416.05396,131.29012,29.830212,52.320057,3.3103032,28.466473,15.8313,21.351614,20.108166,18.129723,15.358978,14.886207,10.420174,30.256983,13.163132,7.610321,8.891458,9.39318,4.946559,7.6339006,6.637251,5.2686872,4.5518785,5.5921664,5.455449,4.5934253,0.04798354,0.007559862601508121,1186.5227941826563,2841.170580893633
1-85168-A-39.wav,glass_breaking,-540.5205,11.900911,1.8396766,21.009563,2.1927607,13.856004,4.4316607,7.7504215,4.0141263,10.0015955,-0.899824,2.159874,0.5781691,166.5538,28.058441,23.43295,18.249342,18.31607,12.183919,15.034502,8.353392,10.60825,9.641132,6.957155,6.266775,6.070734,0.022934256,0.12350456786542924,4060.9216726678314,3253.736499280263
1-85184-A-39.wav,glass_breaking,-589.97284,0.7212793,-1.2049127,3.8454888,-2.3976293,3.39394,-2.949222,1.9226567,-2.145212,3.1064947,-0.86745787,2.8757222,-2.4484913,172.76854,6.537227,7.06784,10.937742,8.483681,9.780723,9.106628,5.8667874,6.5208774,8.8332405,3.5282946,8.47758,7.347614,0.020323388,0.05234125761310905,1219.3634049054037,667.633162082872
1-85362-A-0.wav,dog,-364.62173,160.00075,-10.200163,-49.250313,-47.33882,-24.893158,-23.470436,-17.868633,-7.9938927,-15.032858,-10.660393,3.9091845,11.342135,71.87885,34.82232,22.95189,18.141144,17.39774,9.523905,10.117195,11.528118,5.1898303,8.858537,8.540179,9.259385,7.417664,0.052218657,0.04033135150812065,1660.4066161619971,2181.8424846919584
1-85909-A-29.wav,drinking_sipping,-438.2375,113.534805,19.82246,25.31095,12.377263,25.696444,7.086027,17.754025,3.5198617,11.970713,-1.9466574,11.568196,-1.8214152,68.1389,40.502647,32.960354,21.57961,12.588228,13.930424,13.021576,10.606633,8.502223,8.142819,7.490442,7.2046833,6.5289364,0.018817838,0.023116888413573084,2614.683884232454,4288.596197481506
1-87565-A-29.wav,drinking_sipping,-355.30066,116.93696,16.394691,30.792582,12.36542,19.066034,6.697869,13.9067135,9.181082,7.922103,6.854816,5.3443413,4.7028017,89.66639,40.922806,20.699299,13.708455,13.537537,9.882607,10.873889,7.6516247,9.565033,8.571197,7.666192,5.5050907,5.3844976,0.05320394,0.018051678509280744,2304.705996894212,3891.7868654223216
1-88409-A-45.wav,train,-273.95584,208.85324,-21.131924,24.01218,11.224143,12.483997,1.3037227,-4.7512097,9.569976,-6.1340246,-8.375069,-1.9149632,-2.1100383,28.550617,11.545873,11.220195,10.517393,7.3034973,5.0908566,6.117306,5.6802387,5.7963843,5.291169,4.573335,5.507747,5.3130016,0.061954238,0.02566592046113689,1206.7088163184944,1812.676490060036
1-88409-B-45.wav,train,-185.71727,223.74,-29.65979,27.334747,-6.8631916,15.465969,-10.251701,-7.463135,7.99705,-12.048294,-6.118579,0.7548191,-4.1060953,23.350622,8.293021,7.362689,6.2351427,6.141028,4.5134187,5.8919554,4.7650766,4.1284575,5.025074,5.0319366,4.108247,4.1343675,0.1362829,0.026499737166473317,1233.3299570105519,1799.567084400617
1-88574-A-8.wav,sheep,-260.77686,171.35677,-27.2351,-4.483047,-2.2833643,27.358648,-6.8921843,15.261549,1.0463477,16.59609,11.808415,10.869959,1.3885018,26.857306,13.606721,18.018288,12.098726,6.083592,7.6050906,8.931289,8.740697,8.451859,8.127964,7.394509,3.884955,6.5003858,0.084753335,0.024828705046403714,1639.1481790877883,2626.856827075139
1-88807-A-39.wav,glass_breaking,-614.8895,-6.517167,-6.0324225,14.6247635,-7.560418,9.097024,-2.1008193,6.215113,1.0108023,5.705162,-1.0697333,5.964865,0.07329164,163.5536,27.535414,17.693573,17.651741,12.758167,12.265182,7.2948933,10.290731,6.1936927,7.954724,7.2989197,8.32252,5.7455654,0.0058805966,0.14333037267981438,3886.2553318012338,2330.609539015124
1-90797-A-15.wav,water_drops,-572.72534,19.23849,3.4804652,2.915453,-7.122052,2.5445774,-1.9045593,-4.3015504,-4.8717813,0.22899097,-1.0397774,0.031178502,-1.1011859,113.52139,43.076046,16.708607,14.250633,20.521017,11.310511,10.482146,12.7523,11.9369,7.8116283,8.214328,7.015058,6.214029,0.007688679,0.07956152117169374,2996.5099107430874,2273.681483674634
1-91359-A-11.wav,sea_waves,-66.42931,131.67613,-30.918829,33.15903,-37.09723,33.57733,-33.41879,31.491594,-21.830582,22.61332,-15.9198,15.829513,-10.2695875,30.3308,10.741817,10.243351,6.9097767,8.764986,5.397413,6.658664,5.279781,5.6648407,4.983608,4.518881,4.0545897,5.2916207,0.13296671,0.10975905416183294,4206.905505200439,4530.454803804736
1-91359-B-11.wav,sea_waves,-100.5261,134.55019,-22.243076,32.943325,-25.471464,27.154564,-20.805132,26.650839,-13.916363,21.005175,-8.830893,15.405687,-2.3014834,39.854298,12.441171,10.272366,8.921829,8.112526,5.9782043,7.488127,5.6343365,5.891969,4.230238,5.5868692,5.1549983,5.133362,0.12638317,0.07230187790023201,3513.0784140452797,4235.004649753953
1-94036-A-22.wav,clapping,-134.2109,83.73486,-82.222206,-8.825714,-49.37437,7.94842,-29.984694,-0.05227916,-24.290052,6.308639,-23.558233,2.8804605,-21.50967,69.29557,21.358105,13.93154,12.125676,11.921776,10.108804,11.143799,8.650981,9.440096,7.8044386,7.6335535,7.405308,7.9885535,0.08583281,0.12259258084396751,4580.622209550565,4118.761413864666
1-94231-A-32.wav,keyboard_typing,-505.8861,65.51296,-7.7602715,31.795938,-7.9303484,20.629396,-12.060247,14.8813095,-10.970335,9.718494,-12.633917,8.69426,-10.801396,68.75179,14.671475,21.817436,5.477149,8.447107,5.6706676,7.9577045,4.889148,5.1610856,4.112292,5.736505,4.557307,5.942883,0.0018913561,0.20262878842807425,6475.783049956143,5319.674405046469
1-94231-B-32.wav,keyboard_typing,-472.1217,76.138664,-10.135619,33.016815,-6.299118,21.378166,-13.409091,13.182135,-10.9468,10.447417,-14.857198,7.5163403,-12.462837,81.03979,18.801008,21.911808,8.202376,10.124413,6.4395,10.000463,6.3993573,5.958351,5.3642645,6.636616,5.6129355,6.5459757,0.0032129132,0.1588080952726218,5809.641001334988,5184.1867104835865
1-95563-A-31.wav,mouse_click,-490.06747,111.34803,12.793987,41.22699,-0.48310474,18.514011,8.723112,1.6776862,10.461455,7.3019214,3.989885,8.52561,5.178021,113.8366,17.193464,16.291304,12.682862,25.87,17.55803,15.751923,9.338177,7.9230595,9.645074,8.899501,6.9740286,5.999083,0.014879357,0.028580880220417635,2711.9803025263004,3655.787604379496
1-96890-A-37.wav,clock_alarm,-518.18646,15.464155,-53.102196,38.059834,-8.659712,-18.032478,-36.035576,3.8334932,11.91856,33.634792,8.708833,22.975397,3.2819762,186.4606,26.446564,45.140873,26.372433,16.08793,21.304905,28.599329,6.5671573,11.351366,26.706163,7.60445,16.349676,4.8199224,0.024722092,0.1005700768561485,3695.206184607078,2805.69326251817
1-96950-A-9.wav,crow,-526.3377,67.03857,-54.368927,-47.65124,-37.066868,1.0945666,-2.283408,-8.708146,-8.541879,-4.0655556,-11.328533,-1.9936492,0.8727356,170.3545,44.275574,67.09382,29.499653,17.872433,15.336874,7.724281,14.547073,10.326052,6.832218,20.245132,9.752679,4.76529,0.02690535,0.0863249528712297,3634.2978672789513,3873.600022322495
1-96950-B-9.wav,crow,-390.26428,89.95577,-83.36527,-72.78787,-28.918499,7.4149313,-5.153722,-15.19506,-9.118235,-5.2135262,-7.711641,4.3597836,1.9245069,125.32839,41.92231,52.68569,27.925743,17.293955,8.053953,13.895683,13.98829,8.80247,7.646337,14.560541,11.975919,4.9903116,0.066112466,0.0771484375,2417.5055568953726,2388.770876394475
1-97392-A-0.wav,dog,-466.842,57.001926,-22.153717,-25.999266,-18.680754,-5.562942,-12.929234,-5.4218993,0.002324434,-1.8379914,-1.5348396,-2.2826865,-2.4736211,139.91165,65.88673,36.687885,30.636065,23.709068,8.554744,18.068356,7.684074,5.6304884,6.4740386,5.2296634,5.3874016,4.2658324,0.030486345,0.06840582402842227,2107.653832012107,2264.6996705844035
1-977-A-39.wav,glass_breaking,-592.5132,-6.9472904,-3.8891788,4.360305,-2.1305025,1.7661929,-1.1819433,2.9664888,-0.35441044,2.5039806,-1.5727681,1.0503587,0.9536197,95.53297,24.173954,14.543305,10.878915,7.0730195,5.4428306,4.929715,7.6571703,4.3026657,5.9271145,5.8237467,3.4206462,3.4875262,0.005126493,0.086923125725058,2440.397756120146,1315.9398878018685
1-97793-A-31.wav,mouse_click,-713.9453,30.490887,11.36242,13.09654,-5.9727764,7.7075953,-8.897757,5.6761575,-7.4924855,4.7215767,-6.2222986,8.42857,-1.208684,123.47312,30.112862,15.053928,10.6083355,7.8358464,9.919221,17.214651,8.527268,7.3700914,5.90945,8.019398,8.351729,6.432293,0.0021486897,0.25059703995069604,6157.262521012111,4284.310609215456
1-9841-A-13.wav,crickets,-381.71964,80.38022,-26.908598,28.52613,-41.237488,12.918896,-18.421131,31.876944,-23.810139,10.671567,13.471096,22.121773,-10.959246,7.453767,5.29811,5.071699,4.782178,4.608603,4.8877335,4.2676764,4.5913386,4.365199,4.1705027,4.852996,4.1567802,4.3543534,0.007807528,0.11849033860208817,5040.004317359069,4593.092188807744
1-9886-A-49.wav,hand_saw,-191.07845,61.407658,-32.558735,30.97161,-6.059607,-4.238587,-12.8710575,15.294005,-11.675046,9.960421,-16.807896,2.501625,-1.2233366,103.3398,31.049444,20.26279,12.108046,11.340103,8.209845,8.23531,6.914662,9.367948,6.898837,7.384401,7.2402434,9.750451,0.069070004,0.18508918213457076,5644.693507049738,4542.077779108377
1-9887-A-49.wav,hand_saw,-243.45123,40.069363,-27.727646,24.899254,-22.5728,4.453477,-11.72938,9.557537,-0.24471462,4.839302,-17.594952,-9.146506,-0.21794309,105.474075,60.35316,24.49665,27.521135,14.024216,10.667047,11.521279,10.903559,11.7647295,9.209406,9.668272,8.105032,8.997719,0.07004298,0.19525812064965198,6000.985789417808,4278.81457825762
1-9887-B-49.wav,hand_saw,-463.25427,52.747894,-18.711876,5.9910364,-9.644282,4.6306458,-5.897207,4.060587,-7.062722,-1.0593654,-7.389497,2.439027,-2.3610342,221.25806,49.602604,26.456697,12.862227,11.947209,9.521741,8.492688,7.990459,9.788051,8.168711,9.723655,6.996715,6.726672,0.015730662,0.10346691016531323,4479.869050657018,4253.134020614014
1-99958-A-31.wav,mouse_click,-624.0792,41.25506,5.13586,18.70571,-10.409046,18.857172,-16.981583,18.428432,-12.962298,15.117199,-13.494272,14.432131,-12.261259,77.503555,22.75969,9.409756,9.032515,7.086822,8.789637,16.7047,8.157712,5.5876503,5.150951,6.7734213,5.733941,5.6474524,0.0012936404,0.4053720000725058,8678.040072351825,5663.695676567198
2-100648-A-43.wav,car_horn,-103.565605,112.708046,-33.872845,33.69035,-26.655493,19.204222,-20.553738,-6.3061643,-7.066822,-2.3325071,-12.113217,-4.506843,-4.536637,36.05851,33.541893,10.66838,9.672492,13.02011,7.593704,8.375368,9.976189,8.7674265,9.296947,6.3349047,6.163849,5.878388,0.16179684,0.10621646606728538,3810.359274263001,3695.7708960617106
2-100786-A-1.wav,rooster,-403.94574,42.18309,-48.524017,-29.209648,-27.261372,-4.9151444,-19.465628,-10.955357,-11.382188,-5.009432,-0.8679065,6.438582,13.8754635,143.50928,45.126095,53.4612,31.547901,29.265404,7.3632727,21.310097,12.369661,12.933921,7.045007,6.3225493,12.1287775,16.054285,0.08779037,0.03149810578596288,1435.7797820385294,1409.137541129666
2-101676-A-10.wav,rain,-168.02867,86.62491,-64.39589,69.2318,-41.911026,33.324383,-25.683128,20.241291,-11.073607,19.419123,-8.354333,14.369331,-3.1111171,18.762815,13.047778,12.505832,10.088698,9.532386,8.497844,7.790026,7.7644205,7.202634,5.6021624,6.251288,5.239168,4.9304852,0.044387102,0.20323375870069604,5281.888731550401,3692.449890539292
2-102414-A-17.wav,pouring_water,-337.23337,83.20415,-11.616358,19.770088,-15.055417,-2.0596898,-15.44598,-5.5025864,-22.477121,-10.541877,-14.004166,-3.6040945,-5.316997,135.19505,44.5877,23.641075,13.564066,21.572817,15.666902,19.75329,12.835004,21.62939,13.436177,14.507517,8.885075,10.446756,0.04184455,0.047154827073665896,3431.4860756594653,4241.028584302149
2-102414-B-17.wav,pouring_water,-451.0449,15.945814,-15.6512,39.18181,-13.814863,10.678582,-27.544779,-2.0516126,-11.147504,13.297537,-15.314461,-0.033110086,-9.291214,147.62155,23.922174,19.839773,21.583923,20.72763,16.56081,16.470499,15.403284,14.326442,11.907997,12.907949,10.185421,12.009548,0.006821126,0.18789991480568446,7447.504647746077,4907.475001644844
2-102414-C-17.wav,pouring_water,-501.3496,37.48501,-33.5158,10.602912,-14.892661,14.923487,-4.365489,16.189875,-6.541229,6.9266195,-4.3111715,7.6658072,-4.325228,207.44075,32.80444,31.46945,20.348053,22.583658,16.04121,11.411037,13.312489,11.489533,8.907075,8.557765,9.6856,7.8791323,0.006880818,0.12671634824535963,6714.45278929008,4992.18000370677
2-102414-D-17.wav,pouring_water,-570.54803,28.736542,-13.24115,27.152647,4.7637324,11.478076,-18.914358,-1.7930993,-10.170733,7.0828757,-9.496129,-2.8310306,-9.639467,183.24199,37.647495,27.928703,23.674255,13.504639,15.187348,22.927206,14.390933,14.742229,13.334023,11.121419,8.326973,11.630455,0.0040766327,0.1384588892111369,7011.274485903146,5206.203071336536
2-102414-E-17.wav,pouring_water,-391.80997,41.069233,-15.362274,22.36868,-13.405712,7.4085526,-13.454198,-2.3627133,-20.086754,-4.998831,-10.851132,1.3029625,-5.317436,196.02701,38.772224,24.059246,21.522707,23.038563,10.902434,18.825123,9.857347,20.984911,10.132849,14.353607,7.494127,8.904221,0.022878686,0.11924938370069606,6505.342738461843,5018.147806611315
2-102414-F-17.wav,pouring_water,-532.5964,25.046436,-11.052322,31.636343,-6.289698,11.0273485,-17.328587,-0.25562006,-13.932923,4.7371564,-9.890372,-3.4134157,-12.822358,186.2349,25.983337,26.986929,27.163654,15.086528,13.378142,17.28257,10.454096,15.820244,8.3658085,11.10682,9.215212,13.869866,0.005676784,0.1280237184599768,6991.202217971681,5232.385198671071
2-102414-G-17.wav,pouring_water,-485.58963,26.438324,-15.010172,9.299787,-10.292491,1.9831619,-12.297086,-3.0495324,-17.153868,-3.738696,-10.186385,1.4553692,-2.959621,229.4209,33.348064,19.697159,16.903954,17.545115,8.827562,16.608273,8.248784,21.098562,7.6948476,13.325541,5.1615877,6.243343,0.014497766,0.06630882033062645,2778.160542855251,2279.4495525803445
2-102435-A-37.wav,clock_alarm,-367.54788,21.812017,-25.889765,2.1864328,-34.49053,6.639794,0.049748324,6.9426894,-12.190635,11.624701,0.31105846,2.9268816,-6.7183857,298.24252,38.21238,30.045412,10.765032,35.120827,9.165598,7.8377533,8.184699,14.478506,12.51577,5.791966,7.1749315,8.439137,0.07506294,0.1342841411687935,3998.3910974295504,2673.3079853262925
2-102567-A-35.wav,washing_machine,-136.27858,128.78958,-4.1056924,58.67695,-7.6304502,38.086056,0.83762497,28.886383,-0.05970396,8.631984,5.039095,9.034797,-2.4254467,20.364216,7.517609,4.7847633,7.5906067,5.3290873,4.923148,4.3819046,4.4236135,4.070046,4.697584,4.8776355,4.935531,4.544407,0.23752369,0.028082402842227377,2303.617255939694,3646.806609834975
2-102567-B-35.wav,washing_machine,-220.367,113.51701,-20.404198,52.97007,-13.832491,38.389683,-21.692019,22.389837,-12.482712,13.857878,-10.708923,13.629895,0.31734082,19.52855,11.828051,8.969711,6.3882747,4.584129,4.4606843,4.1035366,4.8842306,4.7890263,4.6627736,4.220165,4.5461664,3.9504032,0.040275592,0.11675359810034802,4058.2126330966444,4367.384170344049
2-102567-C-35.wav,washing_machine,-172.30489,116.70174,6.448517,60.98905,-0.22507527,34.24132,-5.0197263,25.934038,-4.9201994,12.737325,-5.741775,10.955868,5.0084367,5.4767065,5.6983314,7.177022,4.5575786,3.834901,4.225955,4.38602,3.9686518,3.5450728,4.1989174,4.054583,3.7654912,4.182217,0.14803371,0.04326103900812065,2716.0817358414365,4158.556058085898
2-102567-D-35.wav,washing_machine,-127.63244,120.12665,-0.25583833,61.85867,-7.230336,40.553055,1.1864215,27.714966,1.3346618,3.829085,6.5330253,9.035935,-5.906177,15.922848,5.9727,5.04043,5.8205886,4.6536508,4.4814067,4.323149,4.51196,4.009578,3.9210591,4.274837,4.719122,4.498455,0.26555067,0.03583825768561485,2496.606862206033,3813.59492700016
2-102568-A-35.wav,washing_machine,-279.2824,158.2484,-17.783766,40.634228,-2.8719134,34.848164,-11.187128,15.389641,-9.828438,1.6740204,-9.301806,4.895116,-7.0774508,23.881264,8.502122,9.272987,6.50758,7.719396,5.46621,5.3684483,4.8152833,5.0216537,4.4666862,4.6029296,4.3913665,4.7398005,0.036243062,0.032152923796403714,2158.0798502354214,3259.7652601367304
2-102581-A-29.wav,drinking_sipping,-574.26715,25.795536,4.2514777,-3.8333218,-0.48227707,2.4950466,0.42218944,-0.87661827,-0.9637951,0.32955495,0.0935652,0.5730439,0.17291787,80.59234,69.08415,10.596009,15.964159,7.089967,6.4912434,5.6854386,6.1777596,4.312894,3.8409219,3.2286465,2.6348236,2.2897317,0.009201713,0.06213293938515081,1595.2528086050927,1193.5620170057273
2-102581-B-29.wav,drinking_sipping,-556.75507,29.60984,7.1099424,-4.0103703,-2.449026,2.2288144,1.6760143,-0.01778573,-0.1479881,-0.1722084,-0.12628585,-0.5012231,-0.07375446,73.80305,70.85864,21.342003,15.700214,10.028047,8.631884,5.6699905,5.6391134,3.8757992,4.2275763,3.307086,2.9039586,3.0598145,0.009349077,0.04240229843387471,1228.1889778550021,1027.3447877453782
2-102852-A-11.wav,sea_waves,-111.49153,140.60847,-78.060425,34.633938,-52.317097,19.519669,-30.018942,19.135313,-22.011202,3.5451112,-7.7016244,-1.1226009,-6.131403,15.259706,6.8195806,5.465798,5.4123993,6.994303,5.48969,5.157236,4.5744123,6.46428,4.8105793,4.9009833,4.2176714,4.35912,0.089028485,0.1051662648636891,3491.748946324129,3296.4786729158795
2-103423-A-3.wav,cow,-366.74002,76.59067,-15.611413,-1.6105605,-9.383486,1.1390848,-3.2936397,0.56294906,0.32490245,1.5824316,-1.7407104,-4.1610837,-1.7175047,194.9971,100.168884,22.190817,5.801573,14.201374,4.1227436,5.468802,4.0832696,3.71695,3.7207394,3.8531077,6.655364,3.8465083,0.12835653,0.01564199354698376,599.3251350341045,766.9755021098673
2-103424-A-3.wav,cow,-356.8739,59.368618,-12.5574,2.5287843,-5.5592184,3.2864735,-1.6592582,2.8776302,-0.2524394,2.3343904,-0.80527174,-2.49888,0.2159309,193.574,89.18986,21.06112,5.9250727,9.156622,6.1557364,3.7546363,5.1024413,3.7631404,4.4075937,3.0748746,4.8886456,3.2062957,0.12596633,0.0116201874274942,520.9973434223027,734.1664050903529
2-103426-A-3.wav,cow,-350.1719,65.92761,-5.254495,2.4437647,0.5465737,3.2290866,-1.0970445,-0.66918206,-0.5252015,1.1654061,0.84351796,0.4366596,1.2566113,156.1088,94.15405,11.480209,4.933576,3.1199334,5.6360126,4.1216736,3.4759314,4.279642,3.189054,2.55225,3.3722486,2.8602235,0.20273769,0.004735535092807425,379.09437475895385,693.9055507546177
2-103427-A-3.wav,cow,-363.26102,73.25737,-13.706204,-2.0283487,-9.28944,1.4953032,-5.973208,-0.3907084,0.5454784,-0.73013425,-0.21767975,1.0531646,2.3460011,201.38022,98.66416,20.928988,5.014013,13.726784,4.6057425,8.957228,3.3819067,4.885173,3.6637483,2.3328288,3.8790214,4.2293115,0.13929339,0.01492260005800464,593.2550838973233,788.3917550698736
2-103428-A-3.wav,cow,-330.74448,80.82589,-13.849494,-3.978528,-8.044772,-3.3030162,-5.449361,-4.237769,-2.3656645,-0.054837856,-0.5430875,-3.251998,-0.65619975,167.04579,96.14496,17.740292,7.341106,11.157131,5.652588,8.070771,6.7568965,4.4537435,4.044775,2.7997177,6.6073327,3.5234854,0.14645445,0.014780987166473318,605.9572571536648,830.6383304821591
2-104105-A-19.wav,thunderstorm,-329.0108,170.78041,90.11587,27.96584,-1.0339665,0.42803413,9.253447,9.4074335,3.5635533,0.8799435,1.0385869,1.130335,-0.7732332,23.218138,20.454346,9.1464615,7.605836,6.524768,5.034595,5.397549,4.6163692,3.9189262,4.0917106,4.3381,4.1175456,3.9171898,0.09411625,0.011702889356148492,843.6552740043454,2255.3124958687263
2-104105-B-19.wav,thunderstorm,-333.756,198.18327,91.33135,16.127337,-12.365482,-4.329813,6.561807,6.094441,-0.48984146,-3.025884,-1.0612581,0.5189797,-1.8946488,31.04629,22.562979,7.117513,7.809474,6.621957,6.3188286,5.268322,4.9205346,4.7387905,4.138712,3.807328,3.8370585,3.604823,0.095189966,0.0143527497824826,782.5476996785628,1982.7916264813562
2-104168-A-32.wav,keyboard_typing,-406.63623,106.52336,-9.340782,44.54038,9.949588,9.44756,-0.024345558,24.602001,-2.661398,17.538162,-0.26821634,11.315953,-5.124696,96.258675,18.86417,39.697918,10.109136,9.043386,13.000996,8.805616,10.600699,6.6019235,8.679035,6.788251,5.650607,4.962444,0.01350598,0.0431726725638051,3409.2211458463007,4290.80726728413
2-104475-A-37.wav,clock_alarm,-698.50854,22.084366,-65.280075,23.670973,-15.198293,-77.5501,-19.9308,16.789032,31.781864,41.42096,5.3607507,-8.948065,2.7223198,66.63751,13.637951,39.63936,18.140198,10.197216,41.53617,9.463693,9.176596,14.949963,21.424524,6.615486,6.1462646,8.068553,0.022866338,0.18255940944025523,4321.40243522177,2889.9276097686884
2-104476-A-37.wav,clock_alarm,-593.3959,-47.133553,-109.63425,81.429016,3.6856914,-18.85663,30.426796,-40.86941,8.2460375,26.385717,-30.464397,21.916603,10.422,58.438797,20.998604,47.989677,35.420685,5.3849487,9.729945,13.423687,16.46733,6.406085,9.536885,10.751772,10.05392,2.7156014,0.081677064,0.2474645627900232,5468.887724399258,1800.28661133423
2-104877-A-3.wav,cow,-364.61478,153.38936,5.450565,17.347462,7.7097716,10.897799,12.561775,-6.576649,3.0016592,3.6784437,0.68208456,1.1707453,-7.6205792,60.588825,40.56475,20.532673,12.433933,9.088804,13.266818,12.168185,14.276431,9.789544,8.624426,11.204304,14.062163,9.740104,0.043835927,0.038994525812064966,1991.4478506245616,3002.6242847656667
2-104952-A-16.wav,wind,-374.9963,183.89026,-6.781537,44.436096,14.056606,3.9139686,-6.8661427,0.4211748,-5.2018075,-4.230721,-10.816321,-9.004492,-3.0359735,8.519551,13.552976,8.156692,4.9685745,4.5832376,3.928271,3.799128,3.7411056,4.0022354,3.7244864,3.9499285,4.0696373,3.7581422,0.022588585,0.021086726000580047,1357.4467961940213,2288.683366094156
2-104952-B-16.wav,wind,-315.75394,179.9383,-11.375574,51.75405,5.895763,1.7092308,-7.192261,-1.1127654,-3.4879916,-6.22964,-12.225455,-10.050762,-3.388067,25.287987,9.726186,6.440109,7.988164,5.802347,4.892833,3.8543935,3.7901423,3.733844,3.7792249,3.7495759,3.33725,3.5982442,0.038509462,0.022312527189675174,1463.02007441827,2358.7703630380597
2-105270-A-47.wav,airplane,-471.51642,199.02748,14.050782,41.05409,-0.3551851,10.1125765,19.733171,9.732631,5.0850306,4.292829,5.1114016,5.0609636,2.7136874,18.905447,18.008274,6.851042,9.9984865,8.677209,7.0171022,6.087445,5.7700996,5.171342,5.5392194,4.5507283,4.606753,4.628057,0.017144093,0.007127093604988399,883.5782732611548,1965.0280403211975
2-106014-A-44.wav,engine,-248.7987,214.55742,-52.27141,33.7178,-5.1192484,23.763863,14.589096,11.247078,-0.2716371,-6.210243,-1.142289,-0.1330808,0.8695173,5.241923,4.7608533,6.3268948,4.490721,3.9328256,3.9775136,3.4761124,3.8214388,3.669673,4.1670165,3.461441,3.6111255,3.799515,0.060762633,0.03229227088167053,1454.2888156353629,1975.1014092407122
2-106015-A-44.wav,engine,-281.53928,218.93318,-13.482471,51.995235,27.45163,17.343126,5.906957,2.8464487,2.8635004,-24.340088,-19.007774,-6.6353827,4.969417,11.107555,7.576428,6.238013,5.4913683,5.096153,4.388111,4.507516,4.751225,4.682815,4.3012786,5.3729143,5.2082176,4.146985,0.1028165,0.01781150304524362,897.5408073608814,1575.866957823711
2-106015-B-44.wav,engine,-283.95712,223.43976,-8.1821995,48.179283,25.741407,14.50565,9.222842,0.86238146,-0.7063677,-24.73586,-17.14864,-4.8821225,4.760108,8.696584,5.7612543,5.788693,4.5657926,4.6675787,4.125574,4.2343435,4.265493,3.9209583,4.144991,4.5287056,4.5739765,3.7019203,0.10620413,0.016415766386310905,824.7025619648875,1481.3485663592746
2-106019-A-13.wav,crickets,-275.78845,89.84943,-57.960506,18.454847,-1.7608525,21.431208,-3.7619479,-22.665413,-17.329065,28.411427,-8.701971,3.0529983,-29.393824,6.7019887,5.147103,9.01406,4.425317,5.264304,5.3492703,3.9883752,4.005507,5.057184,4.2502236,4.4011106,4.268106,4.528313,0.046366077,0.09699576747389792,3622.7803280726,3717.3671817781574
2-106072-A-36.wav,vacuum_cleaner,-0.9296136,140.99715,-90.357216,54.381805,-41.292526,14.017504,-16.981874,-6.1308193,0.09946054,-8.383971,4.5266714,-14.409652,-0.57111776,13.709171,12.731886,12.6353445,10.738289,10.231057,8.24709,5.6201706,4.6619306,4.865844,5.1197443,4.997914,4.9058356,5.684121,0.34047693,0.1506704520736659,3571.821689125268,2943.378826804244
2-106073-A-36.wav,vacuum_cleaner,-37.728813,171.76724,-102.529854,72.158226,-60.57046,16.077309,-22.606895,0.08997336,-1.2063224,-21.55366,13.486826,-15.673079,10.237205,5.1518373,6.2221985,5.3912435,4.8054023,4.331853,4.097578,4.626019,4.950719,4.8034616,4.8448277,4.4065995,4.294614,3.7915404,0.24421349,0.11207357526102088,3302.510271175657,2829.421279882109
2-106486-A-44.wav,engine,-261.87268,115.76564,-27.585554,38.45245,-6.999548,42.155025,-8.068291,23.058762,-13.44026,6.489848,-5.798478,19.176964,-1.0884804,9.920578,9.7477,6.1188836,5.538843,5.1653857,5.73726,4.4936194,4.4809356,5.0953054,4.6488805,4.70938,4.4984937,5.25846,0.024557123,0.07404201711136892,3713.833799024417,4220.304368097466
2-106487-A-44.wav,engine,-207.53787,119.31902,-15.108233,32.073166,-10.849078,31.42859,-0.44826633,20.946775,-1.5996332,10.848601,4.3398046,21.938982,1.0976586,7.5151167,6.9943314,5.374786,4.3217554,4.5565,4.3487973,4.254251,4.05688,4.053412,3.705204,3.9321074,3.4395127,4.444052,0.10978086,0.016299077363689095,2813.6535728981476,4050.50115225679
2-106849-A-47.wav,airplane,-175.53038,237.4098,-16.55622,-8.613918,-19.728104,7.466217,-11.993062,-16.188839,-5.154641,-7.6992993,-5.615036,-5.6837087,-14.396566,17.801132,16.74361,8.018491,12.310083,8.226954,6.584631,8.230098,7.317777,6.4768457,5.1547184,5.1928196,5.846613,6.050269,0.21578246,0.026239169446055685,1044.1627574796025,1497.5651798896035
2-106881-A-39.wav,glass_breaking,-377.47195,54.352406,-36.338238,1.234196,-19.85884,16.179644,-16.011585,0.24220756,-10.685313,-0.21141502,-5.3845396,1.2794297,-6.703082,188.05283,34.395058,32.66879,12.93129,17.745045,11.878052,14.907316,6.7298293,11.166226,5.542513,8.090646,5.5092683,6.9596477,0.020979006,0.12155597447795824,4156.239489243559,3534.047445016324
2-107228-A-44.wav,engine,-182.3985,136.25189,-34.107304,54.87336,-1.4033731,31.55222,7.080726,38.004856,11.138218,8.396772,6.7651157,-4.6456175,7.522281,64.31164,11.619278,8.926032,8.261796,13.095355,11.11597,7.7882414,8.2858515,6.027487,5.4641657,6.614985,6.001997,5.5577497,0.14128129,0.033503344330046404,2547.1631395032596,3279.024329940561
2-107228-B-44.wav,engine,-306.50284,120.13489,-28.057451,48.300953,0.888169,29.258497,8.671663,33.32414,10.870394,7.701259,6.183965,-3.2346876,7.0427933,126.37713,39.611156,16.077314,15.904541,12.426532,13.930875,7.650666,12.30969,5.871122,4.6526747,6.392371,6.0146585,5.518628,0.05369367,0.057606991371809746,3166.628509610895,3598.3244916869285
2-107351-A-20.wav,crying_baby,-233.39528,75.235146,-89.04139,11.409443,-23.101055,12.365951,-32.706596,-12.363209,0.64647675,13.590165,1.6630508,-7.951344,1.2550763,127.708336,37.792698,49.628197,21.437918,23.45253,16.105759,19.704906,12.7140875,11.243206,13.745313,10.905835,12.20998,13.305315,0.13998453,0.10834632395591648,3640.800128777175,3022.959589635036
2-107351-B-20.wav,crying_baby,-217.31667,61.517925,-101.6246,7.0630856,-18.368383,18.563148,-18.635649,-5.8940644,-2.5824928,17.631586,4.5125227,-11.093761,-0.35963005,129.78137,35.257584,55.68657,24.475786,21.517874,18.259533,14.832256,14.613028,14.007778,11.043022,13.233459,12.335698,10.844097,0.19012603,0.10621193445475638,3573.287996186972,2876.6080544428055
2-108017-A-24.wav,coughing,-344.41205,88.84966,26.34262,18.465508,4.407703,15.320745,10.15535,5.336489,5.1923776,-1.1632495,7.2044992,12.659588,9.841178,105.69936,48.04903,30.333376,13.996385,16.538177,9.451525,11.939794,10.383254,6.6966877,9.493241,7.2639346,9.423058,6.6141043,0.103430636,0.007087441995359629,822.31345572033,1782.336984184081
2-108760-A-14.wav,chirping_birds,-296.2657,172.84927,-25.417805,-34.83996,-54.349106,-13.437848,-39.29014,-19.522472,-36.754154,-6.5402136,-27.021694,-14.986599,-32.56395,11.15489,11.924035,16.64527,13.981557,9.974503,9.450928,7.445453,8.026323,7.926649,7.7751145,6.1140876,6.3687544,6.7170963,0.040163692,0.04687160129060325,1836.1838170881422,2835.544630932653
2-108760-B-14.wav,chirping_birds,-294.0568,168.85345,-33.55261,-26.650381,-58.624725,-26.876759,-38.31718,-21.606497,-39.73854,-8.652559,-24.991655,-13.176975,-31.15713,32.377975,9.36406,22.419962,21.31897,9.351294,10.624278,7.5234623,5.6898227,6.1228266,5.832602,5.7359085,4.6905036,5.9271235,0.039804205,0.045454339472157775,1886.0430805852184,2805.4311327688783
2-108761-A-14.wav,chirping_birds,-328.0656,141.47946,21.29298,41.640015,-28.207499,14.613018,-7.895311,11.374941,-5.4154406,19.633785,-17.295576,12.725592,-14.684844,12.8992605,12.427513,7.2434864,14.119123,12.903199,8.789837,7.4404006,8.442051,9.484852,6.5332828,6.697464,7.6979036,6.4227953,0.01819699,0.07840256126740139,3272.877084187671,4343.746959933915
2-108763-A-9.wav,crow,-184.1342,105.953636,-36.726223,-24.325207,-48.50345,-13.083273,-19.07532,-5.292166,-43.811295,-11.096753,-27.80395,-10.443204,-24.10715,21.948172,10.137302,15.819438,14.204688,10.943668,9.344335,13.123502,5.9095016,10.251638,5.3122783,7.734252,6.013884,6.658958,0.07933352,0.0840920007975638,3785.8141475754355,4466.447438268891
2-108766-A-9.wav,crow,-209.55374,149.62498,-19.347223,-5.9997077,-24.900862,10.702656,15.363443,3.2380111,-6.3894076,8.192057,2.043724,6.4956646,-3.9063964,44.741566,14.318943,30.68649,17.803423,13.064993,11.538344,13.002123,8.54516,9.817404,5.718199,6.1671457,5.670816,6.5183787,0.10051747,0.06166958200406032,2636.913219120801,3493.203794754622
2-108767-A-9.wav,crow,-326.57968,135.32626,-39.977695,-36.630733,-53.40818,-1.39981,-36.588604,-17.02693,-40.319622,-4.704817,-31.476068,-4.01345,-29.585314,25.11495,7.3724837,24.179272,10.877133,8.126014,11.125663,5.852575,9.084295,6.044631,5.246625,4.3472085,4.889732,4.1681385,0.01847638,0.06426619598317865,2911.7850940740263,3949.216945239023
2-108767-B-9.wav,crow,-329.81924,124.11208,-23.64516,-26.231474,-44.65642,-7.890371,-32.150204,-14.656072,-34.51051,-8.450998,-28.359158,-7.1402454,-25.650911,31.778683,11.233859,27.188776,15.751555,6.9000373,10.854616,7.4464087,6.923392,7.2618833,5.3608155,3.8343723,8.230571,6.393248,0.01993486,0.06581147585556844,3287.870154679179,4346.420588885841
2-108767-C-9.wav,crow,-312.1139,136.1867,-52.383965,-25.76899,-48.670746,-1.5537201,-34.1541,-22.521698,-35.144775,-4.8728228,-31.748224,0.658297,-24.24035,36.633575,7.8279047,34.245678,7.267332,9.978014,9.643562,6.1417165,9.271824,7.609378,5.5632696,4.9904737,9.9855995,6.620799,0.0219164,0.06932800717807425,2833.776554858185,3575.524086713784
2-109231-A-9.wav,crow,-314.1861,168.4519,9.12586,-2.8418705,19.075506,29.424503,37.3682,21.765598,11.736079,14.729592,7.871521,10.3267145,6.7096043,49.63643,20.544926,25.020525,13.78873,24.774244,12.335351,14.3956175,7.737497,9.434203,10.397521,8.501579,8.008304,9.34975,0.12956832,0.010608504930394431,983.9774442390999,2318.6009550355393
2-109231-B-9.wav,crow,-236.05333,151.32387,-82.67599,4.3678412,-7.7652717,33.855534,11.548981,12.919999,4.714773,29.59392,1.1346885,19.295456,16.792042,77.952194,27.699154,42.985092,30.723104,17.540134,8.546854,14.74813,5.603172,7.200471,6.913323,5.296471,10.15236,6.169059,0.07000987,0.0780400322650812,2500.914044793505,2554.211223949095
2-109231-C-9.wav,crow,-371.19342,135.07251,-6.148714,-2.3013115,18.956467,32.675037,10.858023,12.800654,7.611446,23.202139,3.4373035,23.024895,2.0860753,80.03711,21.98559,60.98026,18.380434,11.689756,9.789911,6.390802,9.688762,6.7201734,5.8864503,6.23136,6.7255664,5.530966,0.03671767,0.0349568590487239,2402.284119382153,4005.148080736828
2-109316-A-32.wav,keyboard_typing,-492.58426,112.81504,5.293131,27.971832,13.21866,15.149883,6.683696,21.100521,6.521794,11.092253,12.696472,5.996799,6.9724956,140.0534,25.694487,39.40272,10.280918,14.816677,7.9629135,14.113739,11.343316,9.821644,5.9255047,9.67114,6.3838253,5.5816736,0.01333334,0.020029727378190254,2162.2762621985726,3515.4794902994645
2-109371-A-16.wav,wind,-224.50206,220.22197,-22.428984,19.915136,13.921067,16.038687,11.612488,-2.1495922,-0.36775786,3.5567083,8.385366,3.296089,4.5941052,18.720741,4.693755,9.794773,5.095926,5.3607306,3.4826982,3.4324064,3.5351791,3.5881968,3.7620962,3.832557,3.773927,3.9962347,0.14714624,0.014888612964037123,926.6982056225463,1607.1172552546327
2-109371-B-16.wav,wind,-180.3614,215.97662,-16.630371,14.804174,17.392448,12.905465,13.745885,-2.938505,-0.22879991,4.462747,8.11235,5.350603,4.1833405,18.962963,6.6811805,9.473953,5.3981824,4.8537827,3.867451,3.890549,3.772247,3.9447083,3.678937,3.7201545,3.6327362,3.9995954,0.24671666,0.014029872389791182,893.7816926292933,1575.2580979579097
2-109371-C-16.wav,wind,-279.80176,223.74968,2.9603908,13.890897,16.902428,17.973358,11.553837,0.06712731,-2.4056513,1.7921182,5.0298896,1.9104314,3.4571564,9.144869,6.1111193,7.486311,5.072087,4.875344,4.4666758,4.0718246,3.8356376,3.7658112,3.9864564,3.9417803,3.8973992,3.651145,0.11476879,0.011451384860788862,730.5403665907115,1498.5679284075024
2-109371-D-16.wav,wind,-277.0148,220.90152,2.7820816,11.556441,17.69299,18.999592,13.18169,0.46366292,-1.2639226,2.1671188,6.504126,3.1689274,4.255202,8.425753,4.5570045,7.085611,3.9955451,4.661008,4.714943,4.025424,4.0329814,3.8983097,3.6716285,3.6012337,3.9096901,3.7192345,0.11793921,0.010983495867169374,725.8741706568679,1510.47458151734
2-109374-A-16.wav,wind,-379.47455,173.69173,37.24265,46.287064,16.787113,38.93898,14.631555,11.165198,-6.106564,3.9481533,0.12064064,4.0368795,-1.1867746,9.902242,6.4876175,7.901877,6.9487,4.903197,4.3579783,4.7150974,4.5746393,4.629483,4.2155585,3.9498844,4.3027344,4.2333193,0.06313009,0.008879694750580047,765.8798478857802,2159.9398175638307
2-109505-A-21.wav,sneezing,-462.69278,14.436523,-1.8494407,6.9416533,-0.3225465,2.4705286,0.19043267,-0.013152565,-0.24502777,-0.7089586,0.5740616,-0.00047576398,-0.18770635,110.07747,42.88217,19.054962,20.881618,7.515167,7.7673526,4.4770565,3.7798822,2.915538,4.7659535,2.0932732,3.0275402,3.8433313,0.026151776,0.008586272839327147,711.84242846888,1125.3869861270698
2-109759-A-26.wav,laughing,-344.66437,87.67978,-12.813207,7.597051,-9.856966,10.531053,-3.5267682,11.188511,-4.1130543,0.4942159,13.460264,16.793182,0.25525612,151.41562,30.712694,37.831524,18.740194,21.375006,12.410345,20.84882,9.056493,15.389682,10.674329,8.907031,11.964366,10.9103985,0.04560649,0.0838948756525522,3669.589858695894,4046.7960790666443
2-109759-B-26.wav,laughing,-338.566,82.03338,-18.04195,-3.2509615,-10.712343,6.3981333,2.8865714,10.058993,-2.5406756,3.8654892,10.606073,8.050156,4.204787,126.406746,29.200014,43.21454,21.537899,24.49142,10.818447,17.681232,9.286567,12.601371,11.4206915,8.939409,10.820992,7.778001,0.039890386,0.07304053074245939,3490.865058790786,3917.3596452893557
2-110010-A-5.wav,cat,-562.6054,16.695267,-10.465842,2.0550714,-3.0496104,-3.4249752,0.3699876,-3.0158527,-0.9499031,-1.3320001,-1.5614885,2.2828155,1.3869855,102.81675,43.961235,29.459799,8.581095,8.777819,9.291331,2.509134,9.545907,4.0047135,5.006744,5.3106074,6.6907115,4.940475,0.014414127,0.010040920461136891,379.1307101701645,316.6685411259779
2-110011-A-5.wav,cat,-387.73166,32.80796,-7.2031884,4.4723887,1.9192498,0.029611379,1.3737359,1.1006359,-0.7096393,-0.04861064,-1.2111363,-0.6639716,2.4718828,129.17471,56.842518,22.837996,8.483706,6.8499947,6.794278,4.6992283,6.0662427,5.77864,3.9850147,4.3239923,5.287051,5.871162,0.07800194,0.014369743329466358,644.4858809081036,748.3464695584414
2-110417-A-28.wav,snoring,-666.18823,81.0179,28.04232,45.87781,9.487392,15.578594,9.793049,13.0152445,8.982312,11.574562,7.153389,6.4327526,3.146423,152.74036,37.4616,26.882587,21.538202,25.594467,9.663733,12.629118,5.3980346,4.933418,7.083199,4.6116147,4.9331727,3.7299564,0.002874371,0.06201285165313225,4309.38874432015,5217.477798494424
2-110417-B-28.wav,snoring,-642.0841,85.57685,27.000751,46.36894,6.293863,12.479938,7.106607,12.137113,9.217817,13.227083,8.240924,7.699867,3.4362204,171.70451,45.47443,27.189949,22.173998,25.71784,11.567335,12.61288,6.3489585,5.355923,7.073029,4.4104652,4.9922686,4.452869,0.0051345797,0.056624764356148494,4211.324798426099,5128.8189610588925
2-110613-A-13.wav,crickets,-588.0165,-125.40583,101.42639,-32.009792,-3.4760032,56.04347,-60.735172,74.58471,-47.791763,39.64445,-7.804497,5.6176224,9.839532,13.167501,25.982416,19.71859,9.244451,5.128223,12.633003,14.209655,13.114382,6.7153287,4.6329646,7.075942,5.2159057,4.8845,0.100963786,0.5681871737238979,12676.681835767287,1721.0818285773537
2-110614-A-8.wav,sheep,-216.48213,186.75662,-50.749756,0.40845576,2.2342463,13.513622,-0.49081266,-17.13197,-5.430134,1.2978156,5.329285,3.294286,11.241755,68.4563,17.739086,26.563385,8.754275,10.6805725,10.20376,8.239918,5.341096,7.4902816,6.5687556,5.8406,6.5992904,5.0042067,0.12353034,0.03446291328306265,1501.7195736296535,1895.4217935229542
2-110614-B-8.wav,sheep,-164.71516,189.05106,-64.6146,3.5199342,-7.1686225,11.410614,-7.1028824,-17.749249,-8.221171,-2.4134629,3.58422,1.9960093,12.034252,48.816563,11.902795,17.011925,10.1108265,13.320849,9.325906,9.569698,7.5816264,7.9961243,5.8078423,4.2113276,6.1815867,5.5811768,0.1448169,0.04757060252320185,1767.9159333196062,1966.591487710449
2-112213-A-39.wav,glass_breaking,-260.76276,30.335285,-61.84918,38.60439,-19.294174,22.961056,-13.109568,14.459624,-5.2551885,10.881141,-0.7390539,8.017236,1.3111514,193.995,34.4142,30.804085,25.780418,14.020043,13.32396,13.123308,9.053311,11.223535,9.490314,7.214103,7.5298204,5.4250107,0.06521745,0.23282178980568446,5850.742274091979,3830.551435911094
2-112213-B-39.wav,glass_breaking,-333.3511,-5.5762978,-53.147278,39.928448,-17.342085,24.86506,-10.176822,18.999756,-4.51049,11.716764,-0.22826242,9.507294,3.569984,226.90804,26.59687,37.11764,20.674238,18.005339,14.196308,14.186908,12.882912,9.88628,9.118862,6.1089187,8.523947,5.8238535,0.061187644,0.2589510676479118,6508.6057595254715,3906.598323595252
2-114254-A-30.wav,door_wood_knock,-655.0886,39.78493,10.508611,-0.6999016,0.23298131,3.9917374,5.4805465,3.756824,2.1610646,2.2569275,2.6702864,2.9630263,2.1999254,89.96669,78.09532,22.782188,15.436941,8.43221,8.514954,10.361608,8.367122,6.573774,5.277269,5.7839713,5.586558,4.4824224,0.005391735,0.0022873314240139213,256.14656082031,560.0524392989346
2-114280-A-0.wav,dog,-410.59488,79.35215,2.5902512,-13.477597,-25.082865,-15.224226,-6.086716,-13.530085,-10.442975,-2.4112568,-3.9599779,-5.4024773,-5.2401867,125.608986,85.115944,21.24823,18.688808,26.672112,16.159952,9.520717,16.265854,14.237171,7.5675583,8.209575,8.525447,7.619039,0.072119564,0.025040557932134572,1803.0825728779835,2501.6032750507015
2-114587-A-0.wav,dog,-355.48355,78.59451,-80.06118,-35.173004,-33.24448,-29.362152,-17.639744,2.7449245,14.131008,2.0611901,4.088316,0.6023891,-8.435585,121.62389,38.188675,58.584713,23.435577,23.704842,17.381184,15.224301,11.145476,12.946161,11.903689,12.627677,10.225827,10.804042,0.06652596,0.08545035165313225,2852.441522557289,2421.1497086386426
2-114609-A-28.wav,snoring,-478.7028,87.484886,33.838753,35.155216,28.433413,16.988901,16.411457,14.967426,11.613683,9.644863,8.087292,1.7081276,1.3589412,79.7573,46.791622,22.397455,12.815854,10.145002,5.997333,7.2561674,7.639768,5.553983,5.4814,4.768532,7.604634,5.9999833,0.027968444,0.008512634135730859,1031.489484592079,2518.4535125554357
2-114609-B-28.wav,snoring,-470.52737,124.10152,23.838865,37.48213,30.125856,12.412855,16.111334,16.523752,11.534527,11.577198,12.045839,-1.1777695,-3.79654,90.651596,46.303238,21.821243,18.574892,13.19886,8.903325,8.4272785,5.872016,6.377175,6.938629,5.965763,8.523632,8.774107,0.036488045,0.010542796548723898,1072.1050591387248,2383.082151937157
2-116400-A-0.wav,dog,-387.63873,112.27103,12.134326,-11.461318,-15.380466,0.3615678,-1.8882968,-9.608186,-2.883894,-1.141683,-1.356473,7.1828675,5.2247357,110.180954,60.230534,29.391123,19.163374,22.53535,7.7213135,9.473455,19.562315,12.521664,11.646106,13.23184,5.9744277,6.498335,0.045068458,0.031669174158932716,2302.418347014883,3384.8166888504
2-117116-A-37.wav,clock_alarm,-475.89685,-5.8773937,-53.130566,14.706047,27.131641,63.53887,2.1129167,-12.848417,-19.416555,27.19214,25.764439,-10.252222,-35.08528,80.093636,33.76689,24.111528,7.4514456,9.25312,13.959047,7.500076,6.9762673,9.039202,4.4002714,6.0356154,4.5784645,5.184932,0.063909695,0.09777180611948956,4072.8192450532047,3565.9550330523757
2-117271-A-0.wav,dog,-251.56229,162.0089,12.225783,0.73276514,-16.66377,3.530824,-1.0427538,-4.638872,-1.6205562,0.84029204,1.503,0.3260474,1.9439777,110.93376,34.43286,37.290173,17.47163,28.741224,13.974538,13.899047,11.563163,13.885593,10.111131,9.545487,13.828754,8.343904,0.16185823,0.024382341212296984,1226.1939642716552,2028.5315057251578
2-117330-A-28.wav,snoring,-465.3196,83.79713,26.773556,22.822569,0.0062813815,13.589048,3.8434606,29.553188,2.8795063,-1.2671833,3.8247468,11.6323185,3.2579904,116.449905,25.719828,23.97415,15.21029,21.319437,11.71621,11.926268,14.247745,7.1848874,14.160261,6.5245056,6.7043233,6.7385254,0.014411273,0.07334868039443156,3414.193158151812,4385.423244458126
2-117615-A-48.wav,fireworks,-309.52292,182.61008,-34.383373,25.019522,-6.621024,-10.737402,-3.4981122,-12.482204,-11.661786,-7.1202245,-5.097792,-5.7112746,-4.129823,102.56858,18.817228,21.046684,19.060823,14.18663,10.097772,7.5067344,7.5190725,6.338748,5.3089223,5.802093,5.1092978,4.545896,0.040139444,0.0401330934599768,1786.8871216762643,2174.7619693086644
2-117615-B-48.wav,fireworks,-438.92358,156.20717,-3.9493842,6.3088794,2.335654,-5.4124627,-2.63441,-6.7428956,-9.11743,-5.70195,-5.3479996,-6.6400642,-4.140993,110.11622,30.125534,29.488785,20.690393,11.511574,8.850286,6.8636045,5.7271705,5.4131308,5.3106103,4.4104657,4.534695,4.0022626,0.0144629385,0.03743225239269141,1760.552243405281,2471.1128520985008
2-117615-C-48.wav,fireworks,-424.18033,107.72455,20.823673,15.281836,7.9537187,2.9856434,7.307964,3.6417716,1.3362412,2.5588527,0.23004308,-0.7426942,-0.34696037,92.820595,39.957687,30.560152,11.809316,9.187878,8.081352,6.1075616,5.199423,4.690088,5.0798125,3.921764,3.8878298,3.7857394,0.017469158,0.03463964617169374,1734.0493012997326,2585.608194059405
2-117615-D-48.wav,fireworks,-341.1803,130.22443,-2.1822474,19.109547,11.606217,2.2722306,7.3560085,3.2378733,0.68628454,4.4397,0.8761786,-2.4424827,-2.320686,108.044365,40.177986,28.65125,16.338245,10.81506,9.223837,6.8424706,6.1116657,5.263272,6.4996953,5.2162023,4.854119,4.0797567,0.04336471,0.039422763196055685,1818.1997011379428,2314.192202086752
2-117615-E-48.wav,fireworks,-345.1425,124.53626,-20.242725,17.205507,10.8033495,-3.9038227,7.0613103,2.3729966,-0.87480116,3.7567534,-1.499724,-3.0133553,-2.3156343,111.470566,39.773296,30.441385,15.925532,9.869056,9.783766,7.441009,5.5737615,4.709878,6.615136,5.191445,5.2010946,4.73144,0.03413494,0.06019114341647332,2245.073603797443,2462.4232552606795
2-117616-A-48.wav,fireworks,-237.49216,84.76306,-22.46928,25.039026,-7.078661,3.1605425,-1.7066821,1.554151,-2.0575414,4.002402,0.3569045,-2.186596,-2.158814,224.53142,62.469067,20.947258,21.342289,10.637309,8.01916,6.7180057,5.516256,6.0353365,4.992229,4.4073176,4.078493,4.9997673,0.14360029,0.06551125652552205,2351.5631445534905,2396.3512672058137
2-117617-A-48.wav,fireworks,31.445675,89.66484,-46.323044,42.406857,-23.54948,14.042689,-8.81334,8.845086,-11.204549,2.9757853,-8.592735,-0.79866016,-3.639352,79.31462,25.608624,16.577494,12.44098,10.861277,8.677471,7.085253,7.774877,6.4041705,5.770787,4.9298835,4.5561576,4.520605,0.35537118,0.16831315255220416,4786.470807442333,3986.58333963237
2-117625-A-10.wav,rain,-91.43773,123.62915,-81.16085,55.366463,-40.281654,32.831738,-21.254387,24.994827,-19.09487,19.60959,-9.262604,9.465038,-1.6976484,21.314552,8.42514,6.0597215,5.9653363,5.4862366,5.9589963,4.68917,5.119366,4.224431,4.4089375,4.1496987,4.5033464,3.942823,0.09633454,0.1422552476073086,4095.924981938237,3452.7974370456886
2-117795-A-3.wav,cow,-297.8394,226.90224,-23.161358,-10.052488,11.449212,3.0640438,10.049131,8.764515,10.431901,11.770689,8.429271,2.1758897,-2.8908339,22.84925,12.478196,8.74943,10.021633,8.54332,8.855022,6.9004893,5.7739716,6.4795456,6.6438246,6.2428317,4.687114,6.1414742,0.06642766,0.027312028712296984,1034.7304944563298,1521.127539685667
2-117795-B-3.wav,cow,-268.37958,206.22849,-55.600964,5.0947504,10.832868,8.645249,5.015036,6.7088475,9.633297,5.3847756,1.5070045,-0.9946507,2.8918154,66.154976,16.6509,31.952435,15.032661,12.448335,10.014016,8.652009,7.5756207,7.466763,8.201063,8.513456,7.2353396,8.935676,0.06407532,0.03909422128770302,1498.7388420778964,1816.6416988606709
2-118072-A-0.wav,dog,-502.90933,30.577703,4.747388,0.60030425,-5.94037,-0.90934736,2.0271764,0.44693142,0.048218712,2.6953084,2.046969,2.2025228,3.0969398,102.85872,64.2771,13.23809,12.87072,24.504787,6.931077,5.003399,6.248729,6.051547,6.431995,4.6453533,4.730692,6.568837,0.022776911,0.008663310252320186,755.6048263076516,1284.6625135717306
2-118104-A-21.wav,sneezing,-442.12738,35.389774,-9.515728,13.517432,2.8806415,-0.21145156,-6.7051125,-1.534613,-0.70152026,1.5744658,0.8668461,3.1768959,1.0656625,148.26826,35.068634,40.0239,15.498824,14.218045,13.447382,21.20257,11.378807,10.021307,7.5404663,8.085346,10.26628,8.286826,0.023354357,0.062287014211136894,3221.4743459070796,3610.8707205098244
2-118459-A-32.wav,keyboard_typing,-241.47589,119.53763,-41.089497,45.013687,-10.709593,31.355772,-5.8869867,21.647015,-6.362559,11.725203,1.6615204,5.980117,1.3282177,74.08356,13.938753,18.411457,12.253143,14.399877,11.097353,11.394534,6.8812995,9.90261,6.645928,7.5885224,7.023268,6.6862693,0.03936834,0.07724133555684455,3433.670065820123,3635.7054765003413
2-118459-B-32.wav,keyboard_typing,-289.8525,120.25,-39.280857,44.787758,-12.738063,33.06811,-6.920724,26.326004,-10.090362,12.456891,-0.17136966,7.2237196,1.2986456,92.06695,15.237822,27.15102,13.285636,15.004831,10.8069725,11.635369,7.5761356,10.28337,6.7430396,7.606447,6.44674,6.8646145,0.029003415,0.07219991661832946,3453.4186718986534,3761.611294356459
2-118624-A-30.wav,door_wood_knock,-514.23987,37.95743,10.71062,9.546789,4.199824,8.382498,7.42609,4.915685,3.6510413,3.1461804,3.6381345,3.5365424,2.8786724,101.664665,61.369305,15.884414,13.699475,8.738189,11.490887,10.400017,6.2697268,5.569915,5.0168295,5.370668,5.2401004,4.479826,0.020374818,0.007462432932134571,1080.987450052603,1703.2791563908343
2-118625-A-30.wav,door_wood_knock,-415.3237,49.843163,14.440379,9.161103,0.551465,6.827784,5.315345,4.0305514,2.6485813,1.1988127,3.0598285,2.3475177,2.089496,111.59697,65.09318,19.947027,12.521486,7.501175,11.005843,7.683576,5.6762204,4.5636277,4.9369354,5.4188075,4.1692142,3.7596402,0.047427792,0.00816483287412993,883.0528735506397,1482.4148916815655
2-118817-A-32.wav,keyboard_typing,-435.35397,49.2158,15.258029,67.371796,1.1753826,39.78738,13.46452,30.910925,6.721221,27.73894,-1.7967128,15.652132,-2.2891953,59.909595,30.555216,18.39729,16.368797,13.182398,11.0334015,8.190734,7.856355,7.061983,7.121082,6.117871,6.117573,6.280254,0.014674716,0.043581650594547564,4626.025243034615,4823.653847179325
2-118964-A-0.wav,dog,-407.00012,34.94296,-5.330896,-1.1250374,-5.996562,-2.3942463,-1.7745227,-0.3080593,-0.78194815,1.1062373,-0.9533817,0.9361503,0.8176217,164.54207,67.87906,17.824383,8.685479,14.747342,7.68435,6.761143,5.3825235,4.208707,3.4924884,4.77115,3.281352,4.206046,0.07380273,0.009369108903712297,591.0970437598547,1140.2694241434801
2-119102-A-21.wav,sneezing,-513.8458,20.404379,0.60344553,8.142131,2.0266438,4.3998704,3.3807828,2.828074,1.3099453,3.1980436,2.079274,2.0425937,1.9887305,121.684074,39.49227,18.719912,15.2769785,10.44742,7.755926,8.645575,8.076403,8.362153,5.0366254,5.289665,4.774308,5.2321053,0.011526749,0.016753371519721578,1299.5079139007903,1715.2046243668876
2-119139-A-31.wav,mouse_click,-595.2437,15.550372,10.007558,4.714931,-0.4739985,4.25991,-0.5113166,3.2700922,-0.5947323,3.2858756,-1.1399106,2.688297,-1.3694787,150.95393,34.94954,22.788208,11.35019,5.9358797,10.1407585,4.5500164,7.4660974,2.1883755,7.612411,3.200724,6.547057,3.611255,0.0089998,0.01267378734048724,924.0368825865093,1061.4648725354273
2-119161-A-8.wav,sheep,-355.33655,68.99307,-41.18454,5.034513,-15.43748,-0.472748,-16.323267,-4.0865455,-7.0171165,-1.1955746,5.3948445,5.461944,-0.8266203,146.70271,33.939625,55.48566,19.738344,17.38047,13.145019,23.39604,16.062328,10.846566,9.791479,9.87756,11.820677,12.389973,0.057369836,0.14447233903712298,4622.983311394177,3946.0878927795584
2-119161-B-8.wav,sheep,-294.92258,113.52701,-74.5336,-3.5960157,-26.71639,10.434956,-28.49793,-6.3205833,-3.6111615,3.8385653,0.15525255,4.9235497,3.412353,113.41781,31.43078,41.98516,28.086786,19.000177,12.229237,22.266697,15.688335,13.525402,9.085574,7.9364357,12.463158,15.312496,0.058347967,0.09784544482308585,3303.9297524259227,3057.034536285866
2-119161-C-8.wav,sheep,-414.14395,59.030643,-32.35863,4.1185637,-14.103735,2.4924421,-6.99702,-2.24257,-4.55326,1.6987609,-0.086702645,3.1402483,1.7070574,176.45268,52.63698,39.306515,15.753975,17.26093,8.172132,19.996542,9.563405,10.4709215,7.5677013,8.570989,8.3007765,7.4992213,0.03921241,0.06451316886600927,2209.2934656874068,2078.4879060699177
2-119748-A-38.wav,clock_tick,-631.3059,102.73609,19.658443,6.949835,16.66381,11.106422,10.119304,13.444447,8.565923,1.8056904,-0.4996723,-1.4068918,0.9847358,103.65788,79.61139,24.326315,16.328543,9.360812,11.488106,11.146839,7.7980404,9.476869,11.761563,11.262868,10.614315,8.99917,0.0060085673,0.027528413210556844,2202.9024764011024,3675.2328411045582
2-120218-A-30.wav,door_wood_knock,-528.813,83.79976,38.742973,35.613888,26.005108,20.2466,15.765317,10.81059,10.609516,10.345865,9.663845,8.22302,5.7998238,87.59408,59.873623,23.562304,14.665707,11.503511,9.070316,7.280649,7.747373,6.40981,6.6429234,5.3154645,4.6592207,6.4221163,0.029154506,0.016810016676334107,2216.664645403892,3542.289738846774
2-120218-B-30.wav,door_wood_knock,-432.48334,116.70159,42.135628,37.963093,23.611004,24.743883,15.491313,12.818216,11.064568,10.222339,7.329211,5.3322086,5.2011857,121.21255,60.82289,23.885386,13.679912,15.545606,8.5930805,9.435662,6.633461,7.431177,6.4433374,6.164214,6.405968,5.878236,0.06710381,0.007114631670533643,1191.4958672665487,2652.370695323013
2-120333-A-32.wav,keyboard_typing,-236.8179,111.555176,-16.77679,34.476486,-31.478071,35.803165,7.578032,13.334082,6.8153553,13.702026,13.182248,9.011067,18.73641,73.508896,26.081064,14.923907,15.833974,20.65248,8.31697,10.501293,8.046379,7.1977634,9.523089,6.8903694,7.3782635,5.8179336,0.09552454,0.036607498912412995,3167.8526276869425,3570.4480315646438
2-120586-A-6.wav,hen,-373.01016,48.11927,-18.486938,-7.041274,-18.90207,-10.653881,-15.266658,-7.3517966,-1.194607,-3.0055766,-1.8034023,-0.9104075,-0.6961452,123.12893,46.95024,37.002064,13.888215,24.727364,12.623089,18.73141,11.177655,6.9468746,8.373927,7.922501,9.948229,13.29134,0.04641791,0.05009697650812065,2128.5513179678615,2278.970103021162
2-120587-A-6.wav,hen,-510.65546,63.87044,-19.967207,-2.7038534,-14.482566,-4.255416,-15.110864,0.5561811,1.0629015,-2.9009337,-4.2442665,-4.337737,-7.3056593,162.99799,60.606083,33.86339,11.659659,23.56673,8.1332035,23.346527,5.5371137,6.606373,5.96909,6.7824636,5.549638,8.577405,0.017034367,0.0466801406612529,1922.8169693048344,2076.2259077182443
2-121909-A-35.wav,washing_machine,-210.96242,176.25696,-17.838402,26.33224,6.9944234,24.741653,7.411917,9.112534,1.1773381,12.31375,3.2310867,8.886489,5.327383,18.746798,7.3724556,7.853754,6.0995703,5.636453,6.1179686,4.8541303,4.9468503,5.454135,4.672146,4.9302025,4.7602506,4.538152,0.16921572,0.013168866009280742,1372.6719984350727,2484.9414117990145
2-121978-A-29.wav,drinking_sipping,-196.03572,174.19109,-4.2609506,11.451378,-13.095907,19.169376,-10.085747,11.176982,-6.662983,17.330856,-5.689845,3.5327122,-5.174801,28.132765,14.34768,13.433518,13.88679,7.5355034,7.5410547,7.4028115,7.000363,6.7715316,5.4710226,8.656121,6.2196674,5.4930105,0.081265144,0.041288654654872387,2006.6664381065987,3109.4394271621586
2-122066-A-45.wav,train,-59.751225,152.20767,-30.559479,26.5405,-10.002017,16.010132,-17.063185,6.595998,-9.921159,11.4631195,-1.6333421,3.8181741,-12.524144,49.391605,19.670088,10.311242,7.4492245,8.962108,6.8478055,6.0206456,6.1701694,6.903101,8.3762245,6.6712294,9.216198,7.581347,0.24079734,0.05864926225348028,2806.0027062278778,3573.442003013699
2-122066-B-45.wav,train,-118.10631,176.29582,-56.147762,48.49743,-23.30158,23.307827,-23.03663,8.189906,-11.49,5.3635497,0.21883635,-7.2561946,-4.902075,28.02719,13.648604,8.345347,7.9739676,6.3402853,7.7546043,5.0808296,5.778932,4.8432393,4.6190753,4.698197,4.436563,4.1071553,0.12526658,0.05975157700116009,2390.9617436329277,2757.730123490472
2-122067-A-45.wav,train,-115.38428,165.18561,-29.666695,35.462883,-15.505951,15.825491,-23.095758,3.6055408,-12.936681,2.5875788,0.2772645,-2.7865899,-0.6183173,50.72508,16.192114,12.87005,11.287596,8.408814,9.0722065,7.208759,6.538336,6.6750846,7.529098,5.7969127,5.2919846,4.666495,0.15261833,0.04939797527552204,2353.2715223203663,3033.7377849601203
2-122067-B-45.wav,train,-119.34002,175.38515,-34.516712,32.706642,-22.546383,14.25392,-30.414865,3.283701,-18.00485,2.2742891,-3.3667123,-6.109403,-4.6289306,40.489815,20.106956,18.410234,8.691734,7.4636292,7.9909825,7.074786,5.046906,5.1565127,5.5678325,5.1462536,5.5625315,5.115962,0.14887586,0.05095911579176334,2271.9218288592397,2895.927783875106
2-122104-A-0.wav,dog,-402.96103,160.44135,42.17453,-11.122974,-27.199162,-14.732638,-4.2944474,-6.5464444,-1.7139571,-5.322069,-7.966348,0.38048425,1.2568789,71.76267,40.7868,23.110233,17.67054,16.297289,11.730675,12.138027,16.973555,9.070462,8.051474,8.991095,6.50071,6.103051,0.041523494,0.025142519214037123,1061.3583611476586,1869.9396027447997
2-122104-B-0.wav,dog,-381.25696,139.26118,39.644924,-10.952173,-24.803646,-14.348837,-2.8910873,-3.2089314,-0.70210296,-0.59468037,-3.8744593,-1.5947193,-0.633276,68.05569,41.680428,24.157804,23.803274,17.575254,10.728151,8.122098,11.747332,7.7417445,6.4173946,8.256629,9.005459,8.080239,0.04462133,0.02908502211426914,1202.678986374105,2059.7007918185345
2-122616-A-14.wav,chirping_birds,-484.048,-27.125387,-131.44955,52.599632,47.306328,-28.701553,2.1512718,-3.387484,-5.02171,6.506999,-1.0554626,8.852875,-3.0809617,32.972424,18.554203,28.726772,29.117039,26.25595,14.859567,20.335638,19.38048,9.732456,12.776532,11.621996,10.31586,8.902925,0.036575705,0.1949341103538283,4312.396008230205,1246.1890947366735
2-122763-A-29.wav,drinking_sipping,-458.5193,59.16021,34.532337,24.161676,21.465591,15.653495,10.0438385,7.985741,7.125465,5.8448815,4.7214646,4.0576253,3.433226,55.063995,49.49632,15.609414,12.5044565,8.490054,7.482435,8.032433,6.4972434,6.272644,6.7077155,6.164304,4.989521,4.8448715,0.016269293,0.028345236368909513,2397.3764624471646,3654.7943134762295
2-122763-B-29.wav,drinking_sipping,-493.32034,118.88444,22.84024,24.70835,18.832138,9.984862,4.8336015,4.0146317,4.6827006,4.179096,4.500763,1.632196,3.3111699,90.92733,54.871048,27.150187,16.385424,13.362208,11.027548,11.4436865,8.892299,7.5286937,9.321345,7.09388,7.6242037,6.1586757,0.011646117,0.03713656467517401,2444.385545088085,3362.4514733918018
2-122820-A-36.wav,vacuum_cleaner,-50.795525,108.04075,-69.98831,63.234802,-58.07103,43.0244,-46.10158,16.57277,-33.880238,2.9813309,-20.242344,-7.911553,-15.902581,13.131146,5.5464497,4.624034,4.231335,4.736213,6.334049,4.6995034,5.424657,4.442509,4.125743,5.089041,4.4003277,3.9961145,0.1641851,0.16877197832076565,5107.099045832142,4038.3142234889474
2-122820-B-36.wav,vacuum_cleaner,-56.274765,105.50125,-71.39476,63.27985,-56.244984,41.496826,-48.766823,18.997374,-35.209396,4.428846,-18.198736,-7.830255,-13.221988,10.280334,8.273568,6.3799906,4.5116653,5.817685,5.0412693,5.947143,5.4861097,3.9735801,4.642278,5.0490146,4.0737615,4.6587605,0.15165569,0.17797115175464037,5203.262833733619,4070.784332990278
2-123712-A-33.wav,door_wood_creaks,-536.0099,54.307007,-24.425758,13.005252,-6.1083765,15.175439,0.5221014,5.720043,7.337399,8.412025,2.2108927,-1.3451058,-5.948388,182.41386,27.03219,49.897408,13.623404,22.176899,11.051585,12.107123,6.2809687,6.8739166,6.5367036,7.3172026,8.565649,8.869122,0.01323846,0.1622929053074246,5684.704612141356,4655.236471310053
2-123896-A-24.wav,coughing,-375.8734,80.97846,-9.937838,0.8322894,-11.889621,10.496544,0.6382459,4.9403367,-1.502566,-8.075127,-14.59473,-8.293684,-2.4159853,143.12845,48.710327,27.642986,17.201054,23.332466,16.242172,14.256078,7.761461,11.819753,10.59798,16.91108,16.67711,8.260457,0.03205782,0.07493701058584687,3379.6626324926624,3762.6121537190393
2-124564-A-15.wav,water_drops,-378.08163,96.967865,-4.2261515,40.96276,-16.1847,21.098051,-4.0317435,16.291714,1.6776584,9.410022,3.2429166,7.147098,6.4751296,65.79259,39.321316,31.586708,21.572702,21.214195,14.45163,11.608079,10.236095,9.361873,9.687719,7.8147373,9.441409,7.4787683,0.01779636,0.09857163573085846,3885.9019610235086,3933.2118772258355
2-124662-A-11.wav,sea_waves,-200.17377,117.21627,-34.59092,27.560537,-28.40121,28.438456,-25.536545,21.895733,-13.811642,6.921359,-8.376376,4.841547,-6.894837,107.570946,27.770456,14.1405525,10.585967,9.253963,9.733253,10.944039,6.4308047,7.5472608,6.1844945,8.085454,4.934389,7.9300413,0.047238927,0.12303894467807425,4183.389260398206,4158.5165482908205
2-125520-A-43.wav,car_horn,-483.26334,121.942535,-62.175465,-6.8735747,-32.60201,-23.464228,9.071462,-5.9565845,1.3307389,-3.7209868,-11.250546,-7.386872,-7.718959,134.0881,49.892193,48.072216,12.891882,23.180511,18.288729,7.085834,16.324291,6.6507716,9.7136,14.284292,10.158358,8.109475,0.033462267,0.05862433838457077,2393.1351179581106,2641.7133447279343
2-125821-A-13.wav,crickets,-310.11832,48.994835,-13.031284,27.969547,-48.100674,26.338312,-27.59225,21.169685,-9.881892,10.549932,-3.7318292,13.045832,-12.54494,25.291637,27.939182,17.962673,6.6197696,8.572922,12.62251,11.302009,6.5752883,5.096843,6.998057,7.6209083,5.456713,4.5898414,0.024600893,0.29130338239559167,7400.528436319539,4387.09038834509
2-125875-A-13.wav,crickets,-230.71625,14.105881,14.993112,-38.128563,-20.036207,27.84248,-71.074684,37.28976,-47.171555,31.974646,-56.010857,17.799551,-32.956165,6.200633,6.521388,5.3701615,5.1857114,5.9316225,6.162067,4.906225,4.8544784,5.5083942,5.300055,5.3698,4.5162053,4.3650694,0.11589299,0.6656757540603249,13554.656689847938,3812.269142416887
2-125966-A-11.wav,sea_waves,-185.49817,124.99764,-40.974297,21.342436,-20.051167,12.438025,-19.524887,12.449048,-13.064409,10.111338,-5.07288,8.548021,-0.09851625,71.28909,25.292263,17.5458,15.739372,12.141354,11.303922,10.087589,9.11885,8.966199,7.644038,7.086449,6.2811837,6.656431,0.061891418,0.06748250797563805,3450.1348759598927,3885.3143556611044
2-126433-A-17.wav,pouring_water,-260.31927,97.99344,-41.060425,47.698658,-20.187046,25.12559,-2.9710522,13.588305,3.143454,11.091889,7.643684,5.1243396,3.794381,69.09348,29.3581,21.69887,18.32357,21.302671,17.860327,18.504915,18.806683,14.901659,12.728981,12.86491,12.0545225,10.498173,0.09814531,0.0104487655887471,2824.593260289288,3499.2007945512128
2-126756-A-29.wav,drinking_sipping,-341.79932,80.405426,-8.059657,6.980527,0.03456353,7.050363,1.2920464,-0.24998131,-2.325769,0.6476881,2.332596,0.50851446,3.2304096,139.68152,74.2006,18.599607,12.146352,10.985755,10.450477,8.792141,7.482451,6.191756,6.8003745,5.419659,6.0524483,6.505039,0.041172527,0.02555149724477958,1241.095680942214,1606.2057788572997
2-127108-A-38.wav,clock_tick,-680.328,56.15729,-33.256107,-0.29576334,-8.678227,1.107021,-8.168493,-1.3195592,3.012703,-1.4533684,-5.133128,-5.16934,-10.496334,135.4777,28.228256,48.217022,12.245551,28.892483,10.687901,14.083806,11.096844,11.619158,11.178046,8.36507,9.686317,7.36597,0.0020692423,0.08693672056264501,4305.595319995261,4581.396095926243
2-127109-A-6.wav,hen,-371.306,103.79557,-24.788591,-2.800596,-19.828243,-18.113731,-16.938402,-16.463129,-3.1719935,-4.600211,2.7616777,0.5610694,-4.8408213,81.06997,45.361115,23.558434,19.1554,16.083185,12.054139,11.694985,11.578832,6.8235083,8.985379,9.302275,9.106696,6.4001446,0.037756108,0.09828274543213457,3050.9622581971103,2810.7229467495745
2-128465-A-43.wav,car_horn,-227.43753,209.84175,-76.2282,31.94752,12.376677,-2.8282382,-22.888239,16.879343,16.125977,-20.35139,-7.3849883,11.414094,-9.311475,31.161552,13.570553,9.7004595,18.151672,5.901458,4.0370107,9.433276,7.504037,5.264317,5.1992908,4.5455174,5.513377,5.0221367,0.08107598,0.09718722810324826,2041.6974059788279,1820.0617341663954
2-128465-B-43.wav,car_horn,-179.16367,200.66954,-73.38664,30.126793,2.5193353,3.1020758,-20.117754,4.0201087,21.022932,-11.528268,-8.594122,0.7075579,-1.6319573,32.469395,11.647899,9.2004795,8.800441,5.255283,5.852756,9.982778,5.408874,7.365154,4.3267736,8.564448,7.0348268,5.07415,0.11779109,0.09400830191415313,2066.978801743665,1898.2297291187465
2-128631-A-21.wav,sneezing,-591.17035,29.77713,-4.356353,5.3660865,1.0387484,5.439496,-1.9072275,-0.46123517,-4.5601487,0.98002,0.6135631,0.4392858,-0.28119528,143.53725,54.40028,20.58667,15.020549,8.681023,11.106145,12.913742,6.3557806,11.165282,6.9642467,4.1392126,3.574872,4.8619556,0.007458132,0.012506117676914154,639.3361348860649,900.5029207798851
2-130245-A-34.wav,can_opening,-389.39392,54.984234,15.454618,24.582212,12.395753,4.384114,10.790583,5.0546284,0.29580972,3.533567,6.039459,9.4574585,7.1059117,87.24564,21.62557,39.646526,15.434717,11.50374,8.219382,14.411926,8.057133,9.377447,5.800868,6.2428045,6.8727283,5.3562965,0.043387923,0.02765869707076566,1667.5495200075989,2108.6228028628034
2-130978-A-21.wav,sneezing,-526.9276,23.471237,0.6525807,5.2990894,2.2483523,6.325159,0.41239217,1.0194362,-2.610746,0.6398112,-2.91737,0.18756486,-1.2633787,169.78387,41.313194,19.42426,12.241632,10.896855,10.594485,13.361429,10.069656,9.616885,5.547739,10.37597,5.144302,4.5728374,0.020580506,0.03601385767111369,1573.7105596845088,1623.358485917417
2-130979-A-21.wav,sneezing,-467.297,33.04643,4.6843405,13.790799,8.819482,14.512671,8.134942,4.0909796,0.09307932,3.6596932,-2.5689821,0.41221014,0.30386105,159.18011,29.670687,23.199596,12.926166,13.278528,10.566587,12.623089,10.637063,13.581757,5.955561,11.163512,6.0046253,5.4687443,0.02438228,0.07574137180974477,4126.72543915058,4239.328012502802
2-131943-A-38.wav,clock_tick,-341.23166,135.27737,1.4865074,-0.116611846,8.61986,-4.0268626,1.2667545,-6.180871,8.333942,-13.489403,-3.5609782,3.0311956,9.576129,72.113205,15.9204645,32.839043,16.609148,26.197817,9.202046,15.373674,7.741225,7.6949043,6.416193,9.924795,6.3769126,6.010739,0.021870341,0.0873241734338747,4242.770151333909,5834.5570482725525
2-132157-A-11.wav,sea_waves,-171.42416,142.87776,-30.102373,30.968266,-32.61684,19.037098,-25.262245,20.543436,-21.011614,8.96597,-8.832352,0.44320527,-7.299526,53.18866,9.928497,12.566605,7.82705,9.341865,5.9914384,9.180112,5.8045845,6.1703405,5.2729807,6.0991673,4.8072267,4.8100467,0.06417906,0.07575836535672854,3294.580975896905,3846.1355687701553
2-132157-B-11.wav,sea_waves,-154.15451,130.75812,-40.029873,37.477524,-36.172245,19.634436,-32.23772,18.462622,-24.365932,9.862817,-11.89471,0.7758165,-8.534021,49.299572,11.538501,9.151015,8.201049,8.062894,6.563991,7.178222,6.348008,5.898604,5.4422154,5.217474,4.9795756,4.9435387,0.06659943,0.09935333889211137,3811.8736217775427,3995.0721243523485
2-133863-A-11.wav,sea_waves,-168.02353,152.77061,-36.22068,33.07074,-31.956335,13.988075,-19.272003,13.302395,-17.581057,12.429122,-12.465068,5.4540405,-0.13603154,55.643402,16.884645,21.644367,10.991695,8.882091,6.2015758,9.446634,6.4127107,7.679389,4.9090815,5.8808646,4.733259,5.5260077,0.07597081,0.06478053400522042,2846.2877881784193,3409.710854419831
2-133889-A-30.wav,door_wood_knock,-540.33014,55.523117,36.75926,19.694311,9.252021,4.6496906,3.0128527,2.4233882,2.136402,2.0528996,2.2449608,2.6550846,3.1053214,62.911533,72.62665,46.012707,25.201006,12.693116,6.4480376,4.5029297,3.6892896,3.5552573,3.6404583,3.74523,4.0049634,4.367173,0.03993328,0.0012416618329466357,119.91904564149975,519.8023203736153
2-134049-A-6.wav,hen,-527.4459,61.600082,-15.186298,-11.71115,-11.490516,-12.886154,6.4661126,12.89003,8.011733,2.1799507,-3.7944922,-2.2082841,3.063988,108.20223,71.73025,19.583689,18.901783,18.503965,17.387518,9.297123,15.361262,11.414049,7.2522707,7.828402,7.364881,7.9000525,0.01848619,0.03021226073085847,1096.0979721615793,956.014383142701
2-134700-A-38.wav,clock_tick,-613.3911,51.26727,-16.307077,23.870071,36.02136,17.714458,2.2110994,4.687603,25.106493,15.9210615,1.8547394,8.335672,12.222586,50.796677,19.217941,33.818096,13.831615,11.3918295,11.1499815,14.140198,11.864098,15.40908,8.500292,8.750858,9.588388,8.073904,0.0041995733,0.06292937028712298,2958.1068912654846,3379.0210777912916
2-134915-A-30.wav,door_wood_knock,-533.77673,63.375626,41.973026,22.305656,10.50291,5.374351,3.584343,2.9135246,2.5766826,2.5016866,2.7052448,3.0823812,3.519043,63.3394,75.1117,47.25599,25.79174,13.200637,6.810755,4.852994,4.1461825,3.9268498,3.8124328,3.8832884,4.1153455,4.5167513,0.046552088,0.0010456695910672853,127.02708658350046,526.6468097045071
2-135649-A-45.wav,train,-238.97394,164.571,-25.272375,55.66982,-4.069925,22.776258,-1.9360697,10.607474,-1.0711142,4.972809,2.419492,5.788556,2.8156605,44.37746,16.389383,9.689157,7.452071,9.404216,10.5402775,10.564862,9.041313,7.487394,6.763633,4.9664707,5.0688844,4.3468037,0.061970573,0.030524941995359628,2034.3162597364917,2891.070251847744
2-135649-B-45.wav,train,-90.76636,172.72542,-24.040169,61.000477,-11.474217,21.84375,-12.063356,6.7788243,-5.948195,3.8937008,0.7825954,1.8387322,-4.469802,33.496365,5.9999914,6.5668273,5.3392262,6.8864865,4.6847,6.371071,4.3364844,5.3722157,4.8046494,4.374883,4.2437854,4.309427,0.24533291,0.03449690037703016,1978.432468604205,2824.801058248163
2-135649-C-45.wav,train,-188.72356,165.07736,1.8364286,62.41321,4.673103,15.078877,-1.725053,6.68799,4.293878,4.8502526,2.6015205,5.272555,3.1357284,84.413124,8.640207,14.324769,8.319192,17.448036,7.720741,10.8272505,5.259955,7.0037823,5.2902026,4.1853905,4.323986,4.3579063,0.188144,0.018449327508700698,1482.6327207330048,2578.168202146512
2-135728-A-38.wav,clock_tick,-490.2899,63.844406,4.5431266,41.41467,6.028422,34.472553,1.7918452,26.034588,3.1906774,19.717112,5.965778,13.741301,2.836827,76.003265,13.016389,29.426907,9.113492,9.708131,8.396748,11.521692,8.56936,6.190582,5.6869884,5.5860634,5.9329906,8.726269,0.0134163,0.030463765226218097,3706.6497824953008,4944.704455703729
2-135860-A-49.wav,hand_saw,-360.2556,89.05233,-14.083747,12.884483,2.450348,16.22353,-1.4949174,10.352472,-10.926396,4.1962276,-10.283362,3.898679,-4.235509,237.53009,66.744965,21.17646,11.733213,13.116921,13.384281,9.7999,8.825768,11.679683,6.565181,10.269333,6.1558504,7.1025476,0.04737046,0.04141327399941996,1995.4109050481518,2585.9992576272166
2-137162-A-11.wav,sea_waves,-104.16766,145.40271,-62.03824,39.99435,-28.323437,26.369457,-25.461218,17.643232,-14.682082,8.889743,-9.1506,4.8452234,-5.372249,58.552727,11.948783,8.441845,7.194465,6.701813,6.1206827,5.7597294,4.8929935,5.0934567,4.3492475,5.6051598,4.586822,5.4448214,0.105000824,0.09251513558584687,3245.126619477482,3344.7999626726246
2-138257-A-31.wav,mouse_click,-598.6025,122.34183,35.617825,35.655037,5.428029,26.061865,-0.907442,16.018549,-2.6285977,21.122215,2.9120946,18.32554,1.0788102,47.98545,11.304514,6.230556,6.686016,8.890274,5.181464,4.4186873,3.659091,4.0486703,8.89059,4.2221293,3.7010355,4.157868,0.0032639902,0.01773106692285383,2477.291015045565,4468.283415856054
2-138465-A-43.wav,car_horn,-219.0567,165.72263,-38.377888,24.810497,7.361912,27.661695,2.9493625,30.9494,-0.403258,7.8110714,7.4394975,8.693666,-1.0422376,19.298933,10.29386,10.104499,8.739125,5.0376654,4.828177,4.7790265,5.4526587,4.4403358,4.733015,4.435544,4.1853995,4.840684,0.08489441,0.026605097157772623,1909.9629144056246,2794.0254438103666
2-139748-A-15.wav,water_drops,-557.6399,157.66165,43.08659,49.244896,-3.0174785,5.795492,-5.16347,-16.944216,2.09425,2.8135955,-2.6378644,-6.0956635,-0.8302842,65.06697,32.318485,20.70605,16.87297,11.604999,9.741953,9.394326,9.032562,6.8029613,7.897667,6.7006106,6.131331,5.7811294,0.00656467,0.031158234846287703,1795.0524842020302,3044.322045590669
2-139748-B-15.wav,water_drops,-568.68756,162.17006,47.083645,47.350594,-2.3948474,9.038031,-8.419222,-15.979491,2.5340738,-0.022789657,0.7688038,-4.9754124,-2.164464,60.151146,35.723682,21.633497,14.964745,11.661128,13.067178,8.674932,9.220117,8.034105,6.3625298,6.0661077,6.8174276,7.129858,0.00632674,0.03064389682424594,1753.5877665778214,2995.6588939158123
2-139749-A-15.wav,water_drops,-663.8731,110.46871,54.88939,16.733372,8.020434,6.337996,-8.7664795,4.003611,-7.0823565,1.1194936,-0.6570279,2.3319566,0.51038814,62.948406,31.761267,11.794254,11.717805,7.502865,8.51486,11.286932,7.381323,7.708076,5.685663,4.150807,6.407486,5.201187,0.001727463,0.06836050790313225,4393.842243115691,5623.913506512811
2-140147-A-38.wav,clock_tick,-529.6381,103.542534,-20.70263,18.520119,-16.958597,-2.7095828,-9.908976,-25.439667,-3.1414661,-10.113462,-2.987138,-12.024967,-18.671753,138.86986,44.304615,70.47351,26.593065,22.64537,16.009127,11.9051,15.869692,12.738729,8.057826,9.911336,7.9696126,10.28377,0.011330541,0.07248087659512761,2910.928075165391,3115.9715858618897
2-140841-A-30.wav,door_wood_knock,-592.82874,44.092476,8.764897,-0.6001711,-1.6156241,-0.39100522,-0.025083812,-1.6389571,-2.425289,-3.2548337,-2.8096225,-1.1992494,-1.5646542,101.876,82.8636,18.414446,7.882242,6.0882316,4.9400635,5.16466,4.7092476,5.40809,6.7852974,5.487677,3.2250087,3.3115041,0.008527504,0.017904401102088168,721.8789602256913,812.1503894373717
2-141563-A-39.wav,glass_breaking,-547.93506,17.803755,-20.536629,21.373013,-4.1376324,8.0185585,-5.8922043,1.3745615,-5.141593,2.82449,-3.9443977,0.7963551,-2.0890434,261.11224,30.86043,32.411457,33.521843,9.005258,12.997441,9.757883,5.214799,8.496108,5.313923,7.2486167,3.5434859,4.0223746,0.02089985,0.06733523056844548,1698.6644135046245,1120.652972910124
2-141584-A-38.wav,clock_tick,-423.04102,27.63332,8.506061,8.721629,6.4136953,7.8760676,6.64886,6.266766,2.5835855,1.289611,0.5791061,2.6496365,2.299999,47.1481,16.096119,19.68198,5.6646395,9.789083,6.320173,3.7961752,5.2570524,3.9694183,4.045759,5.5686245,4.6281867,3.9806705,0.0038120984,0.3629764990574246,9544.056215116452,6523.839274315964
2-141681-A-36.wav,vacuum_cleaner,-132.63531,140.6547,-29.557465,40.77622,-40.694347,19.376484,-27.207693,13.405077,-23.982122,10.999251,-13.551712,9.576498,-9.632746,26.370129,6.0815864,5.874126,5.5237565,5.1779037,5.7470803,4.403223,4.9149737,4.487877,4.923413,4.239135,4.5074177,4.315844,0.0808706,0.08278349767981438,3395.07192944732,3871.5497418425616
2-141681-B-36.wav,vacuum_cleaner,-64.86362,127.53873,-29.714449,33.10204,-46.754723,23.229935,-28.477432,11.241432,-27.346954,10.813439,-16.672365,9.38698,-9.835831,18.10522,6.840249,6.0209837,5.370222,5.5635715,4.830822,4.7412148,3.9285092,4.484895,4.1069245,3.8044214,4.93984,3.8700414,0.14462657,0.10192842771171694,3917.5303993341868,4157.559633728144
2-141682-A-36.wav,vacuum_cleaner,-106.27864,126.78493,-13.624327,18.41098,-33.378128,15.924367,-19.524422,6.749232,-18.703876,10.486888,-10.844196,6.197456,-11.51146,128.05746,15.457686,18.12713,11.764702,20.10475,6.0248623,14.271663,5.214642,11.077597,8.557743,7.440445,6.021123,8.570398,0.16609728,0.0772447342662413,3639.408143447936,4302.548209700121
2-141682-B-36.wav,vacuum_cleaner,8.383,113.24248,-20.1952,37.49668,-31.215544,25.864765,-28.322496,20.665014,-24.434427,14.042035,-26.488956,15.387972,-12.444272,4.4549246,5.2745166,4.395507,4.2217636,4.421825,4.0271707,3.84412,4.2014565,4.0108657,3.6736233,3.977694,3.6262379,3.9868,0.26506504,0.1177630147911833,4680.550843837365,4773.459935678606
2-144031-A-34.wav,can_opening,-623.01776,6.528829,-7.6498547,7.568645,-2.6220539,5.986775,-1.8583494,7.215451,0.056390677,1.6733842,-0.6015837,0.6900511,-1.171857,158.74818,23.522139,24.757963,15.424274,12.0782,12.831074,10.151447,14.266521,7.0960608,6.0380087,5.186756,2.8288016,5.9136376,0.0107703665,0.04308090741009281,1638.673579161075,1169.8764026303343
2-144137-A-43.wav,car_horn,-401.42184,33.742878,-40.58932,8.139934,-20.861156,3.6132667,-12.982968,-3.203252,-7.2691755,-3.1919458,-6.308892,-4.4833207,-7.9478717,239.36475,44.773827,53.220814,11.43912,27.99102,5.701011,17.672853,5.0141735,10.273481,5.190655,8.69111,6.538704,10.634263,0.13408555,0.03728384208236659,1283.1161608693553,1127.1128169119918
2-146877-A-31.wav,mouse_click,-577.19666,91.524,24.893547,15.9101515,3.7388093,11.476261,-0.80069965,3.5387163,3.5917807,11.479538,0.1780797,7.8061614,-3.2818317,118.10435,55.73716,24.084856,14.966214,21.39892,11.122445,18.403217,8.665285,7.1578827,10.75739,7.827398,11.020595,6.5180354,0.0039467076,0.1137763286687935,5199.364399555483,5385.211696627105
2-146877-B-31.wav,mouse_click,-577.1542,83.37547,30.034744,19.41594,-2.1605024,13.972132,-0.057123277,3.1306832,1.9797579,14.964812,-5.413743,7.780871,-4.0035458,115.84425,61.032692,17.077784,18.322895,23.248178,10.909132,16.50153,8.342091,7.4322233,11.018446,9.631055,11.134821,5.7033296,0.004249501,0.13970281685034802,5720.820843552015,5453.241711210822
2-151079-A-20.wav,crying_baby,-358.39325,73.67982,-43.540047,-5.366,-38.541553,9.326703,-12.331999,16.39865,1.493436,2.5521357,3.3873913,-3.0373702,-2.0969677,142.7636,44.1472,40.98216,18.009586,33.93146,14.475789,19.568035,13.466698,17.073187,11.35171,10.543544,9.755248,10.408504,0.044882935,0.06891902914733179,3568.496241604574,3595.7343690736334
2-152895-A-31.wav,mouse_click,-460.96967,96.51204,-13.72811,22.97203,-10.171102,5.6466746,-3.6685126,3.2175784,-2.3334403,5.057609,-2.926544,0.42660925,-4.0075974,193.23088,74.47056,15.855253,19.738688,14.033422,11.483377,13.1432905,7.2110047,6.9935594,8.612164,4.895499,7.729254,5.799965,0.012825103,0.04267872679814385,2127.9889832318286,2275.149727189707
2-152964-A-31.wav,mouse_click,-712.2426,25.783733,8.6065,11.114253,0.20653816,7.7789774,-1.8249753,4.0312495,-2.128818,2.920632,-1.8967456,2.7708843,-3.1166365,171.74348,49.77878,18.958975,21.306213,2.733043,14.707595,7.467219,8.029358,4.7044625,7.307968,5.0337777,6.953948,8.285867,0.0043575196,0.008519431554524361,764.6282156204614,1043.5476649044585
2-153388-A-31.wav,mouse_click,-549.2567,60.178284,-9.149745,16.47889,-13.629101,8.460315,-7.2939453,10.469899,-2.0705283,8.072502,-0.18471421,3.0354202,-2.0384352,263.74234,79.11495,17.120537,21.535025,17.98925,11.379151,10.492083,14.227972,5.3286815,10.857928,3.4811435,5.4329715,4.914361,0.019957779,0.023238109048723896,1281.5349981007887,1408.910008536751
2-154688-A-31.wav,mouse_click,-666.36725,65.72689,3.1633673,24.811644,2.8914213,18.516865,3.6240976,17.310793,1.3508669,7.148553,-1.9028764,8.313949,-0.109601654,185.36299,55.233055,16.321613,24.308256,7.1062737,15.849756,5.8439016,14.926157,3.5608978,7.5862036,6.962314,7.6876535,4.1243644,0.0032392635,0.01529419228538283,1894.6661755144958,2659.9585521325757
2-155801-A-11.wav,sea_waves,-140.96521,150.88173,-39.01318,55.0784,-33.092712,20.534712,-27.352789,16.0418,-17.841068,19.78757,-8.41466,6.6919613,-3.1328664,46.806694,8.355389,10.756508,6.820235,10.6575985,5.9839168,9.833095,4.8712196,8.842214,4.5337253,5.633093,4.4437866,5.301572,0.089535356,0.07011424195185614,3077.3128176439973,3558.673386653374
2-157488-A-6.wav,hen,-417.42624,105.0745,-21.053541,6.0673137,3.5439453,-22.800795,-6.258128,15.960502,6.374054,-2.704138,1.3838774,2.6290874,-3.7160158,59.971878,30.972494,28.681479,21.801739,23.690079,13.320715,9.462429,8.976361,10.091276,8.291887,6.957702,9.60238,8.696891,0.012651618,0.09245395881670533,2712.6617602102087,2674.4480093185193
2-158746-A-2.wav,pig,-160.30862,202.31946,-6.2408466,28.35321,12.198626,-0.83798945,-3.74144,2.6217577,-10.885874,-9.571842,0.93655515,6.1793146,6.699584,82.582115,45.79319,19.781385,12.007179,13.7018385,8.872019,8.334691,7.4817576,9.209094,10.279101,7.4571843,9.687282,6.510419,0.3473573,0.025600212079466358,1361.8932458834415,2084.318220330891
2-158746-B-2.wav,pig,-185.23357,168.46124,-6.9559937,23.052778,5.7276006,3.711402,-2.1025786,6.7059784,-9.781038,-1.4216655,7.658208,11.299268,8.936013,86.88005,48.90933,15.891006,10.81485,10.029854,9.626469,11.801873,8.6161785,10.345617,10.672784,11.457956,12.186165,8.49637,0.21276194,0.029991344620069606,1926.5751802291875,2809.1882377078136
2-158746-C-2.wav,pig,-196.77142,150.85524,-14.584298,26.530209,4.3894434,-1.9682755,-5.007857,10.465753,-4.66741,3.145889,1.6427326,-0.06029558,3.4414215,99.33697,43.3762,15.610769,9.345674,10.902798,8.037357,12.065628,6.89391,10.030825,8.03873,9.795694,7.96887,8.151119,0.1397584,0.04612275232018562,2357.4897013961004,3121.964629926157
2-158746-D-2.wav,pig,-199.31265,130.58638,-25.96135,35.055656,11.861134,3.468077,-4.483749,8.825237,0.08738387,8.500872,-1.3958658,5.7175627,1.550202,117.81661,27.18492,17.373846,12.071483,13.73404,7.1291704,14.001988,7.255333,12.016192,7.183703,9.50952,5.7374964,7.9851837,0.09980457,0.06560755329176333,2871.952696344033,3423.2329057981424
2-160128-A-7.wav,insects,-335.6308,129.52075,25.300886,58.506157,5.7267017,28.39193,-5.4523,18.212563,-25.19388,17.897625,-1.2007589,-0.44960737,-10.155124,36.754784,11.319839,9.195095,8.069868,6.2054815,9.800431,8.023462,5.8894696,5.3242893,4.3792486,5.8535132,5.493526,5.5406065,0.031475782,0.03185723607888631,2623.0414859207413,4172.930590980762
2-160888-A-47.wav,airplane,-180.83073,203.68564,-7.8048935,19.142252,25.60681,6.198607,15.79546,11.494251,8.333357,6.123653,9.737236,12.434337,5.9808064,19.384247,16.419563,16.703686,12.606054,12.127822,5.652477,7.2083807,5.910162,4.359911,5.1719494,4.406259,3.7479856,4.267526,0.2933588,0.011755002900232018,889.1337748295412,1531.9253173092523
2-165801-A-48.wav,fireworks,-558.7608,137.82224,34.580307,14.939332,18.314528,11.889281,7.4041896,3.191335,0.87255365,-0.115744,-0.19005154,-0.40754393,-2.0735054,86.47341,50.31372,27.821268,12.596019,10.504479,8.623847,5.370686,5.979904,5.40386,5.304591,4.49523,5.006756,5.411291,0.0062576565,0.01675677022911833,1351.9150892425962,2706.4915353979604
2-166644-A-2.wav,pig,-161.07323,162.43568,-33.049885,20.334385,-17.295662,-4.070654,-10.838953,10.482234,-0.13886085,-2.1242855,-9.009487,-7.018363,-1.9096519,65.37732,22.855345,17.391453,12.861932,11.2624035,11.5409155,10.285463,8.75888,8.277746,7.952933,8.493652,6.5899196,6.6898046,0.13508078,0.04906037014211137,2229.875725219468,2790.459609367728
2-166644-B-2.wav,pig,-242.19264,148.59886,-35.684,23.369925,-20.318045,0.9047937,-13.470566,6.8542824,-7.685386,0.06859074,-9.669313,-6.544968,-7.163553,52.54959,21.702713,14.555628,13.975812,12.63731,8.153218,11.628049,8.328779,8.548302,8.104257,7.6323195,7.7192416,7.0508776,0.046832852,0.05619312826276102,2604.304019504138,3130.2122685407926
2-166644-C-2.wav,pig,-240.73651,140.98497,-19.37563,15.8038,-3.189393,-6.7261577,-7.256638,-2.0812693,-2.9365885,-4.7535086,-7.9133787,-7.492194,-4.025917,57.94373,24.730711,16.03807,12.605692,12.552445,9.040396,9.267999,8.613225,7.5375776,6.5935016,5.927755,5.644823,6.6933813,0.06034754,0.05107580481438515,2433.398316749298,3046.4002842770838
2-173559-A-39.wav,glass_breaking,-387.1609,37.194588,-19.047506,14.469649,-11.212324,6.946154,-11.208308,3.5501106,-8.517441,2.038267,-7.8618474,0.57023084,-5.800871,205.82242,31.776499,21.659197,14.83075,15.656581,7.8353243,13.649089,6.685132,11.159682,5.225497,9.781567,7.1518655,8.24054,0.025245659,0.16638041980858467,5795.748786840365,4947.861125841495
2-173607-A-39.wav,glass_breaking,-391.3127,5.5965652,-9.201833,16.591833,-8.837783,6.446661,-11.355981,3.3631775,-9.2151985,2.7797885,-6.009187,1.0667716,-5.313657,184.84271,20.741314,17.849142,15.027654,12.835518,8.256584,12.95416,6.357251,10.751772,5.980419,7.549268,4.6344028,6.3558373,0.02361938,0.2099496084686775,6376.343992870286,4828.2277117338635
2-173618-A-39.wav,glass_breaking,-247.42937,16.086529,-26.1657,20.870197,-15.631366,12.224945,-15.621978,10.138686,-13.183936,5.5146365,-9.108685,2.771757,-9.672684,221.28824,19.786316,19.339588,16.138372,14.992176,7.7458143,14.84858,7.9756336,11.610099,6.717574,10.023933,6.4776163,8.810788,0.08899527,0.29386600928074247,7271.544574298992,4667.7991390827465
2-182508-A-8.wav,sheep,-338.06024,174.01505,-63.652603,-28.508572,-3.880996,26.548656,-13.613764,-0.40171996,-7.514654,8.329975,-3.5841725,3.938984,-2.8110564,20.91307,11.600824,19.89955,11.412687,8.84667,5.5983934,7.357371,7.5256634,7.655363,6.499766,6.2586403,4.639529,5.770258,0.025062114,0.07896108251160093,2184.6816646445586,2379.825668691736
2-182508-B-8.wav,sheep,-309.52167,188.57324,-74.1819,-42.09973,-3.557901,19.796055,-18.6652,-1.4078119,-1.1891172,6.895623,-0.69247216,5.640437,-1.7380551,17.599518,8.800291,20.979244,8.961733,11.875793,6.529159,7.370021,6.272562,6.726891,5.6855984,6.2969303,6.9463644,5.8176312,0.037175857,0.07375086100638051,1962.122304485658,1912.0401082113935
2-184077-A-49.wav,hand_saw,-352.11652,133.82777,-23.793097,40.54507,-21.69501,26.108858,-12.077093,12.37479,-10.456917,7.965857,-2.2194889,11.174326,10.236135,67.67435,14.395848,23.061888,10.339301,16.453285,9.162699,10.690299,7.622996,9.41627,8.27682,6.9704094,6.4898577,7.113448,0.014959929,0.06376092118619489,3029.60025493383,3687.379733056204
2-18766-A-12.wav,crackling_fire,-447.7407,31.763905,-5.0637517,88.26277,1.3316807,52.807274,2.01302,17.633257,-6.719546,2.8783386,-5.11754,7.946955,7.0816574,59.34888,25.788727,18.638063,11.2515745,8.901307,8.25485,7.967911,6.545035,6.4107456,6.4799914,6.610682,5.742579,5.633858,0.0072727744,0.12198194605568445,6060.02942125139,4375.184607955273
2-18766-B-12.wav,crackling_fire,-523.76843,30.529016,-3.2775772,76.21099,10.508827,39.6289,14.383855,6.679666,2.7489283,-1.2099378,5.661506,6.3865585,9.702707,95.231346,24.484295,27.73199,12.033078,13.265512,8.501609,10.257812,7.037113,7.369134,5.735172,7.1515203,5.8846745,5.936283,0.0056572366,0.1143337170098608,5432.710865615961,4241.75150434119
2-188822-A-40.wav,helicopter,-190.2735,202.37628,-38.267147,-2.888139,6.2794476,-13.644614,3.742887,-2.4092696,-2.3613858,5.32943,-0.37115622,0.31256258,1.0306375,46.65342,14.490838,17.650753,7.7663784,6.926695,4.8573847,5.318885,7.3114257,4.5043755,4.7601914,5.6053376,4.4168983,5.3250365,0.09404271,0.04285206097737819,1442.0391461369577,1577.9668876538346
2-188822-B-40.wav,helicopter,-134.85645,227.0216,-70.78929,25.26313,-18.485548,2.7180974,-3.7907462,-4.189462,-6.5460563,0.9981971,-2.7834115,-1.077653,0.246942,59.48166,13.968001,12.155572,8.6128845,9.918348,7.033114,6.4365106,4.7425857,5.1228356,4.385986,4.2384477,4.4996753,4.2314043,0.1740119,0.048557361151392114,1633.5043320754103,1795.8366158941512
2-188822-C-40.wav,helicopter,-101.21031,187.27393,-56.495422,37.64443,-16.950497,16.439486,-6.2588897,6.4764113,-5.4815936,3.0988529,-0.8902378,-4.9003677,9.121636,32.4468,10.609827,11.863605,5.6578736,5.950139,5.0560565,5.8867416,4.6958594,4.793544,6.1352224,5.0525537,6.3067164,5.6355114,0.1673663,0.056163672781322505,2137.1196462473445,2539.478693059449
2-188822-D-40.wav,helicopter,-83.923,175.76463,-66.52313,65.97453,-38.41343,28.282446,-9.301837,10.014638,1.1358778,-0.32322755,3.596332,5.112382,2.894627,8.990957,9.730418,5.50023,6.039344,4.7214017,5.1315427,4.6909046,4.961345,4.185758,4.347703,3.9122567,3.9571395,3.7940152,0.16827202,0.07276183657192575,2678.341206607953,2839.989374778529
2-196688-A-8.wav,sheep,-263.35745,165.20949,-63.69433,40.48896,-18.438126,14.018384,-6.9303017,2.8716063,-7.2451797,17.969954,2.2881012,5.5592446,3.991598,13.0066,11.768583,11.261592,6.1226726,6.7096705,7.484889,5.8936577,8.278913,7.826582,6.114044,5.6733675,4.456962,4.1447315,0.028114447,0.07111799412703017,2530.728293685944,2680.2195200567407
2-205966-A-16.wav,wind,-131.59099,211.00201,-32.071342,-23.414366,-50.949757,1.8098117,-20.673506,6.9849715,-4.47203,5.8213105,-3.1851697,4.067221,-2.574566,16.076351,5.9995604,8.360359,7.569472,3.8530045,5.385677,4.230091,5.2513933,3.7393172,4.41028,4.3138876,3.964475,3.963781,0.24070336,0.040742595345127613,1408.133872000384,1979.6834022399555
2-209471-A-25.wav,footsteps,-251.88326,132.77286,-5.7118077,25.270147,-18.299398,21.055113,-15.686037,16.172771,-10.854985,4.01916,-1.4201586,2.3633523,-4.923954,69.02373,25.111809,15.204707,10.071908,7.1847286,6.7508874,6.159117,6.3438516,5.8007727,5.626197,5.917144,5.3243613,5.7116838,0.038133778,0.05658397984338747,3314.71053045949,4153.11738810007
2-209472-A-25.wav,footsteps,-261.0222,130.89447,-1.8148074,25.034237,-8.961513,15.18238,-5.9928,9.887625,-4.8884153,3.1651225,0.50387156,-1.005005,-0.829238,110.46915,36.067013,16.866392,10.181187,10.800549,7.711115,8.4832,6.1265683,7.1961336,5.28027,6.2877645,4.6772785,5.7313595,0.05074731,0.047348553509280744,2817.176381549158,3784.3670721195567
2-209473-A-25.wav,footsteps,-262.11188,132.62868,-4.070475,32.852554,-14.343577,20.989122,-12.250423,14.345716,-10.083153,7.008874,-3.0203907,1.1089593,-5.1594257,71.85363,26.280468,14.544254,9.573901,7.0696964,6.991764,6.070155,6.2509503,6.5568814,5.701482,5.806409,4.747129,5.1624246,0.039085597,0.05175667959686775,3162.938466893897,4085.8428163706
2-209474-A-25.wav,footsteps,-240.13243,141.07883,-9.263709,26.068392,-13.490892,17.309198,-6.175727,10.53074,-3.7182221,3.2421246,0.0012212696,1.5136611,0.46210638,97.62801,26.456755,16.300701,10.924974,10.562542,8.005357,7.5137267,6.057489,7.3711085,5.202454,5.680225,5.2282844,5.613295,0.055507686,0.04550532011310905,2702.7194813127217,3652.5626494953353
2-209475-A-25.wav,footsteps,-259.14502,119.68308,-6.3074403,25.872889,-15.741303,19.451185,-16.496515,14.427221,-10.84263,5.022342,-1.2726864,1.0260106,-4.1334686,75.67983,28.782309,13.843812,8.64147,8.171266,6.611871,6.9114947,5.0544686,5.760339,5.0271125,5.597352,5.467977,5.7475314,0.036805283,0.06449957402842227,3738.9558908660806,4388.051141291375
2-209476-A-25.wav,footsteps,-252.48555,121.245995,-6.091498,28.375475,-20.770664,19.131952,-9.385323,14.313758,-5.2293844,7.680306,-0.20853227,2.647865,-0.6433928,84.838936,29.884094,14.153078,9.641471,12.006212,5.5302057,6.7889547,6.257674,6.2855167,6.022716,5.3071604,4.9200487,4.9741864,0.04016826,0.06763205118909513,3678.780037390296,4291.4946757495045
2-209477-A-25.wav,footsteps,-282.5004,104.0615,-6.7875614,33.478287,-20.05403,23.438568,-15.423955,17.340624,-10.644982,8.162577,-0.9269082,4.770509,-3.7804492,69.820244,37.913063,12.798103,8.96514,8.910803,6.0908833,6.013715,6.293079,5.077105,5.765135,4.759806,5.184594,4.810663,0.02647538,0.07294536687935035,4484.725003570436,4557.149203907035
2-209478-A-25.wav,footsteps,-255.3097,118.44781,-10.136623,33.168167,-20.808037,21.864792,-11.974027,14.440538,-8.591988,8.137737,-2.624357,3.1076446,-1.0974947,80.588524,36.920227,15.617094,8.973488,8.6418495,6.7218275,6.5149274,6.747014,5.6269994,5.3180537,5.435484,5.2519755,4.9702296,0.039632685,0.0720684998549884,3887.909713423538,4236.889047949785
2-250710-A-39.wav,glass_breaking,-449.1719,41.5182,-30.149618,11.647748,-9.250789,3.5138893,-5.535397,0.33360344,-0.24153477,-3.6672754,-1.547669,3.1999092,-2.481228,155.16232,35.979034,37.55932,16.530706,18.943033,9.405206,10.450243,12.06749,4.8877516,6.489791,8.887662,6.305668,7.459946,0.017923307,0.12365411107888631,3032.7632988524006,2321.9166491522506
2-25292-A-22.wav,clapping,-51.792095,133.07195,-79.968895,-10.375448,-36.27488,3.1686935,-50.34014,-12.219728,-16.67739,-3.2863593,-11.546717,1.7011697,-12.925544,51.44457,13.568149,15.810994,7.9888926,10.676487,7.3020597,9.34337,5.845873,6.7825694,6.4614606,6.081471,5.82121,7.49112,0.28912857,0.07316968169953596,2881.5066865189638,3043.9028743797817
2-25293-A-22.wav,clapping,-365.9527,83.721344,-41.857952,0.642496,-14.744182,10.190742,-21.531029,-3.2319703,-6.2062807,0.90253437,-5.425811,-1.4716777,-9.068819,252.02283,73.82004,39.217022,11.068954,15.496642,11.401121,19.663483,6.226614,7.398803,5.771238,7.433282,4.8508573,9.418523,0.058748543,0.04671979227088167,1691.8790898466912,1757.2044959075279
2-262579-A-45.wav,train,-215.79979,227.5919,-42.602028,35.025997,-4.7850175,2.7567904,-0.06398782,-3.351051,-5.812771,-15.437665,-4.4154344,-6.622263,-3.8361657,24.362564,6.496083,12.993272,5.708825,7.187365,6.0468802,5.5436583,5.550556,5.192568,5.2440434,4.7541747,5.3441324,4.2779617,0.09923874,0.029721713674593968,1285.5512122370742,1722.6196421337868
2-28314-A-12.wav,crackling_fire,-363.22845,103.62726,0.9970046,51.49272,-14.256347,33.56099,-7.248005,20.501781,-4.291765,16.680908,1.5156089,8.230529,4.018869,38.4303,22.892094,15.637085,11.047017,8.244903,8.960222,7.686346,7.2855296,6.613412,5.819887,6.2827883,5.8906155,5.7206016,0.012092367,0.06763091828596288,4281.1783019454515,4729.840625657888
2-28314-B-12.wav,crackling_fire,-441.25943,98.059814,1.3250537,41.634693,-6.420239,26.4169,-2.136885,13.324665,-0.83943796,11.1683655,2.9963815,4.894876,3.5571308,75.673836,21.37431,29.98293,10.121122,9.340147,8.2510395,7.140991,6.446883,6.0522313,6.1942277,5.851999,6.14493,4.5560064,0.0071321144,0.08090174557714618,4204.887393969161,4533.988100285072
2-30322-A-12.wav,crackling_fire,-330.0352,100.79822,2.28105,56.56714,-13.732696,37.109745,-6.9041758,23.24649,-4.5537,18.520498,0.81605256,9.560769,2.841148,37.632805,23.681395,15.110103,11.280181,8.99076,9.325474,8.207974,7.5469966,6.859053,5.977346,6.4498897,5.896682,5.734663,0.018161146,0.0661105622824826,4353.304693099681,4766.740442766187
2-30322-B-12.wav,crackling_fire,-306.2189,106.44344,-6.8926797,56.469864,-13.485725,38.29575,-9.577692,22.152884,-6.617187,17.40465,-1.1369457,8.295441,0.36622983,62.219524,24.094057,32.19432,12.323821,10.36721,9.947343,8.445509,7.856953,7.478808,7.1844454,6.8034925,6.7643366,4.951991,0.022975082,0.07711558330916474,4222.452731966538,4562.89327197719
2-32515-A-4.wav,frog,-238.06956,117.185616,-104.71505,-38.101875,10.825991,35.709568,8.249302,23.6746,38.454365,28.384174,3.5744007,-10.916805,-5.2848525,78.9636,25.794975,38.207413,13.808285,22.123575,7.636803,9.563411,16.110756,11.012278,15.049478,13.812498,9.85605,12.057696,0.17670779,0.08332275957076567,2398.2635322528477,1938.0174011796757
2-32515-B-4.wav,frog,-216.87405,158.08728,-0.8278449,25.274736,17.524134,37.60397,3.7303803,12.650863,17.88437,28.311045,4.979537,-6.9247274,-5.6678147,62.16467,25.690075,49.63118,15.913914,6.5183177,7.298413,5.505783,9.344668,9.071833,6.790529,11.431999,6.4047637,7.0041957,0.22989666,0.024147830263921113,1349.0060319626007,2437.4050733385675
2-32515-C-4.wav,frog,-238.87398,145.73657,-49.231194,-10.013142,13.987662,37.59209,10.995346,14.886071,27.861317,26.205067,2.8712175,-10.5821495,-6.0906196,99.82187,32.834995,66.028366,25.055609,20.179958,9.643779,10.312012,11.900617,14.040396,10.341908,12.088712,10.722372,8.512377,0.19236717,0.050708744199535964,1812.6130554980557,2153.688807255389
2-32515-D-4.wav,frog,-264.19348,132.34026,-71.58059,-28.444014,14.05354,35.91491,9.3008995,17.618872,37.11179,31.529932,1.8657926,-14.702703,-9.704119,113.74334,28.99621,61.770565,22.155132,23.26698,8.873449,10.502592,11.003265,11.926382,11.024294,13.439166,7.480854,9.4434395,0.17655571,0.06460606692285382,2039.6530409278107,1972.6350403541992
2-32834-A-4.wav,frog,-231.56848,155.74907,-48.811726,-7.404664,12.59905,40.630814,13.728003,13.778244,26.901382,30.839373,3.6028037,-13.275832,-10.266343,95.97901,28.739704,59.751755,25.11386,21.220154,9.372909,11.49491,9.382714,13.634312,9.706264,10.254483,8.7118025,9.043678,0.20015527,0.049127211426914154,1785.5955033934476,2142.936407868294
2-37806-A-40.wav,helicopter,-112.576675,203.64874,-72.53259,58.614487,-6.7117996,15.15947,6.5570836,-9.18612,5.9625955,-14.518106,-3.0117574,-6.832073,9.714241,13.4612875,10.507128,8.491641,8.786254,5.7248187,5.412523,6.256797,6.9812126,4.673382,5.417309,4.871721,4.360276,4.8060856,0.20322852,0.0480509534512761,1912.553953421736,2120.922408392975
2-37806-B-40.wav,helicopter,-159.17567,242.68742,-42.010616,28.401299,-5.9868336,2.4055986,-3.8983839,-4.2699223,0.2925338,-0.400411,-5.365399,-0.8553267,5.009888,8.379389,8.062899,13.708458,8.311968,8.543388,6.3613305,5.9053335,5.6999044,6.420395,6.6689105,6.1789656,5.023884,4.7189555,0.18616077,0.02853443119199536,1176.035576591167,1538.6269849860023
2-37806-C-40.wav,helicopter,-153.80637,224.04366,-55.22543,37.372906,5.098072,-0.64054185,16.940557,3.9234223,11.649552,4.7438736,-10.276203,-6.4468217,-0.27230167,18.117672,8.452599,9.769134,7.3563085,7.3852587,4.908399,4.8541145,5.236162,5.525037,4.7275386,4.503681,4.1600366,4.228813,0.21298617,0.024953324390951277,1333.5708153888052,1717.8738351110078
2-37806-D-40.wav,helicopter,-167.3667,231.15662,-52.81606,46.816143,-5.638343,1.8159684,-0.9327502,-15.435293,6.7908607,-6.089104,-4.400037,0.85165894,0.93197554,13.282793,8.151229,9.547555,8.194216,6.322418,5.4977045,6.5012946,6.688172,5.15415,5.810545,5.1056986,6.327073,4.735902,0.14630677,0.03157061158642691,1385.8690312839665,1769.715046329829
2-37870-A-2.wav,pig,-222.83192,96.81259,-60.462715,76.06341,-30.140673,30.209166,0.35442394,30.790728,-13.012545,11.173366,-0.24632925,10.069522,-4.371744,59.30122,18.943188,27.881866,16.193373,11.110092,13.658267,10.180719,10.028152,16.70551,9.290771,8.933562,9.862735,8.50475,0.06095464,0.15297137833526683,4483.8871922822445,3342.9029653782463
2-39441-A-19.wav,thunderstorm,-409.9248,180.40112,41.86017,33.766132,-2.555342,2.6357186,-1.5192778,12.408807,4.7397976,-12.075757,4.2967277,7.5591784,1.6277344,30.690044,29.01779,15.336905,6.232371,8.932049,7.98147,6.203545,5.3429446,5.4487953,5.045527,4.955214,4.753897,4.0300264,0.02311842,0.01720653277262181,1345.7402408511373,2844.9929669434614
2-39443-A-19.wav,thunderstorm,-471.756,165.4251,54.853127,22.840796,1.9546865,18.552364,14.343394,13.294858,6.463475,-5.411653,4.8883934,4.0228987,-0.05137085,31.039858,35.17455,18.832115,8.825172,6.7894917,4.2131925,4.196587,3.7374244,4.025848,3.8637094,3.7742214,4.004302,3.9282126,0.018858938,0.01117382359338747,1457.5017407399337,3219.504839805201
2-39443-B-19.wav,thunderstorm,-264.0199,194.0279,21.15579,-24.413483,-0.006234366,9.953757,2.4821172,2.331343,-1.1497408,-4.819805,-3.6716173,1.1016994,-1.6723686,106.31861,58.89611,31.107544,14.043604,11.793147,7.3008103,10.070174,5.5408525,5.953558,6.097314,5.862873,5.396269,5.932906,0.1124694,0.027747063515081206,1330.431249682297,1931.7545434137928
2-39945-A-19.wav,thunderstorm,-351.64465,215.71521,45.018494,-24.029003,-2.7146132,14.923941,10.763282,5.703804,0.42875874,-2.7811837,1.7971295,5.7608395,3.9144213,56.30024,43.417225,19.01667,17.297485,15.8729925,7.109426,9.56398,7.551089,5.0303793,5.3021398,4.594601,4.819304,4.7544394,0.056966122,0.019724976435614848,801.4691233325461,1439.9022694413773
2-39945-B-19.wav,thunderstorm,-385.69733,186.35774,53.795998,-12.326274,-1.8314116,18.375538,17.505196,7.606638,-0.21967559,-2.1252947,2.1663556,5.429827,3.1952403,61.410904,53.828434,14.16179,22.195532,10.6810055,7.069299,7.2754564,6.6097813,7.7338877,5.3570256,4.334636,4.398538,4.620787,0.048793744,0.01566238580336427,857.0690629292159,1788.64445606821
2-39945-C-19.wav,thunderstorm,-258.39633,225.64294,12.779367,-21.409918,11.904407,13.098343,6.013013,4.9363537,-0.6583858,-7.1124253,0.30861628,6.75385,0.51199657,59.108044,18.62548,33.87938,14.219992,11.864487,9.063644,7.9934716,6.4800954,4.6587005,5.4538736,5.017253,4.726044,5.2447844,0.10141687,0.02609075913573086,863.9877475155072,1174.0456664252958
2-42101-A-43.wav,car_horn,-201.35774,204.31323,-19.367851,27.090578,0.3891824,18.1247,6.0253654,-0.17969713,10.7012,0.13524938,8.434512,0.3291606,0.62005997,24.03703,6.9759054,7.974227,5.8067393,6.6195536,4.8935013,4.982824,5.4678745,4.6926794,4.3961415,5.0504494,5.0655937,5.339638,0.14093854,0.019337523564385152,1181.0688657060134,1861.7227614269673
2-43802-A-42.wav,siren,-135.53326,181.03676,-59.149223,27.265385,-34.173313,19.453672,6.982044,17.270723,4.272223,9.890413,2.0566983,5.783584,8.951557,18.031567,7.403524,14.834244,7.0737753,7.907198,5.9526067,6.4775476,6.1254706,5.8186784,5.902533,5.789281,5.9571295,5.8675847,0.19893046,0.046175998767401395,1847.8137967237224,2304.2098003238957
2-43806-A-42.wav,siren,-271.1395,144.40765,-25.27815,21.176218,-1.4499243,1.3801295,32.36821,14.5321865,0.6159773,5.066721,0.85724473,4.7349396,15.10441,80.22645,46.53066,11.045876,11.227923,8.701174,13.576738,17.064154,14.225124,15.47962,15.576548,14.141472,13.968132,13.7313385,0.14947379,0.054067801986658934,1630.1373836299172,1841.8839006154326
2-50665-A-20.wav,crying_baby,-438.03528,42.656075,-33.245365,7.7320065,-4.445078,-12.677595,-4.5493097,0.40450555,-8.817707,8.00505,7.690334,-10.586482,1.6815783,109.14788,37.536263,42.921665,14.787787,15.071263,16.517258,10.248458,9.28604,11.800869,10.638902,9.243939,15.822658,9.399595,0.04703945,0.043186267401392114,1696.1014318172145,1824.0270057839496
2-50666-A-20.wav,crying_baby,-340.72723,96.57389,-43.498867,18.711136,7.550203,-24.78357,-0.761423,-12.834722,-14.118869,19.888306,16.515705,3.104257,-0.56553787,75.47793,30.73866,36.22695,17.513042,16.771809,17.146767,10.506335,9.728038,11.651949,10.613201,10.603,8.349574,8.867473,0.080442965,0.05293943046693735,2263.7301312342784,2421.857056062702
2-50667-A-41.wav,chainsaw,-79.68146,120.557045,-63.3629,55.37825,-33.43889,28.40989,-28.824745,21.40612,-24.532246,16.467655,-10.223519,1.0488406,-12.839097,38.670353,10.981619,11.173071,4.5758524,11.146375,6.052536,6.238643,7.6602087,5.9877224,4.5409803,6.589855,4.5493617,5.8689437,0.17956829,0.08946989196635731,3853.5524375347363,3702.3494901841523
2-50667-B-41.wav,chainsaw,-178.25047,134.12546,-41.60843,51.495132,-10.37687,21.608433,-19.778667,8.077565,-19.339823,14.698386,-4.0367804,-4.0381155,-8.59701,84.90403,17.611364,21.054625,5.3642993,24.274336,7.844232,9.413923,15.159001,6.223606,4.9815936,6.407368,7.015933,4.590053,0.08823478,0.0723483269286543,3135.4404528965524,3405.2860347928563
2-50668-A-41.wav,chainsaw,-94.70381,116.352394,-47.643066,65.6084,-27.498798,36.77115,-26.607412,27.274574,-16.40405,21.490372,-10.309715,10.518629,-1.9288415,38.230347,11.687253,12.468233,6.592862,8.796582,6.0916033,8.154547,5.7486744,6.9222155,4.88996,5.2713227,5.3986726,5.5945926,0.110384196,0.1206927022911833,4339.783031182856,3986.986707972153
2-50668-B-41.wav,chainsaw,-63.691315,103.255295,-40.69503,62.634552,-20.502228,38.60925,-23.198135,30.140682,-10.630154,14.91188,-14.133318,5.021206,-8.659596,26.133444,16.83844,10.503794,7.4076257,6.1700144,5.4864798,5.9676523,5.47235,7.473637,5.0901213,5.193786,5.5692477,5.4153614,0.17904723,0.11253013522331787,4556.286616956911,4150.488533833301
2-50774-A-23.wav,breathing,-576.74316,51.17054,8.092416,7.04638,3.4939067,10.508321,5.254879,3.6529,1.0753393,0.83322734,4.08607,3.797834,1.9609616,106.7378,69.98186,18.130941,12.018636,5.3377433,14.064173,7.4815044,5.3732777,4.3069763,2.9378715,6.520711,5.9402304,4.4575086,0.019200008,0.00341796875,431.3248547068124,1014.0226989079018
2-51173-A-35.wav,washing_machine,-151.06139,182.24684,-21.330101,40.326267,-24.978807,15.037396,-24.185354,-9.969317,-8.911213,1.7802862,-7.360847,1.6705571,3.4162886,20.685736,11.013814,7.4734826,7.703109,7.1015778,5.52709,8.154807,8.383453,5.5515447,4.6084414,4.0774536,5.655488,6.097186,0.14067405,0.03561960738109049,1856.5359544351695,2686.0590738552555
2-51630-A-49.wav,hand_saw,-180.0294,99.207375,-22.11452,12.936881,-17.550343,15.347618,-9.510699,13.766018,-13.847066,0.17254922,-14.118018,10.931156,-6.616867,111.87575,19.816225,20.755915,9.357201,16.011992,7.294212,11.9939995,8.538724,9.117736,7.0982256,7.643722,5.3863053,7.1064067,0.0660091,0.10673760150812064,4575.011127048644,4905.436685230665
2-51630-B-49.wav,hand_saw,-118.579124,109.3411,-28.191233,14.035256,-24.704653,17.040668,-18.13706,13.566496,-18.977896,1.3320688,-15.581718,11.2178755,-14.459999,35.780415,14.000048,9.70744,7.429822,6.949944,5.384341,7.4342957,5.5034833,5.601065,5.6957664,5.278218,4.643407,4.63622,0.10025475,0.08451004205336426,4067.2127310075557,4569.149124127512
2-52001-A-28.wav,snoring,-562.87994,87.98744,12.475538,28.607248,11.752127,15.046873,3.9790401,11.514882,7.184572,5.5210195,9.196553,1.5512313,-0.22147042,116.238045,22.801773,21.192703,18.101007,13.8099785,10.391528,8.037871,8.798033,5.149669,6.4272685,8.422372,5.20387,6.206031,0.0054862704,0.04508841176044084,3319.846602505557,4380.840729576681
2-52001-B-28.wav,snoring,-391.53973,133.71791,-5.6178637,44.90482,-0.3537177,21.761488,1.7469709,13.276765,-5.962533,3.8465805,1.8352212,1.455782,1.2203001,58.96886,34.89948,14.365859,9.363089,11.5717535,8.3312,8.181161,10.47156,7.37295,5.79042,7.4792757,5.892905,5.1465163,0.017493168,0.047856094112529,2722.676210802968,3641.9302817810017
2-52085-A-4.wav,frog,-331.52625,105.5089,-121.30509,-15.430789,19.935112,28.784544,14.753479,30.462261,39.840317,18.360102,-2.48276,-10.512297,9.90879,96.47357,13.255786,61.93222,17.164642,18.988377,6.9368606,9.794309,11.567825,11.789033,11.286605,10.869451,9.913626,12.003164,0.07549268,0.0885737655887471,2402.2169704612256,1718.4703076309156
2-52085-B-4.wav,frog,-335.59106,112.46846,-122.7727,-16.851782,16.785624,29.808666,13.966354,29.990683,38.485046,15.947538,-3.7900717,-12.046195,12.290624,91.398994,13.251133,59.706966,16.247534,19.548258,7.945817,15.528073,11.757822,12.440465,9.8173275,9.818551,9.950669,12.141971,0.07571158,0.08699336571925755,2368.168882708868,1682.4502499415505
2-52789-A-4.wav,frog,-377.95056,161.30315,3.846838,6.1749682,-10.768278,34.071926,10.06253,19.717745,4.2925754,4.856897,8.040405,18.917387,2.284699,27.937191,17.626312,19.301409,17.34066,11.97118,9.646722,7.436077,9.590554,7.94602,7.51154,7.0859,7.028304,7.8288546,0.027582306,0.02240202653712297,1606.1608108769435,3012.5646779992117
2-54086-A-43.wav,car_horn,-467.63828,-1.3755237,-19.809496,20.332897,7.175556,3.3093727,-20.039207,8.146122,9.872965,5.5718374,-12.34158,6.1318417,3.0016174,149.4758,15.002731,34.70824,23.50095,12.79466,7.234147,27.176634,8.485261,11.261596,8.069469,15.982846,7.778436,5.7400513,0.06192832,0.0420884842662413,2475.528464055357,2461.8380718440544
2-54961-A-23.wav,breathing,-337.22165,107.97497,-35.2039,-13.640458,-37.750267,-4.0025854,-4.4839234,-4.657621,-9.150775,-10.319584,3.6282628,-1.8670458,-0.13301823,176.64131,80.06003,36.821594,16.038261,32.321865,6.8533816,7.7166557,8.838931,9.450626,9.892331,5.358909,5.5005307,4.837625,0.06622101,0.040197668938515084,1584.575066795614,1765.4975538275303
2-54962-A-23.wav,breathing,-381.6964,101.085464,-17.056854,-5.7842007,-26.933018,-17.795351,-3.0453677,-5.8142934,-0.8442197,-9.729115,-6.8062496,-0.823441,-2.2623596,165.80682,94.736664,29.903343,11.27307,28.009253,18.42816,6.300691,8.035159,6.226791,11.337681,8.641669,4.0580325,5.282106,0.05980266,0.025870975928074247,1061.6258696146538,1256.443809720759
2-56926-A-46.wav,church_bells,-311.4223,162.85022,-26.993275,-1.1316438,-10.458848,-8.22507,-10.92945,-5.076797,-8.669968,-7.95216,-1.2832371,-5.7178693,-13.637539,66.56771,21.045486,37.357224,13.707245,9.179508,7.1236773,6.2866435,5.4869194,5.529364,6.4302783,6.178572,4.8652577,5.9459667,0.07788007,0.03861160455336427,1705.5900616124131,2422.759903942237
2-57191-A-46.wav,church_bells,-172.36343,197.66754,-51.990685,-15.417549,0.61317456,-16.154154,-10.239896,-4.767681,-1.6786613,-12.573548,-26.308422,-22.415167,-12.474754,62.95445,18.276527,40.199764,16.04966,17.111275,11.259285,12.036384,8.649474,12.166306,10.341494,12.282299,10.62304,6.314129,0.29013115,0.051744217662412995,1457.4656433412233,1320.1364937914504
2-57733-A-22.wav,clapping,-338.3352,77.46105,-37.13035,-2.0030081,-22.254446,13.114868,-0.21443938,2.1904838,-6.2488275,10.348607,-1.8192326,8.616715,-7.7889814,238.63614,58.71022,30.938957,12.872728,19.204872,13.0980015,7.3765564,7.376118,7.7705216,10.710639,6.253018,8.82209,9.2722,0.09076339,0.01665594185034803,2440.2016964776576,2735.5566048558085
2-59241-A-35.wav,washing_machine,-101.18734,113.70471,-38.422447,73.528885,-31.92426,27.875109,-20.853142,23.007437,-20.449205,20.269785,-11.040505,11.915505,-6.351415,12.161859,9.300784,5.5441327,4.559614,4.808855,4.344618,4.8826203,4.522536,4.3672643,4.194517,4.6229,4.9755645,4.274974,0.10352145,0.12738249528712298,4278.043825707357,3897.3148722989713
2-59321-A-49.wav,hand_saw,-90.98419,133.65532,-19.265654,38.20266,-21.400305,9.842154,-14.031252,8.022361,-17.59702,16.05714,-12.147581,8.078237,-7.620508,91.0368,19.831043,15.049725,7.71777,11.692325,7.5588,8.516321,8.349044,6.624771,6.704615,7.3836336,5.1266427,6.1990066,0.16232732,0.07726286071635731,3375.0602905386454,3935.325970322411
2-59565-A-46.wav,church_bells,-305.93765,148.16472,-92.34995,17.293835,-8.0757265,-16.240564,5.489686,-8.348325,-19.576124,-14.074896,-6.2118707,5.626689,4.8079267,84.89298,16.951792,34.532772,14.232269,24.323475,9.95012,11.870119,7.9856677,6.533731,6.297878,6.270395,6.3366566,5.1646905,0.057702787,0.08440015044953596,2397.6810796358886,1932.3023468454194
2-59566-A-46.wav,church_bells,-358.35837,124.133865,-90.90761,11.462306,-31.042624,-37.6704,-20.572712,-13.025189,7.3178406,2.0490665,-18.66306,-28.283133,-25.25183,80.40048,15.717075,42.34343,17.340824,13.957493,14.107265,8.335237,11.024478,7.7879972,8.401937,8.5975895,11.840716,6.0349326,0.05017636,0.10200659802784223,2516.5119644977035,1925.1754508887168
2-60180-A-49.wav,hand_saw,-179.26581,152.5051,-29.87088,13.609486,-31.434952,4.583319,-18.921556,-14.380716,-12.299158,9.111771,-13.270997,-11.472706,-12.167606,74.500656,14.335816,24.247131,7.5848784,12.902854,6.7417955,10.962441,4.9456015,9.786141,4.5118036,7.6949067,6.2981615,7.007848,0.12888528,0.03846319424303944,2246.4678053919697,2982.9117516590964
2-60180-B-49.wav,hand_saw,-202.12456,162.16444,-45.85145,4.4749975,-20.165293,-5.958235,-6.0993223,7.2664137,-10.252406,-10.961253,-23.677216,1.2849966,-10.743017,78.08839,11.804574,26.484558,7.7028823,15.271514,8.046594,10.465911,7.549476,16.109442,9.920375,9.8587885,7.8868012,8.7620945,0.11771905,0.04147218496229698,1994.4099110685104,2536.2825192216196
2-60791-A-26.wav,laughing,-210.70027,180.1242,-42.246048,8.586546,-31.430866,-18.396872,-14.999824,-22.18439,-3.2664604,-15.0612135,-2.6724687,4.8427544,-5.0674562,34.925,13.287029,14.913636,7.7694054,8.940731,7.8987675,6.5297065,6.797071,6.150994,5.991622,7.217157,8.517866,8.913908,0.09267038,0.041458590124709975,1713.4336002211799,2019.2881701492915
2-60794-A-26.wav,laughing,-128.2033,183.00444,-60.87825,-6.9541492,-35.392025,-31.44801,-15.961229,-16.92741,-1.1850721,-11.0301285,-0.61393166,9.746505,-0.90480286,39.066036,10.470367,15.904661,7.961607,10.038094,6.2174964,7.674798,6.8420215,6.564217,8.519258,7.0436835,7.005807,6.840646,0.25206974,0.04452196019431554,1692.0971008752886,1804.7078974112958
2-60795-A-26.wav,laughing,-194.84425,164.79109,-44.0149,16.075642,-43.636448,-8.368522,-18.479818,-18.087145,-6.761902,-10.707174,-1.1526818,4.072777,-2.399058,61.650322,17.222675,19.913559,10.955283,16.16851,7.6063046,9.478798,6.5233808,7.032129,7.2089415,6.3305244,6.8796606,7.7876854,0.103453316,0.05016948230858469,2115.9311728531293,2477.5085014428973
2-60900-A-22.wav,clapping,-295.1954,153.8469,-73.054985,-22.982231,-14.326354,4.9477077,17.216541,-12.858511,-7.176548,9.310488,7.4241014,-3.7580879,-1.2233957,57.409138,28.804787,18.78977,18.188774,13.798848,10.865953,11.323404,12.13837,9.298608,13.233201,9.7548065,12.929139,9.36844,0.035540085,0.08322532990139211,2222.887983216051,2033.0934147628136
2-61311-A-12.wav,crackling_fire,-405.89328,110.36835,15.454511,44.632347,25.744427,17.776598,-1.8426895,8.94955,8.9841385,7.5737405,5.32341,7.8534245,6.3214216,92.923706,27.743967,41.8491,13.893315,10.737816,9.659021,7.6894817,6.93627,5.3926654,6.115584,5.0679893,5.2089086,5.676517,0.01847065,0.03333907337587007,2426.8435573384004,3304.114138266382
2-61618-A-46.wav,church_bells,-238.39546,215.68942,-25.558002,-4.155726,-15.296062,2.8885107,-15.44155,-2.1135862,-15.684239,-14.05918,-20.89377,-16.91441,-17.66379,15.299464,8.611911,10.850707,7.0476084,6.2938914,7.029146,4.846725,5.2622714,5.483099,5.0823975,4.74596,4.375715,4.911171,0.12604423,0.03331981402262181,1187.1155906925062,1655.819800985694
2-62226-A-26.wav,laughing,-426.5076,112.32802,-20.653637,-15.951979,-21.146091,-13.299725,-4.327118,-4.41052,-2.4300935,-6.377155,-9.510601,-0.9202432,3.4529035,123.695435,64.80175,32.57984,13.882777,18.412586,14.954162,10.786771,11.757641,9.996373,10.070742,10.856885,8.023076,8.090879,0.020920303,0.039046639356148494,1741.6706648158645,2100.833656562763
2-64332-A-18.wav,toilet_flush,-140.71848,133.73856,-55.344616,57.15917,-33.08808,21.01886,2.9386845,-7.282564,-0.75515795,-2.1014912,-7.22187,-4.163127,2.3931975,42.032887,17.635208,12.818378,16.822016,10.011859,10.142774,8.357998,7.1179676,7.6583405,8.121863,7.637769,6.531306,6.110858,0.108726144,0.10002968206206496,3394.5611917446145,3055.2461165984364
2-64962-A-15.wav,water_drops,-415.82193,76.9061,-60.817757,16.05695,-28.384315,15.896305,-15.354959,11.351762,-3.016896,-3.6933188,-11.1533985,-2.585308,7.320869,63.453957,33.653816,26.693226,26.41381,24.242388,18.161648,17.14795,12.968358,11.549933,12.136437,10.850699,10.025725,10.227262,0.010599596,0.11499306663283063,4489.672252456187,3600.6879922772855
2-64963-A-15.wav,water_drops,-495.84106,92.47477,-23.087976,4.894483,-5.5691533,17.268974,-7.7546487,0.25038916,-2.997554,-5.7550917,5.2942967,6.832677,9.028486,94.857376,23.986322,46.538097,21.331873,17.417353,17.05319,12.477763,13.137226,10.950326,9.465283,9.304885,9.776642,8.540809,0.008784394,0.09443200768561485,3738.21593240932,3880.9284564411555
2-65484-A-18.wav,toilet_flush,-56.173145,74.61326,-54.67655,23.436321,-28.183067,11.696856,-16.116018,11.602588,-15.099236,4.3234057,-14.471585,0.622454,-14.823397,97.32051,19.213478,18.5156,11.722717,9.675504,7.2496843,9.139743,7.0272856,8.465569,6.550096,6.4278116,5.968944,6.4955287,0.1426481,0.16184654147331787,5091.204374488841,4249.951188879517
2-65747-A-12.wav,crackling_fire,-276.21436,76.57729,-18.788456,43.491177,-8.872199,40.356213,-7.504292,24.113682,-13.123976,7.9518523,-12.086183,15.274017,0.76176155,41.57524,25.067461,12.564128,11.239267,8.876101,9.7136135,8.99036,6.671603,6.31746,5.498705,6.5462627,5.7032633,5.196378,0.018077228,0.14274919337296985,5509.213055145646,4800.245502371697
2-65750-A-1.wav,rooster,-390.51154,47.614372,-12.309855,-7.0829034,-0.9646604,3.1877663,-2.3085015,1.5064088,-9.530393,-2.4406657,-3.073445,8.177419,5.985681,159.23465,61.517727,20.005169,16.593847,5.462856,7.0418706,5.973747,4.868122,12.918673,6.253905,6.2442656,12.379131,9.973254,0.08114646,0.03060311231148492,1152.0681733988242,1385.4378325299388
2-66205-A-23.wav,breathing,-634.30817,34.543335,-9.888142,13.39593,-6.4401937,9.561995,1.1292135,0.6980697,-3.0556068,3.7452936,-3.5250666,2.8459356,-0.48391762,219.30992,58.34886,22.376968,23.329275,11.279473,16.984434,4.5950155,3.627436,5.750846,8.224569,6.359644,6.2895975,3.2468545,0.0076928516,0.028110725420533642,989.5993934209606,977.3178429198133
2-66637-A-20.wav,crying_baby,-254.83476,83.81359,-50.454384,31.321558,-38.52506,8.960837,-14.187418,-15.247253,15.065908,-0.05298078,5.5031505,2.9300401,-1.6294556,92.53322,23.820486,37.164833,16.410545,26.764023,23.3688,18.362469,16.58273,17.93716,10.313028,9.511571,9.990949,10.25279,0.06791524,0.1645575786687935,4722.479219918365,3537.5557732098446
2-66637-B-20.wav,crying_baby,-268.21085,96.737206,-42.436775,24.873291,-36.872932,11.917708,-4.0710373,-2.7201624,4.386504,5.943998,0.5945977,3.8096106,-7.22636,72.20195,22.139008,34.860905,21.075212,21.425457,13.702152,10.923339,12.003153,7.8967643,9.1616535,8.524282,8.119712,9.498166,0.04585808,0.13004934926044084,4353.291197167008,3777.023276328776
2-67422-A-18.wav,toilet_flush,-61.726997,125.656136,-67.256836,48.428402,-29.265303,24.619642,-9.970393,-3.7234526,0.10755542,0.77536035,-8.454882,-4.7296753,-1.5923588,29.054422,17.907038,16.834623,11.97337,9.838751,9.280894,8.3178005,8.200838,7.6164985,7.5937285,6.9101048,7.0368032,6.749313,0.17876142,0.117671249637471,3616.7341057108456,3124.123608106098
2-68391-A-41.wav,chainsaw,-314.29532,172.2181,-56.144745,35.249363,-3.891666,19.275845,-8.014594,1.2769798,-13.024013,14.717546,-6.721297,-9.705695,-4.598497,65.136505,13.232499,19.4039,7.517597,11.2961035,5.376788,10.463428,5.679922,6.1348414,6.310072,5.249278,6.2937517,6.539196,0.022076052,0.060537811774941996,2240.9152483536805,2563.418840247583
2-68391-B-41.wav,chainsaw,-162.4491,156.19722,-95.713875,41.960594,-26.56158,9.000614,-20.81454,7.4251366,-15.440111,30.670137,-9.48698,-5.40506,8.224689,17.26565,7.5171123,10.723852,4.879912,4.9440165,6.820348,5.223109,4.6191483,6.1818614,5.605746,4.3123775,4.1274047,4.204838,0.08637959,0.09596142691415313,2899.7768789709635,2583.7677578801527
2-68595-A-15.wav,water_drops,-466.6132,79.39497,7.0446186,23.04954,9.429246,6.6963487,-4.2836027,5.4745855,-3.0490751,9.543458,2.320174,4.677118,0.021544844,65.3701,23.312122,23.253426,17.398396,20.460526,15.628243,14.243109,9.169439,11.8025675,8.895125,7.575739,7.612462,7.917448,0.0058254427,0.11735290385730858,5427.864585167298,5534.616020556423
2-68595-B-15.wav,water_drops,-514.75433,81.65674,18.683262,12.093111,2.8335228,10.572535,-3.8740208,2.9827862,-4.1397038,5.4654713,1.3682371,8.588625,4.039836,91.59485,33.889896,16.353685,14.606773,11.527712,10.946403,9.842896,9.6099,9.204594,8.186673,11.091251,8.584453,6.16827,0.0031185867,0.09500752247679814,4924.464958482329,5270.444254985708
2-69131-A-5.wav,cat,-419.5214,45.49969,-31.729,-21.37929,-16.82955,-3.6850204,4.047377,-2.5785942,3.111,2.8217757,-1.7364274,-1.1619301,-1.3907944,96.18687,37.550007,55.168304,28.813366,19.066343,9.966458,7.618038,10.287108,7.071557,7.40032,7.443194,7.161376,7.5278144,0.049775,0.06459360498839907,2412.6836045847285,2934.0619086450506
2-69131-B-5.wav,cat,-326.5157,87.11668,-81.52479,-32.76139,-21.8242,-7.9986596,1.502455,-9.204509,6.522558,2.0062401,-19.487574,-9.06653,6.6053967,97.23967,30.556778,49.346443,29.193905,17.3202,13.61103,14.597606,12.721853,10.296261,14.174377,19.449038,13.992854,22.638771,0.11134921,0.07291137978538283,2202.6355336866436,1794.2385642134761
2-70052-A-42.wav,siren,-140.16557,153.31036,-103.70142,-20.894474,-28.38443,-11.308689,3.0581663,13.582948,21.150017,-1.5125728,-14.251557,-6.278368,-3.6849043,32.85109,9.450393,8.897035,8.603988,6.174412,10.679482,11.048578,11.866748,13.69267,10.558958,10.286821,7.4123287,7.760028,0.40076527,0.05641064566415313,1979.648516362595,1728.9453702144451
2-70052-B-42.wav,siren,-238.5031,115.42464,-71.30919,-18.73184,-17.358238,-3.2749722,0.94564867,13.153966,12.394624,2.0788758,-7.8602343,-2.5504448,0.32473028,147.19304,64.119865,40.631657,11.412829,11.271349,8.373157,8.922558,13.596778,13.409707,10.16988,8.767462,7.363297,7.070582,0.2184778,0.04575682460846868,1627.7891019623503,1515.8061622916748
2-70280-A-18.wav,toilet_flush,-215.51926,152.24362,-85.38731,29.710222,-17.821005,7.1941,0.18671745,-7.6003685,4.212019,-3.5172644,-4.2165613,0.25008255,-5.1638484,54.105812,23.312029,21.078175,13.384763,12.588444,8.159387,10.936043,8.218819,9.081492,7.345723,8.382366,8.28872,7.8897405,0.05948213,0.0919804053074246,2774.8352831493876,2429.401739961619
2-70344-A-33.wav,door_wood_creaks,-631.44635,20.184895,-7.0281544,8.021069,-2.7295485,3.3361082,-1.0160359,2.0528386,-0.20129925,0.9339924,-0.04394328,1.1665202,-0.12807974,170.6844,53.7759,19.920649,21.301262,8.755837,9.431803,4.614977,5.548362,2.015228,2.7669365,1.5083121,3.638536,1.7704349,0.00947895,0.008150105133410673,390.7505378032737,415.5092078478757
2-70366-A-33.wav,door_wood_creaks,-513.7009,42.27266,-17.21715,11.246194,-13.020196,8.754197,-6.583521,5.0188565,-0.32360986,3.841272,1.7170045,1.4502789,0.7356203,240.31685,63.479103,35.640293,17.045683,24.477854,13.5018,13.951531,7.8675785,4.0317674,6.086696,4.1131563,3.4938655,3.0372236,0.029880758,0.02814811122389791,1170.72225174959,1203.0980963681336
2-70367-A-33.wav,door_wood_creaks,-326.635,79.26414,-45.53159,32.413383,-33.6138,19.420103,-16.878271,10.558338,-5.6952457,4.904686,1.5440584,2.1671953,-0.26644176,274.91638,60.518654,40.296135,26.206587,30.67148,16.105154,17.664507,9.283683,6.094602,5.562406,4.555914,5.5393806,4.0011625,0.06594956,0.07536071635730858,2719.9941134614137,2348.78821511972
2-70936-A-42.wav,siren,-308.1522,55.158905,-87.18031,-29.110388,-53.730034,-41.64522,-22.501268,-11.58809,23.942814,33.93444,18.113466,-7.869611,-4.796738,31.110758,17.98424,14.685547,14.468086,16.135914,11.738627,23.696583,32.4004,25.255638,15.753139,23.334158,29.552029,27.32,0.3505164,0.05362710266821346,1860.8433429760678,1734.9317423383734
2-70938-A-42.wav,siren,-337.91794,66.00565,-74.43168,-14.92695,-10.583002,-28.047106,-15.089609,-24.84235,-21.944437,-15.204319,-9.840875,2.2741199,4.456439,128.66391,46.484566,63.975975,13.822858,10.573418,27.295841,14.364359,20.589195,15.056039,13.535592,14.13142,13.437041,10.666737,0.15321192,0.04857548760150812,2014.0579030848785,1775.4638768312557
2-70939-A-42.wav,siren,-218.10619,74.98802,-165.57573,-57.90052,-67.66664,-52.521957,-8.090041,24.0428,48.619797,16.352142,-1.2852372,-3.3769696,3.8643472,29.395004,13.802946,16.683197,6.9707355,5.9548903,8.96708,15.4872,19.701624,12.51691,15.954071,18.39868,14.371697,14.887687,0.41957054,0.05402815037703016,2101.4060181442155,1619.9688561510288
2-71162-A-1.wav,rooster,-510.8928,53.27712,-44.922337,-48.29256,-23.881956,5.1624703,3.7902951,-8.090375,-10.868152,1.320808,-7.67856,1.3110465,5.9114466,104.49975,44.749336,59.13196,49.945934,25.466269,9.862616,13.375815,14.4784975,15.111131,15.645252,11.541491,18.848154,12.6857605,0.03525558,0.1615293285962877,4100.759383240393,3765.9044256062148
2-72268-A-6.wav,hen,-229.59354,150.5486,-66.09512,-1.6323647,-13.58485,-31.214426,4.825065,13.656734,-3.7862625,-3.9597707,-2.269492,-2.3318505,-8.53158,55.217594,27.603458,17.855356,28.282454,16.387213,12.77471,11.523888,9.826138,9.336163,9.087381,8.1189375,7.6343307,11.564051,0.14620557,0.07634860788863108,2306.8899820549505,2163.8353259713213
2-72547-A-14.wav,chirping_birds,-368.1725,33.573368,-83.28058,60.882133,8.919744,12.264297,0.17126848,2.2549155,-12.475085,13.503226,7.483705,1.9865384,-10.893869,106.42365,44.37861,50.64708,32.654953,14.499016,10.029205,8.517142,8.717899,10.487732,9.7363,7.0320888,7.864071,8.1800585,0.05582888,0.1706854517111369,4580.247671864638,2877.94324019808
2-72547-B-14.wav,chirping_birds,-506.91013,107.3535,-60.364246,32.787933,13.625675,8.811106,-9.978891,8.628082,-4.7857566,5.6392465,-0.12569985,3.2890556,-0.9512495,22.428984,13.96675,25.277016,25.943047,15.290615,19.40507,11.372149,13.579435,10.97764,10.49765,12.724293,8.726292,10.160397,0.0047170892,0.13335629350348027,3587.7824023814196,2937.648253104008
2-72547-C-14.wav,chirping_birds,-387.53595,127.52014,-50.018562,81.17741,-6.446519,-2.2248583,-13.549819,19.23147,-19.86238,8.879683,-10.291047,13.287802,-1.912153,14.615765,13.386514,16.66349,14.585918,11.000684,10.566944,10.952012,10.917451,8.768328,7.696214,8.4533205,8.712987,6.1167097,0.00925638,0.14363059200986078,3646.4771558061466,3012.6336755580583
2-72547-D-14.wav,chirping_birds,-452.01074,134.8478,-13.88435,36.499714,11.483847,-32.142353,0.9708453,10.863698,-19.117432,-22.109692,-0.36872357,2.377889,0.63558745,22.861345,22.785034,23.406149,17.809956,11.515308,17.055124,10.293284,15.091865,10.478895,9.16876,7.40556,8.33502,7.4384184,0.012381399,0.08626264319895592,2544.879196890621,2570.250422980969
2-72677-A-18.wav,toilet_flush,-223.91582,77.37304,-24.504808,21.912231,-23.8037,14.94062,-18.295534,15.642733,-17.134909,6.539473,-8.642707,-0.8577875,-6.954063,148.0226,18.94095,30.555923,12.220612,13.254554,10.278075,13.575619,7.608972,13.615841,6.813367,9.394116,8.578298,11.188405,0.05150433,0.14604934019721577,5210.655108200595,4681.820623867475
2-72688-A-42.wav,siren,-235.71802,189.83731,-33.31111,-4.915684,26.30451,-14.304203,-18.409332,-12.137155,-15.419453,-5.776871,5.094916,0.7900586,-2.0457306,32.4989,14.630871,30.407337,11.413766,7.535369,14.478123,7.3276134,6.369416,8.228501,5.473146,5.699691,5.7871237,5.4997783,0.20405947,0.028211553799303943,1131.353145244805,1274.6045958646148
2-72970-A-10.wav,rain,-122.704185,104.48148,-75.53139,53.524117,-47.916378,38.203648,-20.523632,26.911196,-21.492527,16.931627,-12.679422,12.81027,-8.747862,21.032703,9.397799,11.191804,6.645226,6.3399987,5.7378435,4.929636,4.8732376,4.9084573,4.5005884,4.1476126,4.4534483,4.032191,0.06683108,0.1780549865864269,4750.462777279608,3663.053435482933
2-73027-A-10.wav,rain,-82.1845,95.70702,-46.195274,49.83727,-54.10809,44.34949,-45.278305,29.067768,-29.378883,11.9840145,-12.596777,6.2206883,-7.279652,12.258923,6.9009085,5.170639,5.271552,4.5643916,4.4079127,4.5212874,4.317566,4.4853654,3.9557016,3.7348113,4.2783546,4.5443206,0.09487798,0.24109311557424595,6015.976855292888,4477.540086205002
2-7321-A-33.wav,door_wood_creaks,-244.24876,122.67873,-8.087643,32.65023,-26.550146,31.5789,-9.351105,13.915157,-9.519232,12.464073,-6.6852336,6.5448184,-4.1271043,17.983698,11.430511,7.269227,7.7360086,5.5099645,4.993062,4.3284984,4.4395075,3.93497,4.432527,4.2407355,3.978879,4.2070436,0.034902792,0.06592816487819025,3608.225942438025,4309.139865166343
2-73260-A-10.wav,rain,-235.48764,121.79891,5.344417,25.273329,-15.288648,31.893385,-13.626646,17.421114,-9.575561,14.94137,-11.759016,13.9637575,-9.589701,48.03018,21.326393,12.988863,13.827644,9.673051,10.302802,8.352643,8.470626,6.7678075,6.7972107,5.868969,6.02701,5.703113,0.03538184,0.06768643053944315,4366.209199532868,5146.856993352228
2-73544-A-27.wav,brushing_teeth,-250.57774,32.058037,-99.051155,9.792468,-39.466106,1.2585493,-23.411894,5.5040636,-16.66859,8.762094,-21.430244,11.463693,-7.013599,44.49749,13.242516,23.249409,14.734049,12.741449,11.862043,11.098836,11.632642,12.004171,9.130113,7.6369467,7.558919,6.5658383,0.028747119,0.19374796077436196,5426.239278597632,3936.4718486641436
2-74361-A-47.wav,airplane,-316.1596,242.89015,4.112985,-28.087687,34.888214,30.773104,-4.8499746,5.250618,6.6194386,3.4656167,0.7160139,2.6849453,-0.76144075,21.292913,15.507097,9.467419,5.6148195,6.6242337,6.511116,6.883261,5.718471,5.1219535,5.260617,4.185859,4.7640076,4.6750855,0.07232726,0.018189892691415313,900.3970396958688,1792.3275960864253
2-74977-A-18.wav,toilet_flush,-186.04619,93.52825,-49.697613,50.088356,-34.955563,30.45451,-17.946781,9.72622,-25.449581,6.8691745,-17.68113,4.021115,-13.358915,59.106102,24.25873,19.684423,13.135093,12.535329,8.620309,7.830136,6.963657,6.9939265,6.151782,7.6162815,6.5406003,5.7329197,0.040513128,0.17325827472447797,4845.328306049397,3864.873941077843
2-75726-A-6.wav,hen,-409.5766,35.25474,-14.051187,3.5134804,-5.0733995,-5.156482,4.474613,3.2153234,-0.4366968,2.032628,-0.93663883,-3.6090724,-4.0247436,129.04213,56.143475,25.857344,10.063844,12.168008,10.215426,8.147523,7.132379,4.288427,5.377137,7.0242696,7.686755,7.7083306,0.04363848,0.026941569388051045,934.7762038159218,899.1353187229116
2-76408-A-22.wav,clapping,-292.48608,125.871956,-40.68606,32.92618,-16.64976,1.0607694,-3.2415667,-5.200663,-7.5341563,7.4425716,-2.4410377,2.976581,-3.1817954,144.34453,18.517612,33.46643,11.656685,25.608335,11.778263,17.822964,9.212856,13.067415,6.5472746,9.168478,6.412669,6.77376,0.043771926,0.08108754169083526,2996.4291984207794,3044.3453050862704
2-76408-B-22.wav,clapping,-197.2447,129.96057,-61.359646,41.3157,-28.021307,3.4888194,-13.199673,-3.909567,-10.604624,7.23751,-5.5806026,3.1671917,-3.982358,135.86162,16.961296,26.460136,14.073126,23.472004,11.98727,18.032354,9.04978,12.2658615,8.676558,8.70483,5.7863855,6.896708,0.083891146,0.10085670134860789,3324.513050595513,3072.880026491315
2-76408-C-22.wav,clapping,-214.09473,131.2326,-50.451103,35.920815,-25.081406,1.113377,-8.122834,-8.423155,-9.588958,5.151786,-5.0082145,1.8683078,-3.5393271,139.50185,16.223232,24.512709,13.272084,23.304544,9.4372425,17.58254,8.546839,12.860518,7.395816,8.346602,5.879954,5.7381606,0.07980897,0.08959904292343387,3133.2914084030012,3050.6842656301133
2-76408-D-22.wav,clapping,-241.09619,132.71692,-46.882298,37.67541,-22.612583,-1.9458266,-5.025948,-7.6905303,-11.646778,3.6454918,-5.7336316,2.5926409,-3.1079807,135.39247,15.825211,27.481379,14.361128,21.81814,10.1376705,17.425642,10.236476,12.842604,7.064888,8.813494,5.8460274,6.0171895,0.063548185,0.08375099695475638,3011.6060204006076,2979.574554130459
2-76868-A-6.wav,hen,-219.49379,110.5085,-8.626949,13.440399,-14.362932,5.244314,2.7347608,17.286282,-1.7699757,10.555136,-8.326779,7.307385,-1.7601203,72.255264,26.99314,33.328526,16.45751,20.41497,12.279633,6.6410637,6.1634116,7.7129097,7.649407,8.703668,6.529137,9.783161,0.09519864,0.07793353937064965,3969.366363888083,4506.753583579811
2-77346-A-46.wav,church_bells,-289.53952,190.97437,-90.75522,25.124262,-10.996721,-7.8902307,-0.81504685,-4.4019628,-6.577518,-0.662425,-3.8853223,-2.674921,2.0109978,39.24538,18.167719,17.683567,12.191568,13.920391,10.599347,6.7537665,6.4597487,6.374716,6.0507317,6.080779,6.2575765,6.3950205,0.034208488,0.07608350855568445,2144.2038571254357,1937.1082691801214
2-77347-A-46.wav,church_bells,-276.41782,223.10117,-27.180191,-23.999432,-0.4284171,-6.855769,-2.1027026,-2.077059,-3.3154993,-0.3599008,0.15991735,-0.16152576,-2.6092315,40.94477,17.714481,24.457523,13.05,11.455986,5.832748,7.0597744,6.5139866,7.7977405,5.5857854,5.7908864,5.8012257,5.668311,0.07743261,0.04129658497679815,1225.0405477729932,1336.5002192466168
2-77945-A-41.wav,chainsaw,-69.04149,60.525986,-25.411425,32.66477,-6.2107344,22.373621,2.3846016,7.935595,-10.137258,7.243163,-8.0901165,7.092081,-0.5979712,110.12117,17.052635,17.991787,12.000839,8.167158,7.541484,8.198009,5.9499288,7.0945277,5.6008086,5.3869576,7.694847,7.8453426,0.14084098,0.17802666400812064,5903.275488241381,4852.214950871005
2-77945-B-41.wav,chainsaw,2.8549669,54.720566,-30.297518,24.958084,-13.994575,12.827473,-5.72636,4.7672157,-9.033678,3.9622874,-6.3074627,1.5107449,-6.719423,28.6056,7.050748,9.36986,6.0364676,6.509258,5.6803646,5.988789,4.928538,4.724749,4.233386,3.732855,6.7801037,6.3674006,0.22035249,0.17817960593097448,6048.266070250065,4911.86991279475
2-78381-A-46.wav,church_bells,-325.16992,96.44218,-52.006653,15.666027,-3.224635,-2.3178856,3.4231503,-9.1542225,-11.194181,6.385657,20.60904,14.470569,4.1941,109.100586,18.74947,52.26071,16.265741,12.685454,11.301918,10.919005,7.5933127,8.78551,6.164782,11.395326,8.224163,6.334428,0.10530364,0.08269966284802784,2771.9103712069104,2773.662917961334
2-78562-A-37.wav,clock_alarm,-129.96266,15.6769285,-65.65598,55.72035,-48.09091,0.17138562,-35.344894,-14.87345,-14.5902815,19.395315,-5.2227697,1.4573604,-8.202677,37.440826,17.06681,12.805442,10.561502,10.011406,7.699063,9.967216,9.816075,7.9299974,6.925387,6.2559767,6.4592624,6.3981853,0.330377,0.2569684871664733,6465.280311732669,3185.533274259274
2-78562-B-37.wav,clock_alarm,-137.45885,15.563115,-68.21434,55.133175,-48.099487,-0.0065871235,-34.73058,-14.825817,-14.698019,20.65208,-5.001357,2.146135,-8.713709,41.31198,19.007236,14.060869,10.806386,9.708125,8.112162,10.001219,10.344727,7.841208,6.4815907,6.94345,6.712706,6.3642783,0.31800836,0.25173447469547566,6417.897848970819,3168.631283942567
2-78651-A-44.wav,engine,-224.58153,141.65027,-40.328876,40.099567,2.4843376,31.564438,11.896305,31.914652,1.2129598,-1.1174033,-11.327227,6.7179937,10.858364,73.65614,14.1809,5.6212106,4.6266594,11.773521,5.5874186,4.9390607,5.3295527,7.762852,4.242287,5.6306386,6.131096,4.818797,0.06268255,0.0493096088312065,2653.1014676018763,3277.556880764873
2-78781-A-47.wav,airplane,-279.49066,232.80934,-20.981009,-3.297505,12.34092,5.434847,4.0031857,2.9296684,5.6453533,-5.267541,-4.426484,-1.64341,-3.9959443,23.986776,16.30624,10.132841,10.308817,7.9996834,10.01933,7.997662,7.030835,5.5154357,5.206262,4.0063124,4.3664265,4.566072,0.06169288,0.0286137344112529,1051.0664076270498,1437.7778908233106
2-78799-A-47.wav,airplane,-160.6622,161.66397,-26.181559,24.751438,-17.186916,17.205662,-0.015100749,39.46226,6.1434956,23.830437,6.929103,4.8354254,-6.2638326,19.58853,12.029199,13.168657,6.9813433,5.181098,8.128379,5.400736,5.604305,4.4028964,6.059894,4.8392954,6.3099046,4.3043585,0.12890923,0.03375145011600928,2100.6846292021487,3131.049242584682
2-79769-A-26.wav,laughing,-286.8435,129.6753,1.214254,-4.0458136,-8.561756,2.210187,-15.034708,-8.705435,-19.357725,-13.54635,-13.718254,0.5819455,0.9450331,102.55068,33.34574,26.179716,18.0262,14.304282,12.240115,14.354587,10.886144,12.404403,11.478397,12.395233,7.688826,9.046621,0.106703475,0.03295048760150812,2164.386466546179,3177.5614699274224
2-79775-A-26.wav,laughing,-436.0074,65.45068,-7.3380733,-20.047419,-12.378203,-6.9002066,-1.6670607,5.4472656,1.038207,-2.0561676,-2.0890718,-2.726786,-3.8355613,109.51966,72.13869,27.89817,24.921055,15.127073,13.816129,9.138372,9.0112,5.9361897,7.9845204,4.7510886,5.4115806,7.3664074,0.040739227,0.027178346142691417,1018.2244807807845,1192.2636945575805
2-80313-A-28.wav,snoring,-380.2521,116.676895,34.475227,34.996346,5.119324,22.464834,-4.170085,1.3614582,-4.215028,15.568439,9.7608,21.127094,6.644639,60.629845,31.644245,7.5157466,8.13101,5.5096703,11.864332,6.1594996,7.7529488,6.9618845,4.6330757,4.5605016,5.288565,4.567707,0.0366548,0.025691977233178655,2954.9031075322005,4538.187834174406
2-80482-A-20.wav,crying_baby,-388.75336,4.505326,-87.61989,-13.831267,-47.381054,7.4261184,-34.140842,0.57281554,-9.085014,-5.3406625,-17.697811,1.5542169,-6.739139,171.96637,29.608614,54.149807,18.210062,29.786062,15.328086,25.75017,11.789124,24.226803,11.646327,14.648778,10.447469,12.688847,0.034926783,0.17860671041183296,5871.678493363413,4256.677630503227
2-80844-A-13.wav,crickets,-555.93945,-106.83618,-78.37592,66.0548,-30.14043,43.944206,1.5439543,48.540222,-14.032494,38.129387,2.3314717,17.036255,10.349357,9.370496,7.849384,11.071791,10.788122,5.94211,9.220832,6.4563594,6.372059,9.631738,6.156189,7.134789,7.94933,4.4890127,0.0061974856,0.36494661760440833,8260.39289255653,3429.881756170195
2-81112-A-34.wav,can_opening,-642.5283,27.068575,4.1782684,21.770338,18.761848,24.109842,16.543388,12.430758,7.101976,11.547804,12.291256,13.546554,6.7786283,115.798096,21.907644,25.482666,10.23065,16.345312,8.446287,10.802727,5.606463,10.325055,5.8933725,7.759546,7.100446,7.0751414,0.0051873266,0.04030189602668213,3857.6946621487814,4660.430646255836
2-81190-A-34.wav,can_opening,-613.4746,9.952852,-19.812717,13.698621,-9.708953,4.2289686,-1.1039973,2.1545017,-0.95459336,2.0758433,0.10078336,-0.1447432,-0.96102506,198.04625,25.606436,45.725235,26.875216,22.79846,10.995566,7.6894326,5.237674,5.9817247,4.823073,3.80249,3.024869,3.7902496,0.020499807,0.05319773238109049,1283.2196098807692,711.0358036751879
2-81270-A-1.wav,rooster,-365.23917,106.891975,-2.0639682,3.3305438,-23.245005,12.517041,-1.3784664,-0.63351125,-9.917445,3.2442381,-7.98735,-0.1370994,3.7349148,142.374,20.379654,55.200893,14.116729,25.016068,16.024952,16.658392,13.701955,16.763237,7.6881576,8.560914,7.3413177,10.159458,0.06622347,0.06135690073955916,2926.1543421521524,3661.5192966116883
2-81731-A-10.wav,rain,-264.0636,49.88796,-50.666145,30.957672,-45.034454,14.813932,-30.112364,15.191774,-26.242437,3.6853802,-18.565048,1.3055437,-13.664978,43.823433,35.90658,22.892864,15.441033,14.539735,12.887887,12.162406,9.601923,8.807993,7.588132,7.4964786,6.8225517,7.2516317,0.018291157,0.2578997335411833,6740.2082739524585,4511.6466188674885
2-81970-A-7.wav,insects,-339.1212,88.47834,-21.178164,14.085799,-16.229628,19.814283,-26.69219,14.93969,-12.371433,14.115064,-16.864954,2.4981363,-15.542022,37.590446,12.31959,8.353811,14.466606,6.7882695,8.346516,8.206406,6.4706326,5.745429,5.6574006,7.0459056,5.2487855,5.3314056,0.018749677,0.06423674050174014,4439.93741692498,4877.814738544668
2-81970-B-7.wav,insects,-325.10056,82.5358,-13.319143,15.483127,-9.9139595,17.096682,-24.760263,9.779277,-8.829489,7.0331316,-15.950677,-2.9238212,-14.634502,43.780743,16.476501,9.930138,11.586271,5.870372,7.9298186,6.744193,6.513504,5.6141744,6.1660576,5.494268,4.5435843,5.1185527,0.03162957,0.057288645591647334,4288.1594153709175,4819.450472537369
2-81970-C-7.wav,insects,-420.77066,76.20716,-24.54674,16.09136,-18.89846,20.860617,-37.386295,17.605467,-18.334805,16.721987,-22.669813,7.5129976,-22.933702,105.374405,24.274857,21.478722,9.876064,12.435833,6.5667124,16.272345,5.5199847,9.104938,4.9688444,8.798229,5.605376,8.316599,0.007851614,0.1246975148636891,5486.318033063436,5188.080093965798
2-82071-A-27.wav,brushing_teeth,-289.53717,146.12794,-38.915993,43.251648,-28.990479,29.054836,-19.542706,17.074934,-11.797575,12.755431,-9.048554,3.2750638,-3.3603015,31.002577,20.049784,9.375997,8.191514,5.8759146,6.3997836,5.78851,7.35047,5.1997294,5.9093933,5.3983326,4.317793,4.427292,0.016941251,0.07778286325406032,3183.5132508217453,3558.063764840361
2-82077-A-7.wav,insects,-297.6426,142.2534,-2.499775,-3.633319,18.947653,-4.734338,-10.232477,0.42150867,-2.0397782,-7.5888395,-11.524397,-14.664221,-16.354982,31.475004,24.672592,9.1084175,8.449917,5.4476066,5.1940613,7.512069,5.2511835,5.5654974,5.379904,5.578862,4.637376,5.1267066,0.12274066,0.014938460701856148,970.3944116513131,1350.837542894392
2-82274-A-5.wav,cat,-437.52725,122.2457,-11.084871,32.572845,16.314245,15.819566,3.060377,6.9032807,1.1068594,2.7055893,8.142966,9.249635,4.63971,51.61329,12.448511,39.79755,17.300396,9.489915,8.931762,7.667049,7.6571493,8.530631,9.042921,6.583379,10.695718,7.9053326,0.017880868,0.05971985571345707,2660.3639501181415,3341.764201046664
2-82274-B-5.wav,cat,-440.22296,126.04296,-18.523726,40.10109,10.094203,23.186176,8.359367,6.281199,1.1347846,1.5044342,7.644456,7.695248,7.805508,52.006874,14.627216,48.428757,16.918106,12.673196,6.3208704,6.1666965,5.6943583,7.1862035,7.4855227,6.467565,10.288474,9.352254,0.019831425,0.04589730459686775,2402.1052681825745,3175.4266729523556
2-82367-A-10.wav,rain,-191.47269,97.28814,-25.762983,54.133297,-41.88781,40.09732,-29.158928,23.254505,-15.765546,12.610449,-13.294872,8.689098,-6.1260448,21.518131,19.619326,14.4592,11.727733,9.705293,8.9398155,9.060814,8.06199,7.5203905,6.033802,6.013389,4.949226,4.9870877,0.032187324,0.19043988362819025,5652.017068866404,4534.333114564831
2-82455-A-23.wav,breathing,-245.74554,178.24454,-49.346714,6.917664,-35.431393,-1.8213582,-9.687456,9.233025,-13.1810875,-8.437981,12.725473,17.353262,-10.377671,83.418465,19.843702,21.31301,17.935877,12.808013,10.197009,7.8531036,6.422399,5.98477,5.298035,6.284865,4.4563355,7.0513525,0.051873352,0.06439534694025523,2273.530218823163,2676.8486003763346
2-82538-A-21.wav,sneezing,-446.65445,22.522259,-12.421928,6.403082,-2.7096107,0.044526394,-3.212555,-5.1438384,0.04392043,-2.7792287,1.0685999,-0.13495015,1.2895154,127.75868,48.10588,35.319637,17.07011,8.7902355,6.86171,9.736708,13.867311,5.50608,10.5304575,6.149528,5.1333675,3.8405416,0.036734812,0.017760522404292343,768.9313100963159,1204.586269363379
2-83270-A-13.wav,crickets,-589.2727,10.613066,-111.84158,85.21478,59.535213,8.751098,-25.453491,20.846708,48.374897,-2.4721098,-7.9170523,44.443607,13.396719,27.113752,6.026398,16.460821,7.300854,4.133783,4.41378,5.4551992,4.5566583,6.1715956,4.2777157,3.1689277,6.237663,4.24327,0.02039323,0.14072016386310904,3569.7553081400056,1673.5156279091043
2-83536-A-27.wav,brushing_teeth,-232.78879,63.587875,-18.633179,14.945043,-18.581951,31.616016,32.351173,46.032646,12.144551,20.752604,11.342299,16.982464,-2.9968517,51.811867,21.397318,25.275368,12.507584,15.3999405,15.634935,12.679181,12.158393,10.06131,9.692479,10.888595,10.972414,8.976326,0.07352847,0.06238444388051044,4121.472151293471,4631.89603728044
2-83667-A-34.wav,can_opening,-282.1485,98.25248,16.070427,26.347652,-0.9695201,13.434584,-5.757726,8.561709,-7.51889,7.047531,-7.25186,6.2321634,-7.1024013,86.284744,21.248331,26.265024,9.156225,9.761742,7.7002645,7.6292014,6.8280206,6.1080503,6.997747,7.0372066,5.7943325,6.9530497,0.035410065,0.09246302204176333,4675.969373979401,5325.078830179753
2-83688-A-34.wav,can_opening,-527.2106,72.041214,11.688148,62.087994,13.703873,8.758862,8.110122,11.347747,14.690183,0.60916203,3.7908518,8.552846,-4.380622,86.875465,18.893547,32.769787,9.815374,12.506695,9.82834,9.675062,5.3910484,6.0005927,5.434483,4.779404,4.261999,4.6317215,0.00646896,0.07619226725638051,3989.292648573067,4268.667769276159
2-83934-A-5.wav,cat,-395.31238,123.14845,-3.7872567,17.235712,2.1711574,19.834997,4.3716607,13.160256,3.964803,11.19862,12.063475,16.062105,17.069973,62.374615,25.353502,34.05215,12.542225,13.227363,8.555453,8.556171,8.551648,8.020043,7.819513,9.242998,15.320726,14.524519,0.05204616,0.021866163355568447,1959.8700772390976,3211.8063931253405
2-83934-B-5.wav,cat,-399.91284,126.08998,-9.374483,13.999196,2.3259854,22.549896,9.660186,7.7319746,-1.4291816,16.04291,2.7914724,7.7728076,14.824551,85.69862,28.787148,38.51658,11.030714,17.86483,15.144199,8.320155,10.884382,18.4956,9.72286,10.809517,7.4460983,10.610492,0.03930602,0.03918258773201856,2064.0040628736942,3053.9478580187874
2-84693-A-49.wav,hand_saw,-260.66858,120.47271,-27.178478,52.14359,-12.931599,20.783724,-7.090899,20.423426,-12.601874,8.169822,-9.85659,16.205677,-3.2009254,90.81832,17.01979,18.531883,11.397362,10.273477,7.344291,10.739988,8.242846,12.238033,7.180093,7.757259,6.7185197,7.90847,0.031365544,0.08072501268851508,3578.4774898090477,3891.7656582322034
2-84943-A-18.wav,toilet_flush,-363.25583,106.57718,-19.653263,33.22156,-2.0992436,22.146307,-10.89556,6.974105,-6.748901,-0.21502686,-5.1647797,-6.2959666,-7.992557,106.40093,23.442749,42.049786,15.244703,15.053915,10.53461,9.148559,8.213521,8.063592,8.315781,6.7883735,6.980517,5.7320294,0.015819447,0.08901446490719257,3657.084512780327,3894.262758012261
2-84965-A-23.wav,breathing,-377.0989,158.22267,-64.895164,47.722095,-29.620821,2.0796561,-17.672794,6.636201,17.13741,8.739968,10.418392,1.4651822,3.5316045,57.160805,34.24522,38.001698,24.366741,18.571405,20.605515,12.67439,6.096081,13.690384,8.648054,5.402291,5.779439,4.3126283,0.013317613,0.08374419953596288,2724.9646360569836,2609.555725424401
2-85139-A-13.wav,crickets,-302.05896,69.8911,26.427868,33.304806,4.243186,38.978485,-23.817688,38.686825,1.9861307,7.357569,5.4802155,18.541767,-0.94498795,7.183828,8.586892,7.4759398,7.130333,6.4842067,5.8454103,5.6263285,4.659241,4.112733,4.18256,4.131177,4.473491,4.116451,0.04030175,0.06559055974477958,5546.4940357258565,5679.954590409577
2-85292-A-24.wav,coughing,-460.0225,76.44578,24.911455,18.21568,13.732904,14.970458,6.710866,6.955153,7.66274,7.240134,5.2284336,4.902139,4.9138937,120.013756,53.651817,25.410717,13.913188,14.094205,8.193951,14.453563,10.98542,7.819537,8.414196,8.927084,6.7051992,6.571677,0.029857684,0.02331741226798144,2310.95916512346,3484.320436604121
2-85434-A-27.wav,brushing_teeth,-194.34258,54.837982,-68.242645,23.682714,-25.295189,13.093686,-7.5115843,19.59674,-2.158047,17.749737,-12.522219,4.593973,-3.4404476,52.910976,22.274126,15.947314,14.783089,17.106567,14.149549,8.463665,12.541804,13.496034,8.227408,7.5627327,7.2956862,5.7899957,0.04397009,0.16369657228828308,5316.993106606183,4107.242526371425
2-85471-A-34.wav,can_opening,-588.1208,28.563076,3.3270102,38.49959,4.6520224,16.855072,13.586107,20.999456,17.460236,10.225349,7.0735493,8.53132,6.823873,126.727425,23.604856,28.68771,17.124514,13.03708,7.99442,9.135222,7.811922,8.980596,6.588095,6.5679708,4.789031,5.153771,0.006135646,0.126473906975058,6252.286228849135,5275.953865681677
2-85945-A-18.wav,toilet_flush,-215.84871,96.66516,-38.424286,30.630024,-23.716368,25.76616,-15.095731,20.403599,-12.208642,17.600643,-5.7466183,11.442206,-5.444194,75.88739,22.457563,17.426657,17.493893,15.668479,8.301626,11.468962,7.877365,10.104246,7.5779996,9.532871,8.853459,7.472117,0.036924783,0.13678332547853828,4720.20876294943,4320.417289870929
2-86160-A-27.wav,brushing_teeth,-339.3193,62.134132,-34.779903,41.757153,-14.347752,12.0278425,-19.667393,11.061739,-13.643515,18.540472,-9.075994,12.309323,-8.17915,71.15253,34.891033,28.571573,14.174677,17.257727,14.050552,12.613507,10.192089,12.647091,8.56949,7.336972,7.826996,7.5201044,0.011504892,0.17281870830916474,5592.989552779599,4572.916641700801
2-87282-A-34.wav,can_opening,-519.12177,6.292655,-41.671368,10.286581,-11.802728,18.922928,6.6090565,20.054117,3.1925077,-5.538447,-7.665052,5.4863553,2.9521348,99.43096,14.683929,30.924328,11.921976,12.474425,7.71772,10.347388,7.2466516,6.2572618,10.597185,8.020981,6.06947,7.58017,0.0085797245,0.2966801406612529,7317.0556572964915,4760.352443293155
2-87412-A-24.wav,coughing,-368.03278,47.512707,-11.18436,2.5038176,-2.9581594,6.676998,-2.0336814,-2.8845487,-4.047229,-8.587329,-1.9944196,4.26898,-4.8263683,190.90475,61.657753,33.716827,10.860011,13.342766,9.977035,11.2577305,10.45182,10.170151,16.84765,6.180587,7.5569296,9.808347,0.08584177,0.0334874836861949,1537.8533725333411,1748.1078571065525
2-87780-A-33.wav,door_wood_creaks,-607.67474,110.57856,-2.569976,-1.5979252,4.624512,3.308117,3.7818496,7.14363,5.4502206,2.5483747,2.6822858,1.3204153,-2.9040623,158.56989,108.16098,24.162716,16.734938,11.785325,10.281882,7.228133,7.4676666,6.173723,4.6686344,4.9919868,3.6434834,5.2592473,0.005503308,0.015144649071925755,830.4585477470241,1291.9078214030365
2-87781-A-10.wav,rain,-172.48575,130.11957,-48.938786,45.853294,-14.799222,40.398293,-7.1022444,21.957312,7.6227093,4.560044,12.948943,-1.362223,15.050378,15.198701,12.564524,8.342332,6.136895,5.658025,5.745058,6.719147,6.4057026,7.731748,6.8582907,6.69402,5.2579784,5.369589,0.10055693,0.04744031866299304,3025.4666980461593,3475.8035100370853
2-87794-A-24.wav,coughing,-348.201,83.70187,-20.809687,-26.579937,5.022881,-0.28676626,-20.342106,-11.784197,3.2279897,-2.1927874,-11.087887,-6.377167,-2.4692936,122.194664,73.083374,26.245798,28.544588,11.655221,9.1470785,16.791431,10.375711,5.703382,6.721099,9.90203,6.101867,5.4701166,0.057630036,0.051919817647911835,1277.3259532666118,1089.2370026516253
2-87795-A-24.wav,coughing,-316.115,96.74156,-30.203463,-31.447884,3.6855443,-3.5041504,-26.2157,-12.544194,7.0171633,-0.6581254,-11.304146,-4.9363937,-0.56876814,124.46431,64.156784,27.400928,24.432623,16.836052,16.165115,14.320195,8.725983,10.500091,9.237025,8.389757,6.5758495,7.111188,0.09157851,0.07873450188515081,1895.562161456893,1655.6617426270232
2-87799-A-24.wav,coughing,-344.85574,80.79659,-22.018003,-13.583347,2.125551,-11.019348,-18.803913,-6.5685973,-4.855815,-8.655201,-2.7080178,3.1771605,-0.0016241582,167.88467,86.94806,33.74679,23.479511,13.399858,14.796493,20.91395,10.857923,12.033651,15.975034,11.259563,8.319311,10.77694,0.115086295,0.042725175826566125,1778.493848285697,2131.2090362636745
2-88724-A-38.wav,clock_tick,-487.92822,77.77769,-0.93044996,42.531113,6.473802,22.697336,-9.811682,15.764964,-8.631578,-4.3649135,-0.09125379,7.237131,3.1161284,104.877205,25.71271,22.74952,15.012408,14.268155,11.81179,14.118398,8.888314,10.728879,8.274598,6.8463273,5.3449817,6.8932185,0.00868036,0.05655112565255221,3911.8882000193707,4543.568570392229
2-89516-A-37.wav,clock_alarm,-450.80908,61.963272,-43.638615,-14.947322,-31.609797,21.967604,-25.038145,14.659336,-13.810239,-9.695212,-14.335115,31.52199,10.903909,181.10497,42.794415,22.291342,10.264173,18.761175,14.404579,32.557964,10.275027,9.356761,9.964635,13.063857,13.264432,11.781394,0.03071839,0.19996646606728538,4969.852118853101,3986.2629206261213
2-91912-A-33.wav,door_wood_creaks,-430.5316,157.3906,-25.200598,20.10115,1.4846343,9.055394,-0.43677345,9.498413,1.9647704,4.686958,0.9349294,3.943344,4.2524595,118.90886,17.240517,26.47818,9.568937,14.7736845,6.7787356,17.088266,7.837557,10.721625,6.4076223,9.241,6.7041245,6.599579,0.01141565,0.03403580880220418,2124.8861652823953,2869.311599960385
2-91912-B-33.wav,door_wood_creaks,-374.31293,137.98624,-20.601824,19.484488,5.8648224,12.548293,-1.5301129,10.991577,0.34134358,4.22958,0.9441698,7.279775,4.2981663,167.12173,17.52534,32.4612,9.725262,14.767891,8.883509,19.061943,8.274123,11.959617,6.39187,10.5993595,7.543329,6.6748915,0.031860635,0.03736994272041763,2330.0236262978638,3018.7294608358707
2-92627-A-27.wav,brushing_teeth,-400.75497,113.43872,-32.624863,-25.240725,-30.332659,7.4437957,-9.356534,24.695204,16.50388,4.0517244,-5.5434833,25.946363,2.490433,80.84138,42.434956,36.656933,24.454554,18.040518,27.547462,14.587173,17.083174,16.798897,12.551915,13.503725,12.181641,13.374685,0.014519587,0.09357893162703017,3520.298667858455,3866.443149490736
2-92978-A-29.wav,drinking_sipping,-343.71716,74.111664,-6.402745,10.69205,-7.864119,6.713951,-5.266068,0.50176513,-1.272323,-0.41752833,-0.055701103,-1.4556764,-0.6568768,152.13777,74.57657,14.472303,16.798786,14.511942,10.83844,8.140341,5.5654,5.2181187,4.575816,5.226215,4.9670415,4.955887,0.04285197,0.036983622752320186,1561.5542697444869,1811.0260138833016
2-93030-A-21.wav,sneezing,-473.47723,36.476696,-9.346528,8.493832,-2.28555,-0.17295976,-0.43458164,-5.620335,-5.615188,-6.262258,-1.713716,-5.1657395,-4.8829575,123.59555,58.6562,26.855007,17.006655,16.341768,12.557791,10.935162,10.907768,12.801841,14.09728,8.466601,10.563362,12.595546,0.023811046,0.10844375362529002,4172.391079875147,4250.903320991909
2-94230-A-27.wav,brushing_teeth,-450.14423,39.997982,-1.4557241,46.74815,-14.164146,24.08001,8.103715,22.915943,3.121962,15.28628,-9.6864395,2.0220232,-7.5997295,35.961926,14.999315,10.275761,9.297223,7.52386,11.884029,8.15067,7.782252,7.67174,9.602183,7.5173306,8.995623,9.710921,0.004768775,0.09472769540313225,6151.685596977778,5251.258940755336
2-94807-A-29.wav,drinking_sipping,-248.61974,158.84982,-5.153085,37.340008,-20.451183,23.267864,-12.318805,7.526202,11.7299795,3.1685941,-13.529725,2.2838817,3.798967,93.794525,35.93605,31.1444,19.210875,29.984295,11.172774,13.765508,15.376726,11.704415,7.315836,16.114069,7.111876,6.493016,0.0680641,0.06471935723607888,2483.857630292985,3031.6445623586696
2-95035-A-1.wav,rooster,-542.16785,41.02864,-31.416307,-13.654527,-10.45779,12.850118,10.852369,-7.1676917,-2.0192657,3.877101,11.501952,18.69797,7.613692,125.11476,53.26106,46.183563,27.933338,21.274187,18.125992,18.097345,14.581789,15.567239,10.89213,17.123497,25.802774,14.118456,0.01824661,0.055763757975638054,2407.6302084042286,2073.0665641863907
2-95258-A-1.wav,rooster,-434.5343,65.72457,-38.841,6.2856674,10.680427,6.457371,7.1606383,6.401641,12.3094845,15.353443,13.48192,7.6061926,0.2398055,151.60695,53.379486,82.17277,14.998948,16.502539,9.616952,8.367516,8.69546,13.037543,15.640489,13.874996,12.234518,8.623543,0.057932187,0.03387380365429234,1465.0270618306179,1918.8671110531425
2-95258-B-1.wav,rooster,-394.9206,93.25025,-32.253212,-0.6350381,6.2644463,5.6925426,2.4608054,8.146764,10.89348,16.878286,18.599035,10.072485,-2.322184,134.90024,44.993977,82.82995,17.96769,15.219517,10.809088,11.205976,7.71046,8.5447855,15.030121,15.287378,10.427523,9.81507,0.06869199,0.03693264211136891,1801.8789386611477,2543.7583447846273
2-95567-A-23.wav,breathing,-401.07443,119.55449,-35.04123,31.529772,-2.2137918,22.472496,3.3094256,14.374541,-11.407138,18.770275,6.3260937,14.79745,-4.926255,70.373604,21.131414,34.21023,10.976741,13.559428,9.011828,5.875722,6.281708,9.207764,6.261841,5.9741583,5.3829527,5.068845,0.0089973,0.06779858794953596,3304.368445994194,3920.3796626384565
2-96033-A-13.wav,crickets,-340.4549,143.32088,30.433054,78.759995,-26.41946,35.794205,42.11581,-6.82141,4.4699674,36.617065,-20.54889,15.82631,14.956621,21.328875,18.583195,6.348641,16.520538,13.756324,7.839042,7.0964136,5.312426,6.144323,6.7255735,6.539221,6.04737,4.744948,0.073501475,0.066908126087587,2580.6812765952513,3073.9447095456544
2-96063-A-37.wav,clock_alarm,-464.1738,58.96193,-8.811884,40.08151,13.567496,27.403494,4.6721907,20.78642,-17.231194,22.685913,14.275847,14.842452,-20.244432,54.271736,8.91821,31.753176,6.9689107,6.3385563,6.2088614,5.1180706,5.866714,14.03568,6.6429515,14.376918,4.3997445,12.519661,0.017530518,0.1275377030162413,5231.610540258711,4714.540399060862
2-96460-A-1.wav,rooster,-443.15588,72.72843,-11.304506,4.4675117,3.518366,10.647069,-4.597763,0.44884843,4.7805953,6.1352935,3.7238584,1.7125657,-4.8413005,182.06224,94.104385,22.803003,9.526678,6.8984966,14.474731,10.726083,9.668883,9.752309,10.389339,7.812876,8.976422,10.0268955,0.051100053,0.01753620758410673,674.6671314727715,902.8183900674155
2-96654-A-47.wav,airplane,-315.94302,166.68372,-41.864483,58.826538,-25.15256,16.111195,1.0439085,-1.2247691,-0.5731088,0.93499994,-2.815164,-4.051032,0.6754835,90.78547,14.342935,14.870422,18.047888,24.257435,12.691568,11.205858,6.6568704,6.7752814,4.806081,6.514936,5.2244663,4.6448646,0.02293012,0.06491648238109049,2559.109951989616,2835.296260352464
2-96904-A-27.wav,brushing_teeth,-417.32858,61.794006,-44.581203,56.620895,-23.181923,20.03932,-10.701679,29.02715,-1.516231,13.576435,-14.07939,12.661913,-9.097149,56.214825,23.579395,25.310558,9.387779,10.424098,6.8500953,8.275971,10.194931,10.632828,6.7694545,8.703229,6.704807,5.7901196,0.0049072616,0.19282011310904873,5518.1259073771635,4047.048985355255
2-98392-A-23.wav,breathing,-569.4271,43.00236,-73.446045,-25.942104,-25.130537,-15.797494,-17.71362,10.562772,3.3654983,3.5692012,4.605581,9.814753,2.5125904,208.76894,47.216686,73.51941,29.853268,28.155699,17.420424,19.418148,13.001976,4.854322,4.7891803,6.072934,10.933679,4.2246284,0.013480159,0.06907423687645012,2024.701768968379,1617.7068497237165
2-98676-A-24.wav,coughing,-710.44165,33.599438,3.9926877,4.745389,-4.870329,6.599,4.2330813,3.0286853,-1.4705386,0.1824193,-2.4663563,0.40091163,-0.069428936,141.52534,56.069828,20.408842,9.502476,12.994369,12.751987,9.988806,6.9562507,9.861418,3.9429598,8.742907,4.078041,3.5897696,0.0022089512,0.010737655887470998,836.7245277913898,1187.2874565311713
2-98866-A-47.wav,airplane,-156.01743,202.66284,-66.13316,34.529343,-1.4422435,-0.7783688,7.678765,-4.2303553,2.9781888,1.0893868,-1.8755295,-1.7757204,1.1423783,62.52835,35.51323,14.078734,17.650959,22.174137,16.298445,10.885932,8.063374,7.974799,6.8045173,6.8570747,8.03352,6.4986696,0.13768215,0.05350361622679815,1954.0476080163164,2014.6393420408263
2-99795-A-32.wav,keyboard_typing,-308.52014,75.4348,-64.165794,23.415699,-19.791107,19.300758,-41.792046,13.708044,-9.774373,-1.796183,-7.346228,10.53237,-11.417632,110.34846,20.233648,19.89072,10.523837,13.145546,8.690933,15.320283,9.086039,9.618289,11.007337,10.135899,7.6614375,9.220641,0.023460906,0.15599736260150812,5098.136912792422,4024.2462274550553
2-99796-A-32.wav,keyboard_typing,-429.21817,55.14207,-11.084538,40.85896,-32.44945,30.327831,-18.813135,23.349817,-15.002339,12.725938,-9.749507,11.008497,-10.278977,99.378815,23.853582,17.8977,11.535465,15.645641,9.42458,12.378521,8.456481,10.580474,6.3509035,7.913721,6.297598,9.082665,0.006899847,0.20101893307714616,6903.0622609829215,4717.350917338093
2-99955-A-7.wav,insects,-469.11273,105.92664,39.25641,21.38554,-3.552966,10.210023,-11.5933075,4.8730774,-10.251592,8.0448265,-9.34431,6.751746,-7.879611,87.1109,54.24818,22.112219,10.494163,8.336519,5.811451,9.11651,5.909328,5.3524055,4.890535,5.371951,5.205291,5.387939,0.009500844,0.16862356801044084,4655.689297754573,5096.876993839814
2-99955-B-7.wav,insects,-505.7102,73.012505,24.90781,14.640515,-1.5705978,8.452392,-8.593375,5.0821843,-7.7661114,7.286037,-6.0167456,5.9652596,-4.1312275,111.19188,64.32234,22.180414,7.7317123,6.442575,4.3617506,11.709388,6.705064,7.4653525,4.13868,5.8079205,3.8493032,4.70199,0.01037607,0.28274996374709976,6343.268397482763,5202.113837088661
2-99955-C-7.wav,insects,-487.44952,93.469894,29.685125,18.370405,-3.1870298,11.291542,-12.0977125,1.965174,-13.3087635,5.910106,-9.409687,5.233735,-5.271053,99.21949,55.97778,18.454058,7.9837894,7.3176804,5.5015116,9.373302,7.7012696,8.028398,5.1937833,6.0345798,4.945362,5.46931,0.008374735,0.19428042524651973,5358.152544131982,5233.175735233139
3-100018-A-18.wav,toilet_flush,-226.15381,104.31761,-10.148136,41.878414,-4.162043,25.320229,-6.2946863,14.42577,-13.694455,-1.4026638,-12.652933,-1.3118316,-11.058702,126.873,31.760437,28.82737,21.532398,14.933523,10.969483,15.7892475,8.631213,14.001085,8.014705,10.761933,7.237097,8.47774,0.09195457,0.0699114522911833,3485.63533275206,4084.1488324201196
3-100024-A-27.wav,brushing_teeth,-325.5621,92.938805,-42.849026,48.61275,-11.994637,33.20517,-30.548197,18.31148,-14.227678,7.4960427,-12.931042,11.3507185,-8.464639,59.146816,20.66355,18.27652,12.735845,11.323577,13.719247,10.278111,8.595946,7.420161,7.7270045,7.3382244,7.9187417,10.188653,0.012323369,0.13258818517981438,4717.353512733904,4211.114372834396
3-100024-B-27.wav,brushing_teeth,-307.865,70.87044,-54.534496,41.57728,-33.066845,20.354078,-31.179071,18.477566,-5.5357294,28.111513,2.15491,19.668922,-2.9933665,66.29223,34.849667,17.469025,9.153048,10.929953,13.63662,10.583521,12.714515,10.941409,9.934725,10.524277,6.761748,7.847835,0.01513291,0.1741668630365429,5318.842467225078,4100.832236952424
3-101381-A-33.wav,door_wood_creaks,-601.8964,111.7111,18.070808,-13.102306,-4.188247,0.9901452,-1.4370885,-4.7727256,-4.5504503,-3.9987285,-5.725067,-3.1035478,0.81325585,141.28592,123.70074,27.585169,24.224024,13.790074,7.2521706,7.4805207,9.774226,7.730039,8.410552,9.038256,8.959252,4.128234,0.013615849,0.13814507504350348,5393.284398012788,4039.140978112832
3-101381-B-33.wav,door_wood_creaks,-582.8718,132.88124,28.488249,-12.901523,-8.101051,-0.66700965,0.8013923,-2.9165907,-6.70223,-7.705463,-6.8464336,-2.1975954,0.8706359,134.37749,119.37734,34.147434,24.097412,18.468027,7.4910083,8.968244,9.170863,9.009106,10.932605,8.48865,8.852383,5.406569,0.015058277,0.11799525993329467,4456.119459171011,3489.67991134367
3-102583-A-49.wav,hand_saw,-360.70035,118.011604,4.0646887,9.119359,-1.5956115,16.912317,-12.148541,13.962581,-5.745955,7.065909,-6.663547,8.822067,-4.446934,152.53166,42.01267,25.820385,8.818894,12.077666,7.4386954,13.402179,8.699671,9.042469,6.6363373,8.7724495,7.0297575,9.176322,0.023255803,0.095223906975058,3933.6777895552095,4561.757967347174
3-102583-B-49.wav,hand_saw,-328.14435,129.24254,-8.202172,3.0708876,-2.5938663,21.627407,-19.044285,12.547117,-7.5074506,5.322348,-12.370935,7.346944,-7.8822813,122.15474,25.524136,29.674726,10.331991,12.928836,8.194589,12.178376,8.715878,8.4557,8.605439,8.065327,8.063024,9.561321,0.023503888,0.07602799630220418,3451.1780517456623,4299.298912788029
3-102583-C-49.wav,hand_saw,-303.38528,129.73927,-9.9755535,-3.9137487,-8.939176,27.722605,-21.74168,14.14872,-6.6659226,10.34458,-10.519638,10.670969,-6.7484813,100.44573,26.028528,25.009834,8.858056,11.02451,6.9517336,9.610498,7.427565,7.7085276,7.0089445,8.105089,6.8816657,10.402634,0.025362125,0.08257051189095127,3637.37302205702,4424.947529739591
3-102908-A-4.wav,frog,-224.57285,113.761635,-87.425026,64.377335,1.7533231,2.233347,-2.7284565,15.923814,0.11746998,9.741935,-4.2970567,3.6763108,5.376526,45.41282,15.543837,34.68349,10.76521,15.957204,11.813045,7.145072,11.528217,7.5221624,8.462298,8.489918,5.9649687,9.108269,0.074302055,0.12686815726508122,3600.9684437498213,2594.5366624621197
3-103050-A-19.wav,thunderstorm,-480.08527,140.09471,82.25121,54.95542,29.75575,21.137486,14.94388,9.434683,5.6387587,4.090543,3.2161024,0.44406885,0.2940448,21.570885,25.545584,12.427832,5.6403947,5.313827,4.632296,4.798393,4.1074123,4.0187144,4.1255407,3.6575344,3.9527717,4.0188007,0.036418423,0.009969547563805104,1173.0143674736967,3174.8642093684975
3-103051-A-19.wav,thunderstorm,-485.67935,139.86665,61.565834,37.975063,5.651084,9.238667,4.3582487,11.176735,2.5400555,7.2205048,0.7904448,6.1661906,-0.41215122,38.852127,44.52498,21.901693,5.104549,10.889176,9.899981,6.025888,4.4093037,4.7487435,5.0525465,4.344644,4.064013,4.0233097,0.014028967,0.0139652969112529,2112.751535267012,4072.4447546556944
3-103051-B-19.wav,thunderstorm,-495.3727,121.3635,51.10738,41.129192,18.265287,14.84883,9.203179,7.4948983,3.3678238,6.389217,4.5319853,4.4259124,-0.31109634,46.50502,54.777424,30.45314,8.259282,7.52246,9.21637,6.488431,4.3888965,3.8485472,3.8760056,4.137598,4.312203,4.2226663,0.01994205,0.011351689385150812,2617.0526362615265,4288.656853627252
3-103051-C-19.wav,thunderstorm,-434.80212,182.17477,64.93703,22.707655,-0.7694166,6.492893,8.271874,4.331407,-0.4846163,2.9754353,4.276953,2.737145,-2.045897,23.00167,23.28165,9.655093,6.8358364,8.638457,8.864644,4.6033096,4.57545,4.174545,4.1689076,4.421226,3.8446546,3.8136294,0.026076147,0.015256806482018562,1237.8675130132758,3003.8813206508157
3-103401-A-33.wav,door_wood_creaks,-360.58774,123.91381,-47.98357,17.484768,-10.528981,16.576605,-5.230036,7.26549,-8.86162,-2.1665442,-5.080017,-2.6769211,-5.5445924,102.93755,36.646774,50.741966,17.340399,17.171766,10.994777,11.061413,7.3685036,7.8366976,7.7944016,5.7688417,5.865334,5.40634,0.021775343,0.08683475928074245,3400.99872582777,3504.057429138383
3-103401-B-33.wav,door_wood_creaks,-261.62872,170.82141,-94.47377,2.51104,-38.587208,9.246545,-17.064583,-0.9123377,-16.223108,-7.852499,-7.736361,-3.094372,-6.4744067,75.28296,31.018154,37.092766,13.9980345,15.035696,9.403084,8.604578,6.9974217,5.6949825,5.891526,4.8540645,5.038039,5.0582557,0.04594593,0.06850551950406032,2462.5100031595957,2340.2910398807953
3-103401-C-33.wav,door_wood_creaks,-224.58556,150.49356,-111.53492,4.201769,-54.80903,8.176947,-23.380169,3.5368702,-18.779432,-0.36639142,-11.852239,-2.1481073,-4.116433,52.898327,38.922775,24.531672,11.576479,15.245392,10.280797,9.085095,5.5218644,7.031426,5.843927,5.0075464,4.7297835,4.866248,0.050595514,0.08156109520011601,2905.7021242853775,2531.7944010774986
3-103401-D-33.wav,door_wood_creaks,-244.76465,126.2419,-93.39913,5.3012004,-47.850113,19.878307,-26.889229,5.4837837,-22.11663,-2.2140641,-15.03829,-1.1944897,-9.886193,114.167915,24.277683,40.44296,9.8748045,22.876457,9.105208,15.108193,7.585516,9.774752,6.6274285,7.361683,6.34974,7.400656,0.04826525,0.0835878589037123,3403.6118390050774,3217.628084919151
3-103597-A-25.wav,footsteps,-257.52713,80.524704,-27.756317,36.409267,-14.510526,21.44935,-6.5904098,14.064496,-3.0585053,11.493373,0.087934345,5.174495,0.7349164,137.97145,39.69453,15.528637,18.839592,9.690944,12.561891,7.575005,9.250407,4.9651346,7.237401,4.8227053,5.203986,4.100179,0.044166684,0.09055974477958237,3683.773723599838,3439.0062937864836
3-103598-A-25.wav,footsteps,-309.6437,98.3968,-49.16074,47.66679,-22.578913,34.78731,-13.721861,28.048815,-6.4416413,19.632744,-0.11354734,10.81035,5.558311,73.11248,15.542008,18.514786,11.328777,10.512337,9.17951,10.547679,8.007738,8.6815815,5.514475,7.208131,5.303351,5.0102077,0.0245356,0.07346990102958237,4046.328249063904,3998.5987554812223
3-103599-A-25.wav,footsteps,-305.90643,107.701256,-23.881744,24.186201,-9.6965065,26.048447,0.3853379,17.449594,-0.49305215,13.95394,7.085159,6.650128,7.8419046,64.97911,18.647444,17.26001,13.50188,14.944986,9.8377695,11.42731,7.6796985,9.1825285,6.1066513,6.5824914,5.3591137,5.660058,0.042237382,0.029876921403712297,2926.272992210687,3765.4097516653446
3-103599-B-25.wav,footsteps,-278.4476,109.4739,-36.995167,37.256744,-21.755814,35.134808,-9.1071615,23.378859,-7.6287365,16.13211,1.4694079,10.068446,6.053232,54.81147,25.901434,19.478388,16.416462,14.692934,9.876161,12.185985,8.345911,9.290382,7.307849,7.944676,6.0772734,6.447593,0.03998495,0.05090247063515081,3558.0836863249115,3907.6287365738635
3-104632-A-12.wav,crackling_fire,-508.3962,101.34594,-18.971277,13.322218,-23.800858,3.3310864,-30.459831,-3.3474789,-23.804096,-2.326021,-10.377832,9.369615,-7.531233,79.629456,39.903156,21.219805,15.249741,15.962053,14.35816,11.175167,10.727255,9.372257,9.745566,11.1499815,8.523444,8.869589,0.0034072874,0.08117477523201856,4369.210394581355,4338.06585922014
3-104761-A-7.wav,insects,-247.0059,98.44672,18.791885,37.27725,-0.19274959,21.58953,4.613022,28.544016,-8.3652,15.2254305,6.8678813,4.0425444,2.134188,18.707994,12.739972,11.064322,8.232149,7.9205437,6.543938,6.266246,5.6168413,5.8691244,4.9916186,5.346564,4.917353,4.9515157,0.06608168,0.03521402805974478,3761.8561575894787,4894.272195609021
3-104761-B-7.wav,insects,-238.15791,101.20824,7.6617923,45.50314,-11.41106,22.018366,-4.613125,39.34327,-20.517447,20.110178,1.8750212,4.7263937,-9.901173,30.829224,7.4521103,7.9026694,6.806229,8.1783285,8.177479,7.204626,5.7136326,5.9189143,5.2053537,7.391334,4.4350567,5.035852,0.048997454,0.06455735208816706,4279.083549969253,4952.359402659161
3-104958-A-12.wav,crackling_fire,-507.2139,22.818785,31.00863,15.706848,4.520115,14.062389,2.8092563,5.0696273,2.6210225,0.6461758,2.805105,4.6008506,-2.0072274,153.35442,29.329962,17.50833,10.48252,7.882063,7.791727,4.781774,5.231758,5.0916095,4.1889377,4.129635,4.352145,3.8743544,0.003987254,0.18129848825406034,8562.160996465116,5663.10846284444
3-105235-A-7.wav,insects,-311.69308,113.14212,-24.358297,53.92763,0.14785746,6.9806147,-7.432562,14.091931,-4.6847515,10.2979355,-10.229855,10.287051,-1.4382166,48.003742,30.452324,28.079203,25.759253,14.445029,11.913341,10.283967,7.4755516,7.136016,10.30666,7.065163,6.621343,7.633151,0.026879193,0.08247987964037123,3591.3088770755808,3786.199334613232
3-105236-A-7.wav,insects,-315.55374,108.97247,-24.852406,44.01158,-3.6259935,14.91952,-8.312626,22.713396,-8.201753,11.712668,-11.368072,9.103551,-5.249332,45.27619,12.546455,17.099964,12.984652,10.21104,8.928775,9.903413,6.3665175,6.9740233,5.8497047,5.934264,6.268608,5.937593,0.019553687,0.06668607707366589,3822.2388118679114,4257.674603830841
3-107123-A-26.wav,laughing,-425.451,72.99486,-28.754871,-11.62972,-9.718465,1.1798267,-6.3542128,-4.574582,3.192848,-3.933751,4.140457,12.890514,2.636117,122.52732,59.910904,35.582726,16.587744,15.342802,11.470601,14.721037,13.230211,7.0734787,12.337349,9.8856325,17.213526,20.155308,0.02655162,0.03612714798433875,1550.1709262264267,1701.506434385693
3-107219-A-1.wav,rooster,-508.41394,18.588589,-39.289597,6.855759,-2.1039312,-0.5908097,-12.464743,-6.416805,1.7045839,8.435326,12.548829,7.445347,4.6272073,145.15504,29.633324,58.74954,17.013653,14.57817,7.8547273,20.901102,15.078339,9.495067,15.271331,28.759472,15.726436,9.067373,0.028245455,0.033959904292343385,1057.7786692598,760.762486878429
3-108160-A-23.wav,breathing,-332.77435,134.46944,-42.40325,14.251677,-20.73032,30.97061,-9.672841,11.8930025,-8.437299,8.461536,10.821962,16.146313,-6.4342747,79.92964,31.899189,20.417936,11.713372,14.0771475,6.956469,12.045314,7.2248707,7.0354795,5.9193616,6.085169,5.6316833,5.833512,0.017386058,0.07725039878190255,2966.9877425608206,3307.695325545746
3-108451-A-17.wav,pouring_water,-339.8199,72.99166,-78.56199,32.86537,-16.227627,8.008113,-17.425282,5.1215067,-3.8327694,17.106495,0.28373685,12.842037,2.2551444,133.50896,23.814022,48.954933,22.807766,23.552618,11.235221,16.38817,11.53571,12.166741,14.125517,10.985196,9.573306,10.116042,0.023636479,0.13779953958816704,4536.555141399765,3535.179639669751
3-108451-B-17.wav,pouring_water,-337.41052,29.652527,-74.74452,51.258663,-20.045008,15.6626625,-18.605122,1.5020962,-4.824002,16.452856,-2.5953531,18.039803,5.9379673,110.228546,29.768814,49.229874,21.08852,18.535065,11.812153,13.02562,11.624431,11.980692,12.921763,10.521743,10.851456,10.433133,0.026947118,0.19426909621519722,5924.855800558284,3468.6091094669555
3-108677-A-18.wav,toilet_flush,-314.35956,89.31898,-26.145607,29.19279,-18.870354,22.992605,-12.485248,9.231547,-11.246623,10.1294365,-9.063174,6.5300446,-5.0592904,180.8772,20.497868,36.813633,10.362483,22.267012,8.374255,16.699501,7.1746497,13.789266,7.2392964,10.74755,6.5843234,9.492278,0.025329564,0.10842902588457076,4648.893703503913,4604.069845326343
3-108791-A-18.wav,toilet_flush,-231.09595,102.356384,-17.064106,37.054546,-1.4761932,23.031803,-11.135336,11.088169,-10.821995,2.5261571,-18.375372,-0.8035056,-6.905062,151.87282,23.17143,36.018757,14.154994,11.675347,13.212385,16.921072,7.347958,14.693472,8.969389,13.666367,6.5967145,10.913607,0.07384514,0.07923864377900232,3692.4618987361164,4099.075050142686
3-110536-A-26.wav,laughing,-581.90924,29.414204,-3.1619627,-0.6298513,-1.555457,2.0487874,2.077443,3.5708992,2.090479,0.719477,3.9331863,3.5598984,-1.7363392,107.52531,54.63863,23.913425,6.1852555,10.318694,6.9129133,7.4300513,6.9110274,4.8570585,6.6924925,7.666791,6.994707,4.666548,0.0075877085,0.011978184817285383,583.3637634597555,822.5092289831229
3-110913-A-7.wav,insects,-238.1529,122.158936,3.574478,27.245518,0.32185635,31.386795,-2.0763462,21.426435,-10.015795,13.356812,-8.699621,12.267897,-7.1154914,47.615776,10.217626,15.183821,10.662198,8.874816,6.6833134,8.281355,6.134804,7.3991075,4.8219953,5.217323,5.095137,4.9005213,0.057183914,0.03964028059744779,3204.96390749242,4573.573833589594
3-110913-B-7.wav,insects,-258.55106,126.382286,4.6300573,30.177794,0.7907008,34.182972,-1.2403083,22.625147,-9.536017,16.91389,-8.463673,16.036743,-4.914707,33.63294,12.128332,13.1014805,9.761775,7.3483667,5.8642225,6.1619654,5.3869257,6.383064,4.5408115,5.4247365,5.0678606,5.12501,0.05268926,0.0336982036687935,2986.1409408550167,4488.533107369792
3-110913-C-7.wav,insects,-234.93387,122.84726,0.22226766,26.365793,-4.229044,30.687944,-4.9142866,21.769304,-11.728064,16.626606,-8.626862,15.538777,-5.0595126,38.015766,10.914852,9.068501,8.555739,7.928114,5.831549,7.09747,6.486188,6.879894,4.77785,5.489422,5.214875,5.047196,0.056727428,0.04070067792923434,3370.3175780350716,4649.621569943734
3-110913-D-7.wav,insects,-194.22404,123.08881,-9.605365,15.465866,-6.7542224,31.295454,-5.3118124,19.696684,-14.427586,13.736332,-10.654023,15.739366,-5.803115,33.71191,10.029332,10.408777,8.331224,8.013347,7.237663,6.2096267,6.219517,5.7757936,4.814237,5.871575,4.8114505,5.11133,0.06612128,0.05359084976798144,3514.316053559742,4636.953373549731
3-111102-A-46.wav,church_bells,-239.21954,240.7463,-34.8237,-30.260935,-2.308445,-8.99267,-5.832176,0.26099646,-4.358691,-8.225566,-2.3444118,-3.8445096,-5.851786,24.173683,21.201172,14.451318,15.004476,10.539886,10.233074,6.273042,7.4389052,5.7625813,5.02999,4.7296615,5.14249,5.2018538,0.09828591,0.04443359375,1267.3889877179745,1391.0863478115868
3-111102-B-46.wav,church_bells,-196.71753,224.70909,-35.858215,-22.070816,-20.798899,-11.092887,-0.49687588,-6.830414,-2.956929,-10.205791,-3.5278907,-1.5533713,-4.6422486,17.791504,12.217127,8.540705,8.958789,5.8601294,5.3538675,5.7590013,5.654859,4.705724,4.567505,4.285664,4.5173893,4.5803704,0.13659991,0.04314321708236659,1295.2252919548168,1440.4473443705037
3-112356-A-18.wav,toilet_flush,-79.35434,111.2999,-34.31269,25.541645,-14.997969,12.273909,0.24017738,15.678749,-8.211824,4.9993997,-6.0045795,7.6680403,-10.76698,92.043,24.03129,21.041136,12.775524,13.243869,8.278984,9.830617,7.9556527,10.72972,6.954176,7.4678893,7.066304,7.3384724,0.18463348,0.08553531938805105,3653.9643425085915,3962.422934785576
3-112397-A-9.wav,crow,-282.62912,197.27753,-18.943592,-7.0250354,8.207907,29.365122,26.241585,13.90868,-2.2904067,6.1224103,3.6126664,9.439248,2.2545872,24.885117,10.609986,21.040192,10.669035,8.079113,9.161105,6.8625154,6.1549377,6.4895873,5.601043,5.3766136,4.8964844,4.843489,0.067419566,0.02693250616299304,1231.8276893898392,2068.418705822451
3-112522-A-27.wav,brushing_teeth,-334.4906,81.34364,-58.87345,44.42246,-32.01526,29.186224,-14.224864,42.3368,3.5251489,16.729128,-12.03099,8.752463,-9.716769,36.10325,14.819975,16.118534,10.118631,11.575987,8.253549,8.969907,9.442346,9.470842,7.4280725,6.6082397,5.8705306,5.7902045,0.009276018,0.16144775957076565,4962.097504280283,4015.0354837129853
3-112557-A-23.wav,breathing,-338.92816,96.18045,-45.598934,19.038677,-0.23624457,12.625367,-7.9302335,5.437892,-14.107935,-3.8533735,2.8299046,10.129262,-2.0585089,128.11165,24.015419,31.830011,13.026757,15.133766,6.222267,12.93456,6.895765,9.8369255,6.965228,6.8579936,10.363799,5.625054,0.018699696,0.11736196708236658,4097.435292302632,3987.470190547211
3-112557-B-23.wav,breathing,-698.1147,45.544746,-21.23601,10.935692,-2.53212,9.003758,-4.090027,3.887772,-6.375998,3.306443,-1.3447745,7.8551188,-4.4743576,267.31046,53.64541,32.093422,14.377205,10.540811,10.949974,8.894226,6.2714233,8.76821,5.811988,4.5968776,9.526598,6.4732723,0.003090707,0.05428758519431554,1955.570106584844,1884.0291955612968
3-115382-A-44.wav,engine,-172.84102,163.78267,-7.9852834,74.576096,23.931067,29.951553,9.117422,-11.465921,-7.07055,6.3421164,15.269658,-5.4428463,2.6246629,79.78213,27.997215,21.005932,14.710501,16.252605,9.06125,8.228891,6.4254804,6.023365,6.898378,6.1703844,5.68411,6.4143987,0.32461432,0.012756489269141531,1215.659129308559,2233.598050568246
3-115387-A-47.wav,airplane,-325.91922,262.39084,4.0542507,-28.28876,18.103807,-1.2718079,-5.171874,12.393258,-2.9326522,-11.995461,-1.918234,-7.6464367,-10.580897,13.935094,12.807266,7.0509424,7.499693,7.192801,6.195344,5.006293,6.609066,5.4824142,5.2740674,5.1369767,5.0098248,5.1288767,0.086919665,0.017016205046403714,722.9743716018611,842.1688658081572
3-115387-B-47.wav,airplane,-160.67122,263.18863,-24.38347,-17.210787,25.12321,6.029366,-11.598412,2.2448184,2.6742587,-8.592098,-9.257463,-12.68373,-16.251207,34.789448,13.988422,13.614162,16.881334,12.4957695,7.5915785,9.349029,7.6509123,6.6383643,7.1218247,5.8497925,5.999397,6.245044,0.3712712,0.02009770156612529,915.9895657382473,1203.2913888828116
3-115387-C-47.wav,airplane,-294.93845,247.60034,12.308395,-25.05634,25.648605,14.557991,-3.772258,4.6834006,0.3508698,-3.4705536,3.9120817,-4.304797,-15.232258,12.11805,10.797021,7.32314,8.07543,7.7584667,7.7440305,6.249352,6.477897,6.388299,5.5471826,5.489818,5.388086,5.362704,0.12055829,0.014547609121229698,653.2650006544063,805.1911460503578
3-116135-A-1.wav,rooster,-512.7697,23.460419,-32.261044,-31.746054,-14.716474,20.693123,-9.952148,-12.809738,-12.343107,13.524036,27.996635,13.266934,0.74824303,85.0388,28.652653,33.660423,42.718422,28.158062,32.52462,18.52669,22.192009,16.77012,25.604223,31.815605,19.296038,14.619662,0.04494283,0.10973413029292343,3489.2010992939095,3229.129505504195
3-117293-A-9.wav,crow,-343.464,110.860085,-16.884817,19.389488,-0.8618301,7.5031214,21.856634,6.8231635,-0.15034488,-3.547784,2.4727366,9.995257,7.909313,53.548985,12.304001,38.395977,11.163261,17.646992,17.709442,21.188007,8.539106,12.986368,7.2134957,7.5220594,6.857892,7.721969,0.037096806,0.07368515262470998,2902.047583174708,3273.425563822298
3-117504-A-16.wav,wind,-256.5367,198.22762,-35.414494,25.787663,-33.51413,15.520144,-13.715918,0.9042929,-3.6564581,-2.8585117,-6.701027,7.630621,1.4248123,4.649008,4.85693,3.9853022,4.080421,3.9908955,3.5967464,3.7299988,3.64551,3.4804602,3.6853638,3.4040356,3.4190404,3.4168088,0.048927102,0.032587958599187936,1621.2599233821454,2331.5222288160558
3-117504-B-16.wav,wind,-284.7232,206.66425,-32.267944,23.458393,-31.70773,15.015227,-15.746054,0.96796924,-8.056061,-3.9695392,-9.6199465,7.7341843,-0.6051174,12.344912,5.289307,6.7058325,4.482958,5.196252,4.060686,3.5264132,3.4105132,3.6766675,3.4814062,3.3489614,3.3773334,3.5546138,0.039594717,0.03156381416763341,1504.6229351361594,2214.550749986301
3-117793-A-37.wav,clock_alarm,-733.473,31.64463,-14.490479,6.3027315,-5.921338,-9.550811,-11.749835,3.468076,4.085402,3.023007,-0.98028165,2.0839994,3.1810393,162.17995,51.16805,32.3425,10.761692,15.746465,21.32968,21.947987,8.130957,13.884251,7.3768926,2.8632047,4.3856363,6.432233,0.0041039526,0.031742812862529,1140.0632614763233,1010.2634024242582
3-117883-A-37.wav,clock_alarm,-366.4713,94.39511,-70.22761,32.442715,-10.833423,2.3309927,-18.933912,17.86592,27.22767,30.078115,40.56547,32.364998,0.06999228,108.46661,23.888378,38.627037,10.807004,26.269827,5.410085,12.467697,5.0206666,7.840837,8.060402,8.572424,6.9464974,6.5976553,0.051182438,0.1086941252175174,2948.539219099295,2725.030464346378
3-118059-A-18.wav,toilet_flush,-151.19426,94.87297,-21.746315,25.024174,-8.271968,18.261074,-5.5992365,14.331857,-3.6983745,10.249944,-7.056331,3.5884883,-7.2869167,181.08478,29.404364,40.311966,11.52188,18.868505,9.49333,12.365233,7.8974357,12.888402,6.6743555,11.214814,7.7845283,10.769237,0.13533838,0.09012017836426914,3578.0089787041884,3919.654715029957
3-118069-A-27.wav,brushing_teeth,-310.26718,74.17133,-27.653437,37.355473,-15.70266,24.12452,-0.2797254,23.126568,-5.5152173,14.286325,-4.0620456,15.632355,-2.9671872,31.523117,11.641163,16.843174,9.1731825,9.095393,8.484835,8.328882,9.408532,7.314422,9.926502,8.783259,9.040419,8.306604,0.029015115,0.04874655597447796,4374.9851995249155,4614.6645146650535
3-118069-B-27.wav,brushing_teeth,-354.9259,61.716743,-17.926786,38.427204,-25.648895,16.147806,-2.563626,24.411472,-0.20538577,19.33002,-3.661465,10.043495,-2.9127438,120.36333,22.33207,11.780127,16.508898,15.966901,8.490929,8.732116,10.568742,6.236163,8.480543,7.5736876,9.396511,5.948824,0.015145029,0.08100937137470998,4845.185770574213,4364.6040615806405
3-118194-A-33.wav,door_wood_creaks,-375.6324,129.77197,-69.57152,44.397972,-23.217262,15.131607,-9.743465,7.4679694,-7.300405,5.326494,3.9347632,7.1851134,-0.14386907,107.52747,19.722351,64.80656,19.29547,18.744854,8.337524,10.663053,7.020834,7.2963467,9.2071,5.28446,5.708093,5.3760557,0.012353895,0.08880034621519721,3325.102449742091,3215.549555191335
3-118487-A-26.wav,laughing,-323.90015,91.20349,-23.721298,3.489326,-13.458694,-2.083052,-4.9039197,-10.987601,-6.597372,-6.8078556,-0.82656664,6.362829,1.1285373,120.056206,33.838676,44.463104,19.325827,29.464008,13.177933,14.242833,16.0355,15.180071,14.7135515,8.327457,10.365311,9.552023,0.07000029,0.10268294119779582,3929.7608833946656,3844.6243280360545
3-118656-A-41.wav,chainsaw,-165.4843,140.72406,-46.146744,41.64461,-7.613068,26.360033,3.6295586,15.90055,-12.551524,15.3095455,6.7185245,14.232195,8.830043,57.136654,11.710254,12.34532,13.285236,9.699918,8.052849,6.5980973,11.248102,4.719059,5.7141614,5.8580365,5.2489476,9.225246,0.1174655,0.04038459795533643,2663.6950084361597,3152.614282476377
3-118657-A-41.wav,chainsaw,-213.22212,155.0739,-51.46277,29.972706,-17.08595,27.620752,24.182465,11.953774,-12.145483,19.300264,5.7586803,4.751136,3.6504269,70.110016,12.435831,17.46441,8.928569,18.370617,8.436094,9.708218,11.025701,7.1018944,6.416974,8.254137,8.129982,5.7241163,0.067311995,0.05763418104698376,2471.5129885855476,2796.064606032316
3-118657-B-41.wav,chainsaw,-137.6606,116.62663,-55.04291,69.338295,-10.648169,34.82512,21.970322,28.457943,-14.304176,17.383364,-1.8192031,-2.3529835,-5.9463716,75.27495,11.150715,14.458923,10.6107025,17.722374,7.172068,10.081185,10.04586,4.9661317,5.9672413,6.9263425,4.524479,5.534738,0.19446519,0.04509067756670534,3284.998014136537,3266.4211254956704
3-118658-A-41.wav,chainsaw,-176.68692,146.31915,-54.693947,35.06934,-8.722271,34.566357,-1.2788947,25.744083,-14.205989,21.808975,-4.2145762,2.6103973,-5.9527717,106.07562,23.7639,21.173689,10.697203,16.19644,7.338486,11.098581,8.884259,11.232977,6.9222355,8.048401,5.756386,7.287089,0.10375658,0.05715156431264501,2719.075750957527,3207.270510695112
3-118658-B-41.wav,chainsaw,-95.21303,130.34154,-53.9593,38.669556,-27.529501,36.933987,-6.718788,27.568754,-3.9215612,15.483894,-4.562864,4.3542595,-5.4368725,36.33603,9.337521,8.5836935,7.2617145,6.649265,4.0811706,5.9330244,5.119107,3.8227506,3.7434323,5.22627,4.327944,3.9687324,0.22479868,0.04612954973897912,3160.5910729073084,3520.863519053315
3-118972-A-41.wav,chainsaw,-37.534527,92.066345,-40.83346,32.451694,-23.574608,8.573825,-24.54393,1.1753541,-13.664248,4.1467967,-18.74007,8.861465,-8.230614,134.91608,19.177988,13.883828,8.875632,8.270365,6.913698,6.9216676,6.0336914,5.8670144,4.9234486,5.719558,7.0469174,6.0772085,0.22727334,0.13599595780162413,4682.1914317280425,4237.98975051007
3-118972-B-41.wav,chainsaw,-39.300205,96.249825,-45.583916,37.121414,-27.443443,9.030662,-23.193035,4.4440928,-14.013325,4.951515,-16.906134,5.771763,-10.21832,123.10323,20.986496,14.100407,6.949038,9.235077,6.931587,9.694254,7.074937,8.140161,5.4918704,6.911598,9.047937,6.967045,0.2388232,0.14250561919953597,4576.0195587834805,4008.4516776175997
3-119120-A-48.wav,fireworks,-535.6912,92.53995,40.303368,25.876057,18.019358,13.115597,7.975441,6.4332356,7.020714,8.498475,8.099239,6.6400394,4.5859795,85.750824,47.19093,19.499308,9.050842,7.0278482,4.9703817,5.022652,4.904423,4.7770696,4.554624,5.239489,4.605014,4.995432,0.010482941,0.011100184889791182,1329.216400733688,3008.283164938956
3-119120-B-48.wav,fireworks,-577.02234,74.99408,28.181282,20.352455,16.657986,8.669711,5.070403,3.4506304,2.5466766,3.9701521,5.2666173,5.045984,4.377278,79.318756,48.70554,17.462845,10.600614,6.309094,7.5556903,5.049649,5.8685627,5.5668044,4.862273,4.2302427,3.9410856,3.7812428,0.003282869,0.019112075841067284,2115.842609690246,3938.9461298841334
3-119120-C-48.wav,fireworks,-455.3512,80.16798,41.41279,29.727535,20.487606,14.187149,8.601195,6.59738,6.8288755,8.308854,8.07217,6.5084743,5.137147,76.7794,38.504498,15.937316,6.8758965,7.105197,4.8276286,4.316236,4.338203,4.2764792,4.3322067,4.67527,4.5449457,4.491462,0.017824186,0.009383836644431555,958.0273547612326,2381.634133743192
3-119120-D-48.wav,fireworks,-452.928,111.872734,-0.27762556,-3.7466857,10.2381525,11.777485,9.036973,-6.453586,-9.935823,5.646113,10.920659,5.651499,1.4593767,65.55726,37.408455,17.24124,16.036917,10.622375,11.3177395,10.091516,8.534134,7.814836,6.5393934,5.833839,7.00156,5.34785,0.0093246335,0.05606171149941996,1920.3554166333197,2374.0034007438226
3-119120-E-48.wav,fireworks,-359.03943,174.96346,7.626109,9.381913,8.368036,0.9670155,2.6508121,-3.7136734,-4.054813,-1.2280353,0.48749492,1.077751,0.5013923,78.91083,35.57942,18.75953,13.425943,10.37039,11.23356,6.689092,7.5263605,6.6025305,8.33496,7.3299913,6.0024214,5.2097635,0.033811398,0.027199871302204175,1211.5401473174431,1839.4989420711854
3-119455-A-44.wav,engine,-146.04814,113.71783,-18.121565,49.68889,-28.766062,10.182266,-12.489378,18.932787,-2.8673024,16.937592,-10.014421,12.168474,1.6728864,16.811197,12.557484,9.914328,7.834257,6.462704,5.7605166,5.1960034,4.4029245,4.9686284,5.2483306,4.737335,5.0694313,6.2806315,0.08814983,0.0792941560324826,3839.296956607526,4184.83143805645
3-119459-A-26.wav,laughing,-500.77072,99.85708,-21.875984,-11.1724615,-7.6499996,3.3510149,-0.91729087,21.542976,17.602386,2.3688033,-7.1475754,7.688581,7.824511,161.37198,54.628757,33.37096,20.123425,18.286936,13.620859,18.302462,13.115573,15.71194,10.170072,12.53879,10.894042,11.22384,0.012915372,0.03855156068735499,2180.056436097581,3025.9918148696947
3-120526-A-37.wav,clock_alarm,-556.078,44.948616,-4.3230577,33.21064,11.663618,25.195152,4.010004,13.762366,4.5955806,17.206385,9.001948,2.3074877,-22.079058,73.64584,24.704418,45.152145,8.729089,13.119392,9.677364,7.594051,6.179171,5.0801616,9.26085,11.541877,6.385505,24.146858,0.024425874,0.14345272621809746,5642.313521365497,4688.126311803725
3-120526-B-37.wav,clock_alarm,-469.3718,50.758484,-31.347225,21.742813,16.642937,14.155431,10.38593,8.370556,5.9478803,10.904784,16.520393,-2.2264,-23.032207,95.81731,25.90358,66.71954,7.432494,16.098608,6.33489,7.16081,7.2983,6.140922,5.8617635,12.330171,6.264274,21.885927,0.11338023,0.1357353900812065,4847.746104585187,3988.4334710553862
3-120644-A-12.wav,crackling_fire,-423.2686,70.58956,13.842525,59.45937,6.099014,43.44884,3.8805568,29.618425,6.6442065,21.168526,8.568579,14.705725,6.1379766,41.624683,24.748909,12.755908,10.606306,9.064306,8.983459,7.5000296,6.8311377,6.1933374,6.7077255,6.072754,5.606526,5.3007836,0.020327458,0.03495346033932715,3581.385241396081,4614.654357316523
3-121348-A-9.wav,crow,-657.1604,48.20195,-39.945385,-0.79121166,-13.238268,12.902705,-0.062461745,-1.754481,-5.2045946,-0.7496089,-2.3557615,5.5494637,0.24995482,216.69128,62.551533,54.94481,8.605418,20.459562,17.066523,6.266659,4.4276237,7.651429,2.8434575,4.429425,7.640249,2.7446523,0.005565441,0.034167225565545245,1168.740446055276,1036.8585293995475
3-122110-A-46.wav,church_bells,-254.23985,264.74515,-29.847923,-22.110083,23.452467,4.564911,7.431824,4.026493,-8.967666,-11.212937,-14.493739,-14.335716,-13.342176,21.97984,10.925027,16.178041,10.895052,8.052464,6.0480785,6.172339,6.3319054,5.750882,5.7540765,6.1066556,5.4895825,5.43259,0.14477202,0.028057478973317864,942.5502973873239,1158.458348586734
3-123086-A-28.wav,snoring,-389.56424,82.40085,-2.7833347,44.925247,-10.332555,39.940304,1.9948002,22.09251,-2.1660311,16.143028,-9.0211315,27.152647,6.701072,107.99713,14.477464,27.139156,11.016505,17.87464,7.757114,8.989159,5.5744452,9.536577,6.2643685,11.883799,10.715315,5.2314076,0.01390367,0.09487837151972157,4341.2377273323755,4784.942346286377
3-123224-A-19.wav,thunderstorm,-295.66687,196.74345,11.368741,23.447834,-10.978834,3.2955432,8.281813,4.609504,1.1656549,0.41314882,1.958534,-0.44794777,5.3552265,41.005764,41.750694,18.336866,7.781905,5.9138584,5.383516,4.707999,5.86222,4.7210555,4.208405,4.009838,4.196664,4.1441402,0.07121824,0.028972864704176333,1368.257016261818,2118.281420972458
3-124376-A-3.wav,cow,-261.01926,174.68674,-38.349796,16.606745,-3.2031744,0.6565021,3.5201743,-6.4205337,-3.7392225,-4.1017814,-4.5662766,-9.544303,-12.407992,27.396063,21.636929,12.730699,11.964147,11.449944,7.283065,7.2153525,6.1833262,4.932442,5.838747,5.4273033,5.622007,6.5382304,0.057629578,0.04406879894141531,1838.069212967981,2246.4770085282107
3-124376-B-3.wav,cow,-203.65952,176.78282,-29.11544,8.436844,1.0820049,1.5263242,5.0200524,-9.449983,-6.830249,-5.1436577,-12.416249,-13.439279,-8.96073,49.19195,31.412344,11.4921,12.928568,12.625274,8.332279,7.21354,7.735293,6.6622214,7.5695696,6.469571,6.031587,7.6236763,0.13798863,0.037607852378190254,1662.8322864813772,2104.501278675747
3-124600-A-19.wav,thunderstorm,-378.40836,141.00143,30.709518,25.752485,29.155005,13.87389,13.069342,12.522929,10.637393,10.386721,7.489709,5.8339276,5.5997815,28.88073,33.39139,19.727345,10.533277,7.4883676,6.0333,6.0815754,5.4972515,4.7784443,4.289245,3.9638774,4.2791276,4.243906,0.075117365,0.01637045026102088,1112.314428596106,2088.3448278795454
3-124795-A-28.wav,snoring,-708.6775,90.06341,-23.464737,19.249918,11.824064,15.375289,10.300756,16.574709,-0.1959887,9.639635,9.704639,-11.394068,0.1513707,189.70251,84.51735,25.115519,18.78978,12.292441,15.982698,11.292485,16.340982,5.1270356,10.562875,9.74955,11.3628435,4.350431,0.003029145,0.010437436557424594,957.5506009695638,1452.3135016869712
3-124925-A-9.wav,crow,-610.3899,24.290373,-15.525643,-1.8551025,-0.23075625,8.750813,-1.2028916,-1.3429674,3.0577126,2.9644847,-0.7761143,3.1052995,0.51605946,150.48802,53.463352,36.713432,8.883241,9.975618,19.399546,7.294871,3.7086048,7.417229,6.7002206,3.034997,7.340644,2.3281999,0.008365292,0.015165041328306265,475.86933213851376,442.8156018923924
3-124958-A-28.wav,snoring,-307.1376,96.69426,1.2712817,37.6215,-0.11318389,20.23491,5.216157,13.16161,4.2863593,13.441147,4.0068445,8.123748,-0.5482752,40.016838,14.395584,8.644214,13.178448,5.7510633,4.3796825,5.027407,4.395002,4.3066125,5.808703,5.0410204,4.172267,4.3509655,0.03295243,0.04394417959686775,3733.8194085364976,4659.101417496034
3-125418-A-24.wav,coughing,-511.55118,100.31678,8.43542,10.43126,-3.1519644,1.4608566,-3.0570204,-2.8025584,10.466463,1.3716644,0.71303594,1.7047563,-6.223685,135.05666,79.78583,31.867638,14.857737,11.040513,6.4033537,10.246368,11.272142,10.22494,7.7631464,10.401401,9.276953,10.927793,0.012003675,0.02028916219547564,1045.226136033148,1654.5249265409184
3-125548-A-32.wav,keyboard_typing,-456.76117,137.62622,-83.75062,18.188686,-28.093952,14.653638,-1.3053294,-1.2350533,0.00189386,11.418506,13.296261,0.9028092,-9.1434,73.05951,17.875301,27.702232,14.691703,17.308702,11.4439,11.385336,9.341014,7.413513,7.3860745,7.2763925,6.9061284,7.087752,0.005215531,0.0871043902262181,3155.561360134231,2963.456863867314
3-126113-A-26.wav,laughing,-388.9741,188.12685,18.23852,-18.381994,0.9416753,-17.111506,-35.7353,-24.422731,-0.9859959,7.8941,-5.2984695,-9.644126,2.132135,82.25597,53.825756,25.278732,18.739538,5.6747923,8.343699,10.431922,7.7647457,6.788071,6.689029,8.816079,8.254702,4.6464963,0.040335596,0.03179719221287703,1068.7924842777095,1375.2377028415563
3-126358-A-3.wav,cow,-186.65523,209.6879,-46.598362,-5.099434,-20.933502,14.74539,-3.9933417,12.831529,6.8109603,-1.3354725,4.2429295,-3.8570192,2.3703935,40.755985,16.928728,21.859638,7.3772664,8.640138,9.451162,7.10852,8.787497,7.4820333,5.2704787,7.085469,5.7192893,7.742213,0.14750925,0.03929021352958237,1472.504032592989,1874.949923510706
3-126358-B-3.wav,cow,-286.49228,191.94345,5.8705506,-9.679845,4.560889,11.025824,3.4897292,9.139081,13.420235,8.149805,7.1793084,-2.0584352,0.60658354,25.549677,16.958397,10.939309,12.336296,14.2186575,9.980558,7.831948,6.2815557,6.430241,7.289419,5.051346,7.2877254,7.525062,0.0811008,0.0214866408062645,1149.405552942996,2097.3133093092215
3-126391-A-27.wav,brushing_teeth,-278.82846,80.690094,-51.55667,18.08711,-21.834358,20.979063,-21.949305,30.668657,7.032299,13.98842,-16.946442,18.250679,-7.9397717,38.026493,17.988005,15.881497,15.906492,14.3983345,12.97647,11.050748,9.495165,8.641826,9.387376,7.721285,6.933378,6.491833,0.018592637,0.1461637634135731,4872.22202578855,4341.316330146918
3-126391-B-27.wav,brushing_teeth,-296.31137,103.5461,-37.242855,11.2193365,-24.992224,14.7539015,-24.449041,18.849775,2.6502671,13.822556,-6.126799,15.729018,-4.2652936,43.870716,14.697194,19.147186,11.789661,14.544788,8.510853,10.140056,10.562014,9.940209,8.683275,8.851241,9.5321865,8.303056,0.017459411,0.10248694895591648,4156.379055573591,4282.788293384207
3-127874-A-17.wav,pouring_water,-433.9702,27.496313,-2.676009,-4.3221974,-21.77615,9.606332,-14.923039,-0.3564129,-14.961513,5.6346397,-7.7756367,5.217487,-3.7400365,211.05609,53.727108,25.697664,20.47849,22.407608,14.256679,15.052052,8.771268,13.172402,9.20375,9.4909525,8.537231,8.516058,0.014385334,0.13598576167343387,5221.3301276852835,3399.8793254169505
3-127890-A-9.wav,crow,-185.57005,173.76295,-101.579865,-1.7498791,-9.293408,46.0959,19.601862,-0.25582242,8.389496,15.301162,1.1575199,13.166235,4.310482,56.13517,13.529018,29.67751,10.500751,16.459036,10.943638,6.605512,8.32757,6.58018,7.078892,6.0098763,5.5334296,6.567748,0.1413,0.07556463892111369,2160.4905466675764,1935.6873268283068
3-127890-B-9.wav,crow,-186.46043,182.28151,-97.89708,-1.7149525,-12.644602,40.101665,18.115747,0.5332459,9.805512,14.334632,-2.8482506,15.915694,7.5655046,49.428925,9.945011,24.760094,9.7367325,20.204287,8.502921,6.2785735,8.110287,7.4721155,5.762398,6.4384527,5.249173,6.224769,0.113533884,0.0747183602813225,2146.9489034625394,1958.7690085961997
3-127890-C-9.wav,crow,-215.011,182.06674,-87.98094,-3.7354932,-12.596775,40.544254,17.953104,-0.14757735,4.261914,15.990118,-4.682435,16.612104,11.405704,56.233036,11.816219,30.077522,15.384143,19.125069,7.9381914,6.426152,7.857307,6.522598,6.55901,5.126463,5.440035,5.5961375,0.087046765,0.07004400195765662,2122.33350157803,2059.912597352334
3-128160-A-44.wav,engine,-292.17572,164.26146,-84.68736,48.43453,-42.461483,28.045652,-2.175209,17.863327,0.261897,15.952763,-12.020356,0.0934273,-2.5529444,14.891024,8.594226,5.526249,5.896321,4.8882203,4.808746,4.4944353,5.412569,4.6013823,5.3028517,4.493476,4.05059,8.5000725,0.018481357,0.08550473100348027,2943.3634789247403,2780.4313079707845
3-128512-A-47.wav,airplane,-353.83395,173.01848,16.187557,56.18557,-14.138473,26.870935,-0.20789254,17.048183,2.1292562,7.3343563,0.014295326,5.3210835,1.18641,13.135871,13.906579,6.6074557,9.206689,8.590336,5.7420416,4.997559,5.3279533,4.489072,4.6869206,4.8674374,4.7251973,4.130736,0.037346106,0.013572179524361948,1292.4127139983223,2638.828619927176
3-128512-B-47.wav,airplane,-257.29492,200.69142,12.833386,2.1413493,6.923112,21.74506,16.85771,2.5808725,8.987376,2.5274498,3.574365,7.20715,5.1671133,7.4319215,5.9768786,3.7348728,4.7782326,4.0853496,4.0240893,4.0463996,3.8469422,3.8479276,3.8307238,3.7901447,3.632376,3.9885702,0.18589245,0.007436376160092808,701.0283211079632,1570.5235414127505
3-129264-A-9.wav,crow,-326.21954,165.44116,-50.820168,8.144179,-11.621667,16.205494,-14.465726,-4.2514877,-5.562372,5.736769,-11.278201,-9.387743,-7.8748846,194.02432,84.432304,32.743717,10.257277,10.296962,13.854125,8.4248495,9.347219,7.0119066,5.7582197,7.8619833,6.5935364,6.5635285,0.055210907,0.042586961644431556,1419.078139591911,1593.859845877312
3-129338-A-13.wav,crickets,-327.4757,84.6893,-47.216385,58.141323,-26.303228,9.889134,-12.299188,28.946268,-18.927212,4.342441,-3.9314187,7.484399,-25.091208,13.523774,12.49069,5.4828334,6.157004,4.5107102,6.966958,5.8188057,4.571865,4.954208,5.759516,5.4351726,5.3658576,5.696206,0.009557193,0.17034218206206497,5027.30914507745,3797.464545116302
3-129678-A-13.wav,crickets,-312.70425,104.75274,-56.51977,123.359695,-22.634527,-11.853939,17.005886,30.586527,5.516036,0.9889943,-21.087406,41.78457,-10.839853,7.447375,6.682095,6.1689987,4.9623876,5.7490473,4.945889,6.0495596,5.5675097,5.7430253,4.7061663,5.926487,5.8781705,4.437757,0.038939033,0.2159392673288863,4703.715149862389,2520.899708214337
3-130330-A-22.wav,clapping,-234.43488,51.610542,-46.947983,13.4784,-22.553028,-2.3237927,-6.1633534,-4.842569,-1.2556998,2.2744193,-1.1761663,-8.668,-4.0988803,258.5832,46.110954,45.28757,19.713945,26.342283,11.091284,9.686392,8.903362,7.785452,8.415661,6.8583603,9.777322,6.072386,0.1844215,0.15452798723897912,4491.356490923198,3184.2206571824177
3-130998-A-28.wav,snoring,-278.96744,92.97974,3.5145516,52.032574,-9.22588,38.18045,-4.7475524,20.491196,-6.9795547,16.537697,2.2814388,6.823942,9.231402,33.13382,11.753993,7.578438,8.899646,7.3174605,8.693678,5.9699407,5.459939,7.387518,5.8018193,5.6933374,5.3035192,4.7823014,0.05175306,0.06438968242459396,4016.6090694561617,4519.330907747977
3-130998-B-28.wav,snoring,-239.36583,103.56096,6.7533083,45.43595,6.087098,33.8636,2.3664057,16.462603,1.7529801,9.575999,2.0478904,5.9975295,11.669838,42.69505,20.687727,10.604807,11.55409,9.366221,12.167697,11.517877,5.9784083,11.421238,5.9403987,7.8537107,6.2552643,4.532437,0.1327884,0.03881212840777262,2902.437905749732,3880.5863928869126
3-131943-A-37.wav,clock_alarm,-37.79535,-19.652308,-2.2331352,7.243799,-10.853171,12.813724,-11.029888,-10.1951475,-9.97453,-18.195465,12.66818,1.5408776,-24.535528,13.261116,9.826367,8.311708,8.323532,6.363756,7.8772554,6.2566614,6.64471,8.312735,5.0797725,6.3079653,4.9305363,4.6072545,0.68595403,0.377427811412413,9502.175785938049,4959.715643858642
3-132340-A-37.wav,clock_alarm,-68.28227,28.26692,-45.033485,33.85849,-31.223282,33.09654,-16.661142,9.288773,-21.888346,10.394111,-28.044497,33.5239,-10.325694,24.625917,15.592731,9.586124,6.4304023,7.06278,5.659507,5.9100103,5.907507,5.703954,5.944616,5.136266,6.514285,5.749145,0.21452288,0.21925300899071926,6890.223229253372,4549.388998649482
3-132601-A-24.wav,coughing,-604.09247,22.158615,2.2843459,7.833789,1.4072545,6.022493,1.1715499,4.2930164,0.18581955,-0.8817647,-1.536949,2.8368144,0.54195267,132.1468,42.01861,16.059862,13.750091,11.87667,10.294986,8.633765,7.9629602,6.6694694,8.065187,7.328322,7.4643,4.0220947,0.0059824307,0.013995885295823665,991.5547091204354,1349.072654937247
3-132747-A-26.wav,laughing,-341.26462,60.55406,-56.162334,-20.773556,-1.5238285,-2.3306088,8.983206,15.031257,4.46397,-4.2325954,-5.754406,4.061933,8.061715,157.44527,51.282864,61.55022,29.260748,15.079037,19.350863,7.5011177,10.983785,7.4822674,10.086972,10.031359,5.145026,7.043476,0.092413716,0.05879200804814385,3225.4216594678,3229.4152971988915
3-132830-A-32.wav,keyboard_typing,-555.8032,133.53114,-53.246334,27.141144,-5.431296,1.9659235,3.2859228,18.97505,-4.7208037,14.181726,0.37194112,6.56118,-3.7232974,74.82065,19.142159,38.288685,10.739034,11.665707,12.583738,8.955686,9.182339,7.228228,6.758495,6.0449114,7.321081,6.053927,0.0021253563,0.06867318916763342,3247.716709109504,3480.9660063027427
3-132852-A-10.wav,rain,-210.46965,180.95064,-31.464128,17.252317,12.334599,16.391703,-1.4543504,8.770373,4.706846,5.920629,8.757511,8.209842,7.6266418,24.190973,6.5945506,8.980796,5.6658387,5.823549,4.465622,5.5888524,4.402489,5.108558,4.020297,4.4202538,4.501801,4.4516015,0.1778055,0.010841882975638052,1234.7957707362025,2136.6454709736427
3-133977-A-29.wav,drinking_sipping,-686.03937,23.730461,-2.8737283,3.423192,-2.8922281,1.3834107,-3.029523,0.94647926,-1.4015834,0.12958585,-2.3877945,-0.39244783,-1.9818583,128.38094,51.723175,7.5222554,8.556523,7.088018,3.8513787,7.2806644,3.046892,4.364731,2.385826,5.4793606,2.3069618,4.5971527,0.0014813654,0.017375335339327145,715.0165625997863,790.7003123672806
3-134049-A-1.wav,rooster,-397.48724,74.48464,-51.14812,-29.339504,-23.950628,-8.957131,10.928146,3.4167218,-0.7256001,-3.7021291,-4.153069,7.8693175,19.72678,127.32775,58.215263,52.663097,25.09163,21.374268,12.868736,11.425326,13.444389,9.020168,9.697195,9.430155,13.983902,18.136965,0.0872191,0.04576362202726218,1737.056978209671,1616.0242125271486
3-134699-A-16.wav,wind,-277.83493,149.32779,21.589445,37.671707,2.2139733,17.312576,-1.9395269,13.013102,-3.9101775,10.064564,2.1295764,2.0779734,2.7629843,48.140347,11.652251,10.381711,9.166888,7.1163836,6.469238,6.5627003,5.3683305,6.667761,6.095659,4.725207,5.4172244,4.0134096,0.06914818,0.02028916219547564,1822.520911084878,3339.7070399113463
3-134699-B-16.wav,wind,-226.64305,147.70535,23.79563,32.60417,7.1077933,14.438801,0.7892892,9.116034,1.5142838,7.077579,3.6298356,3.4094996,4.216419,26.158386,8.456341,6.725753,6.5638866,6.4324894,5.920621,5.7709966,4.9881577,4.413579,5.00634,4.044789,4.3071523,4.387219,0.1513403,0.01394603755800464,1577.299733892389,3093.2447216261453
3-134699-C-16.wav,wind,-192.6105,142.94664,15.379296,46.522198,4.4848337,14.588675,3.8806028,12.90227,-5.584606,12.172404,5.417768,-0.8228233,3.8151596,19.511667,11.842283,9.57729,10.748092,6.3251996,8.364038,7.995705,6.2709703,8.526678,5.6778355,6.825281,7.6493926,5.3254123,0.19290978,0.02505755147911833,1810.141486251356,3164.9091539218985
3-134802-A-13.wav,crickets,-443.05185,19.378202,-23.596691,63.276237,-9.391447,-29.97591,5.4232316,23.58364,-40.43933,-1.2461437,3.8559294,1.4993862,-34.89234,60.252953,21.326277,7.91016,10.169197,9.664656,11.169298,10.179211,12.040782,13.111379,9.362476,6.638693,8.961759,11.391729,0.024821961,0.20189806590777262,5859.643020656476,3928.110841429668
3-135469-A-35.wav,washing_machine,-230.64722,184.42952,7.671324,30.675001,15.782365,24.058712,5.0864263,13.458876,8.342195,7.5999403,6.6606126,0.99038255,5.503093,28.009008,17.032526,12.075702,9.307324,5.550847,5.170968,6.1247473,4.968061,4.1925087,4.5282397,4.385254,3.761517,4.0178356,0.15397573,0.010563188805104408,1043.6823704863737,2185.0317143239063
3-135650-A-45.wav,train,-249.46698,161.71977,-8.289026,26.178894,-9.125465,9.766432,-11.718414,1.327492,-3.09463,0.48625427,-1.7168252,-5.476096,-1.3296405,25.16727,9.843221,7.598262,6.1745768,5.8758316,6.086837,5.9128747,4.40036,6.118631,4.8245125,6.014143,4.8814383,5.187135,0.05045179,0.03178926189095128,2008.6509848885783,2941.847820172209
3-135650-B-45.wav,train,-264.0443,132.47086,13.848882,38.00064,-11.941622,20.774021,-14.574306,5.5166984,-7.2473626,3.5864398,-5.5396266,-0.44105065,-4.456992,46.468052,28.07586,13.20996,13.304414,9.771573,10.674824,7.1333146,6.080947,7.2819657,6.7298656,6.5534453,6.3049803,5.791495,0.035000786,0.06363177022911833,3129.5645857734967,3895.2726847034223
3-136288-A-0.wav,dog,-325.41583,167.87445,-13.004599,9.353575,-11.708118,3.4979336,-3.5807347,14.745137,13.1614685,16.647572,3.3819416,-0.9681261,2.6779308,96.36719,45.067406,32.85685,17.517618,16.536795,10.226857,10.560755,9.685852,12.237201,10.806872,10.096018,6.586237,11.05371,0.045559496,0.038272866516821345,1718.4768537874431,2476.2314253824384
3-136451-A-45.wav,train,-86.91611,190.70595,-31.348879,32.353687,-20.885988,10.106264,-22.688923,7.7129135,-12.144915,5.6562138,-6.0416684,-3.0796638,-6.059944,19.829275,9.075079,9.603807,7.620394,5.8648214,6.04687,5.180696,5.5581408,5.716864,5.8923254,6.0135055,5.0917406,4.687736,0.24692397,0.03501463710846868,1784.3178038588558,2551.4375915566548
3-136608-A-16.wav,wind,-111.94699,157.32347,-8.232304,14.061734,-20.83602,4.7200365,-17.45091,12.245019,-14.6513815,8.63782,-10.170165,11.684668,-9.626619,15.401805,10.117538,7.8590226,7.3306274,4.567072,3.9485834,4.026988,3.808981,3.8333592,4.010075,4.024434,3.9469101,3.9248874,0.12139925,0.050559200986078884,2703.252493356413,3934.1446636646206
3-137152-A-1.wav,rooster,-407.14572,70.097694,-17.330313,-2.7613392,-20.069567,-0.3939963,-1.7978736,-7.7300863,-6.3181696,-4.234851,-1.1475328,4.5844994,5.3306894,153.368,75.986725,20.245787,8.549521,23.832418,6.0242615,4.598683,10.431365,8.621081,6.974409,8.602926,9.637047,9.574119,0.07536258,0.029029509860788862,991.9110594116756,1099.7129503231065
3-138114-A-22.wav,clapping,-89.34569,98.24429,-85.89616,-16.489254,-47.569016,6.9222603,-38.91718,-6.18859,-27.615473,-0.8726986,-20.282417,-9.085413,-14.691096,38.62484,13.867831,9.619842,8.263396,8.104566,6.935911,8.5861,8.20064,7.3747387,5.8002005,5.8681235,5.358378,5.2365384,0.13257968,0.10239858251160093,3836.9340981792197,3728.7734040642317
3-138212-A-45.wav,train,-203.90121,197.6743,-29.56281,36.7969,-3.1861787,12.627189,-6.7328672,6.4153156,2.2587454,4.361352,5.2502694,-2.7938051,1.3594687,67.65903,8.937157,11.769862,14.833537,11.153686,7.9918995,10.9683075,7.442833,5.860277,5.1180506,4.1772833,4.781367,3.93806,0.10068436,0.02995509171983759,1522.3284843093534,2208.765015776454
3-139109-A-46.wav,church_bells,-154.3173,242.9189,-24.57852,3.2106204,6.0552506,12.515147,-8.904273,-3.925019,0.7180084,-5.4886518,1.7033745,-7.5237904,-5.7444806,16.648787,12.107629,10.917948,7.4991155,8.19968,6.829307,6.225186,5.0253816,5.079361,4.4268565,5.292989,4.5586824,5.1364665,0.27809918,0.0257780778712297,1028.9108073141786,1424.2352016901132
3-139331-A-27.wav,brushing_teeth,-277.7326,121.127686,-107.388756,30.688951,-65.0392,-15.471596,-22.360613,-4.306781,17.90968,-7.795169,6.148836,-10.392185,-9.910945,49.60977,19.925697,21.334711,15.760465,20.12358,9.425626,10.933454,9.094473,8.723266,11.30451,9.354759,8.232091,7.0955606,0.035655443,0.11276124746229699,3495.202377965325,2734.519868748349
3-139958-A-37.wav,clock_alarm,-327.05728,51.4131,16.248598,31.834192,-5.72999,11.046768,0.4057555,15.210595,4.2016373,13.557841,6.6785846,2.676104,-2.3686626,233.87515,30.345467,32.46294,6.3773417,22.661192,7.566903,18.632153,6.380395,19.402931,13.840323,7.134476,9.918696,10.027865,0.123597,0.19275100601798145,4628.525963577236,3978.2240585704726
3-140199-A-8.wav,sheep,-240.69406,191.7002,-73.75419,28.48499,-5.3581614,14.971154,-11.709131,0.9225419,-6.8447423,16.649357,1.061312,10.651576,6.130371,23.052048,10.8957,11.718392,13.3819475,8.781972,7.2236056,6.9147787,7.7418895,7.943365,5.1741467,4.717957,6.504833,7.887009,0.045122664,0.0610283588312065,2085.415249727951,2214.1069103054892
3-140199-B-8.wav,sheep,-279.7623,197.47502,-62.869743,20.813236,2.9014792,8.184681,-13.4957695,5.692338,0.17246212,10.2722025,-2.3917012,9.391077,3.7274978,27.233648,9.813451,13.828123,8.302923,5.7669153,7.053125,6.117695,8.694077,7.6253777,4.4205627,6.1958833,5.3181543,6.7868648,0.032069664,0.055826067647911835,1895.896597745107,2143.7570973810584
3-140199-C-8.wav,sheep,-251.61592,187.69476,-78.62051,8.75726,-0.3711674,7.320367,-9.288961,-8.6500435,3.6016967,8.0461645,5.0171523,12.004101,5.2467294,43.07575,11.180251,18.823647,9.444343,16.707186,12.820761,7.2215924,8.730381,9.198139,5.495724,4.59571,5.225202,6.118638,0.05589428,0.0673805466937355,2030.5091189443735,1954.2142509042783
3-140199-D-8.wav,sheep,-288.1123,201.66086,-59.055492,20.648827,6.874183,11.892908,-8.230962,2.529371,5.464946,11.949516,7.206538,11.83678,2.1504304,25.629309,9.925882,16.15398,10.330971,7.7055516,12.922361,7.6873174,10.391023,6.4193397,5.5202713,6.741948,6.5439367,7.917002,0.034979943,0.04927675464037123,1732.9213408054127,2018.3818894500255
3-140323-A-29.wav,drinking_sipping,-589.3876,78.97386,14.506489,6.889851,4.2780147,0.10573102,-0.6614456,-1.239334,-0.8941823,-2.3434145,-3.3609648,-2.3380713,-2.3742986,78.297646,62.103878,22.075169,17.252323,11.16027,9.300196,8.4693365,7.179987,7.091286,8.0625305,7.8976765,7.245325,6.513667,0.0068047214,0.1412854825261021,4904.555795680703,4628.103623550455
3-140774-A-10.wav,rain,-207.84459,222.6813,-38.024406,33.03277,-4.6250324,8.643815,0.727012,0.8239028,-10.475436,-3.00353,-7.260888,0.3180955,-1.2787,32.01806,11.643567,9.389429,6.178278,5.8135056,4.68071,5.429561,4.367699,5.009327,4.3082404,4.324663,3.975031,4.0848436,0.096734494,0.029367114994199535,1307.2388387598062,1848.5717165593248
3-141240-A-44.wav,engine,-271.8135,100.24467,-11.74932,47.110542,-5.2642736,28.7004,-2.0711899,9.350917,10.899804,10.922472,8.820366,15.626759,1.7787818,116.70712,14.251295,27.794064,7.1380444,14.901811,7.455126,12.050402,6.0816145,9.403359,5.384665,8.024345,4.6682773,5.6657753,0.07093497,0.05604358504930394,3446.7512716478227,3960.1678323777105
3-141240-B-44.wav,engine,-338.70114,106.75855,-18.05645,56.05995,-12.14638,39.293316,-8.8585205,19.651583,5.045462,19.206697,6.437722,21.544834,2.0054393,44.656296,10.185354,17.701487,5.9836235,8.239355,6.057707,5.0194554,4.819289,5.950186,5.404859,4.783933,4.670503,4.7536335,0.021688,0.04671979227088167,3554.431369766509,4122.178392110389
3-141559-A-45.wav,train,-172.30238,178.72942,-26.637054,45.07943,-1.5794653,21.616255,-8.375001,11.754175,-2.1787226,9.654368,-8.63934,-5.6513424,-10.066841,30.15118,12.527291,8.582794,5.256814,6.121914,5.512131,5.5482078,4.8947945,6.7992973,5.217024,6.3076496,6.2795753,4.8240905,0.1284991,0.028071073810904873,1772.4832362072439,2667.7940897730296
3-141684-A-21.wav,sneezing,-497.3299,48.47635,-3.5050216,6.9041286,-6.3854113,2.4875653,-1.8726289,-1.4482856,-8.98109,-1.9044589,-2.6435366,-4.266269,-3.4778042,148.40785,49.805965,27.208118,15.355038,18.843473,7.0977116,9.812076,7.6600046,16.663076,7.6026897,7.9986243,7.1543856,6.8368692,0.017035259,0.1651330934599768,6082.104991690811,4636.286202543434
3-142005-A-10.wav,rain,-101.298904,117.64003,-29.76912,44.783325,-47.089424,24.856009,-21.12811,22.394255,-19.045176,15.911562,-14.55392,5.6730776,-4.6384196,54.434277,10.099147,9.541591,6.771403,7.817253,6.5586777,6.6154995,5.583693,5.762674,4.602956,5.6186833,4.2795215,4.674479,0.09715727,0.12156503770301624,4425.21015506385,4292.432622365069
3-142006-A-10.wav,rain,-100.56491,134.21318,-45.20327,48.56568,-64.811264,32.85545,-32.913723,29.387148,-29.315273,22.66606,-21.975418,10.244768,-8.201583,12.040419,7.8358974,6.2869925,6.0732307,5.703855,5.3659177,4.9573026,4.83927,4.347093,4.599455,4.2182727,4.2413325,4.4534845,0.09261537,0.1259788283062645,4418.699107433913,4298.612946803702
3-142349-A-17.wav,pouring_water,-353.1961,89.29486,-41.124283,18.254217,-20.224033,24.69061,1.3396875,16.75125,4.3265953,5.3143086,-1.2813219,6.2774377,-3.0647142,54.625507,19.420118,26.052511,19.515312,19.698324,13.680384,10.435983,11.116658,11.737403,10.747674,7.7125063,9.1358595,10.015244,0.012683357,0.12386369815835267,4437.704992116357,3941.2952836010068
3-142593-A-38.wav,clock_tick,-325.28836,57.705555,-49.30896,7.140999,9.469407,19.72002,-15.186273,6.5927134,-3.538098,3.9210045,-7.4778204,-0.9843512,-4.229428,81.949974,29.794727,39.487324,10.148461,8.989816,10.518432,8.969948,7.392974,5.8398705,7.9430995,6.2267914,6.151176,8.436007,0.021629183,0.18150920823665892,5531.124571548706,4802.518858845216
3-142601-A-21.wav,sneezing,-630.38196,20.1959,3.393897,11.990726,3.1187582,9.773451,2.5415065,7.102166,2.704977,4.712235,2.5656826,4.1545835,3.0473025,106.57137,28.41548,22.273785,17.709097,13.069868,13.147872,8.992632,8.952934,6.6383147,6.891135,7.1238017,5.629421,6.0796843,0.0065865996,0.02136542017111369,1963.0991463097173,2263.0946200298413
3-142604-A-24.wav,coughing,-468.635,71.420166,3.4512975,14.594994,6.0496154,15.817981,7.295649,7.6577086,-0.39507377,-2.307738,-1.7574977,4.869586,0.8060315,136.70056,43.118214,27.125944,15.967986,17.311718,8.340744,11.537571,6.871222,12.896647,13.5143795,13.147874,8.396829,9.042475,0.017402096,0.043035591284802784,3339.39755368094,4175.516582169798
3-142605-A-21.wav,sneezing,-526.8919,52.90416,1.6453029,37.31134,-1.4465083,29.565636,-2.2645252,21.016949,-0.8554006,15.3255825,3.9444818,12.440362,6.341606,84.62023,19.705221,20.535145,13.038268,10.786141,8.95525,8.242163,7.096019,9.021745,7.5870714,6.5336957,6.814151,7.010464,0.011087094,0.034798252610208816,4028.739006903643,4707.442816978416
3-143119-A-21.wav,sneezing,-445.08493,26.111456,-0.027791247,6.675705,3.4273822,7.613,0.42574713,0.05986731,-3.403587,0.9352559,-0.9591744,1.2146724,2.365873,128.22717,40.244644,21.319845,9.864837,11.189265,8.200063,12.082947,6.966421,11.119771,4.2019696,7.8697867,3.7730753,4.3359723,0.030410297,0.05626563406322506,2712.225640711758,2981.2923454760626
3-143560-A-47.wav,airplane,-199.28575,215.43495,-38.507572,-6.277339,12.098427,-1.565556,-1.0102029,-8.427399,-6.541062,-9.047727,-7.718052,-6.851194,-7.169371,70.31336,16.752073,19.604889,28.751923,11.007171,9.695739,11.728731,6.1330132,7.630605,6.068159,6.3342505,5.5670185,5.543993,0.14851938,0.03720227305684455,1297.381387702871,1408.4708743541446
3-143562-A-47.wav,airplane,-214.41444,228.74724,-71.09319,21.61857,5.5916233,1.4444693,2.3062522,-7.097591,4.494291,-5.485987,2.1451252,1.037293,-3.0280852,70.88403,25.489552,24.75558,20.708357,16.532164,10.925407,10.2456,6.1329436,9.5711155,7.31097,7.565337,6.4125896,7.6139765,0.09381607,0.045188107236078884,1575.5319390832342,1603.2541643337634
3-143929-A-10.wav,rain,-188.00462,146.99126,-7.3662133,70.76254,7.960912,28.983595,1.8665724,23.07452,3.0240786,12.095472,-0.489372,3.2665982,3.4913945,16.41562,12.597562,7.6459765,5.9943404,6.586826,6.1534066,5.102369,4.962929,4.436578,4.5049644,4.15422,4.171585,4.2457705,0.18440898,0.016134806409512762,1733.9352010461137,2976.8346112224235
3-143933-A-38.wav,clock_tick,-513.2712,101.59515,3.2234027,46.106766,-2.514003,33.561127,-8.563722,27.648415,-4.715573,16.552248,-3.541312,12.191418,2.3795593,63.505325,15.440608,34.428978,9.897867,10.295754,8.756657,10.111439,9.581323,5.3193293,5.052973,4.9783473,5.3942676,5.3683004,0.0060371165,0.042116806844547564,3478.6737376628244,4606.12839996699
3-144028-A-0.wav,dog,-162.25244,154.72679,-24.79421,-27.206753,-26.423426,-3.6556938,-23.750805,-9.278887,-12.025964,-3.2146807,-3.6781025,0.05962002,-2.0761907,137.50932,30.392616,29.28543,14.317942,15.231769,10.209748,12.442849,11.924739,10.662701,8.111274,8.180885,7.318938,7.5665464,0.24822433,0.0450204375725058,2051.5194068163396,2751.0177870859097
3-144106-A-32.wav,keyboard_typing,-231.10376,81.15248,-44.66115,34.23742,-10.019133,27.617315,-21.671766,24.476206,-17.41389,10.364841,-14.728178,5.795612,-12.253062,106.85378,27.019382,27.924692,12.2176075,12.1259575,6.9200125,12.512381,10.210099,8.625861,7.8215847,7.033859,6.337412,7.048267,0.044914156,0.15325007250580047,5116.614961584377,4373.609585590175
3-144120-A-32.wav,keyboard_typing,-467.36786,134.08153,-3.0392325,29.014265,-4.3409147,24.883652,-10.61532,15.160768,1.35494,9.687911,-0.64012796,10.335062,1.7732282,67.33227,12.076758,32.34805,11.030423,8.446397,6.8198223,9.485267,6.334292,5.2876086,6.912098,6.0453663,4.667968,5.090201,0.0060473694,0.044875425971577725,2988.360874883571,4099.375185899634
3-144128-A-23.wav,breathing,-281.5886,129.70901,-49.50625,19.594007,-21.47404,15.870461,-8.905674,-4.9156055,-21.35259,1.2787635,6.3939433,6.951206,-5.3073997,96.56672,22.839163,34.343124,16.740702,16.803368,7.4395747,9.607119,10.092649,10.661782,8.340672,5.89199,7.9285216,5.736197,0.03183648,0.09201212659512761,3214.498149025787,3224.7493360678777
3-144128-B-23.wav,breathing,-280.87332,130.70894,-52.677692,17.739613,-21.823734,15.312826,-9.0451,-6.3400855,-20.847155,-0.8878746,8.7395935,8.075564,-6.488892,92.14679,21.550985,30.84002,15.651461,16.584545,8.404217,8.281404,10.0964,10.516746,9.203117,7.4146047,7.2139344,6.0240564,0.031683166,0.093270781975058,3184.807781953735,3168.059882295504
3-144253-A-29.wav,drinking_sipping,-456.81998,66.30455,-15.086472,8.924294,6.9354105,2.6726046,-0.23313873,-2.4967241,-4.0919404,-6.0619946,-2.2671804,-0.04719717,-0.03622766,118.80022,77.127914,36.271343,24.71045,15.983257,14.973926,14.576732,12.28719,11.185831,11.423846,10.430297,10.6486225,10.244809,0.017466074,0.1627653259135731,4603.8261825555555,3681.2282831123257
3-144259-A-29.wav,drinking_sipping,-517.16565,76.51026,-6.5420446,6.732781,2.969624,10.698805,-0.3292441,-1.3814873,-3.6841855,-3.604953,-2.9331055,-1.3386878,-3.189864,121.49229,70.58092,35.583984,21.19382,15.052484,12.54121,14.480734,14.955268,14.410034,11.260673,9.842559,10.198777,8.6165495,0.00940132,0.197726716574826,5526.0670478053535,4580.270923998065
3-144510-A-30.wav,door_wood_knock,-430.96597,34.35339,10.729263,7.4915485,3.7215726,5.052274,3.525814,2.577691,0.3752949,0.533312,1.748755,2.3201199,1.9718146,106.6734,69.19389,23.400421,12.560946,7.307193,8.434467,5.824564,4.440417,4.6756473,4.030883,3.2894273,4.115972,3.6057467,0.048860885,0.005355233106148492,749.532279835015,1265.1173607396743
3-144692-A-21.wav,sneezing,-342.8465,59.133488,-20.910574,21.090769,4.4826365,8.695069,1.1245624,1.5497705,-3.7997882,-4.2116446,-5.217328,-1.1722636,2.4994662,178.70656,48.841106,41.476425,27.314133,13.6643305,15.822736,12.126126,9.3218975,10.188377,11.070637,9.299842,7.560818,7.9598465,0.07707625,0.09411706061484919,3890.02452155762,3941.9541550547915
3-144827-A-11.wav,sea_waves,-103.03278,169.02065,-67.846535,30.204763,-57.09937,17.40963,-27.153534,7.887437,-26.551807,-0.1632509,-17.460527,0.8024106,-3.8766031,23.736668,6.9954257,9.882171,5.0945644,7.6839595,4.4074874,5.053014,4.2889194,4.800335,4.2266803,5.0099583,3.9550786,4.507795,0.13653046,0.06803423180104408,2636.668265367178,2929.5305861793954
3-144827-B-11.wav,sea_waves,-120.48846,167.84035,-49.27118,24.780909,-61.64596,12.146033,-21.403494,4.198356,-26.60429,-4.1245,-16.95791,-3.5999405,-6.0660777,37.36983,7.2759733,12.186766,6.8571,9.071905,8.026973,5.3082037,3.9810584,6.2601156,3.778318,4.688303,4.658855,4.0899897,0.13248962,0.05801823520881671,2491.88022292255,2984.814637118094
3-144891-A-19.wav,thunderstorm,-299.42017,194.01157,27.764442,7.9591794,-1.5456376,17.989155,-4.7084618,1.6323043,-0.0013862132,-4.311071,0.0876444,-3.934866,-2.1019719,34.652763,32.408794,10.697682,9.593616,6.3371863,6.033581,5.3029304,5.644043,5.0616245,4.7278843,4.4755225,4.0004106,4.244083,0.0670219,0.021449255002900233,1276.9320892114288,2337.669254534869
3-144891-B-19.wav,thunderstorm,-265.27838,202.36731,-4.0341578,-9.278638,8.748617,12.902199,-2.1268358,-1.8120112,0.11991893,-3.773799,0.7861043,-2.6302726,-2.6321135,78.08005,46.27904,25.00574,10.61301,6.3646445,6.1782265,4.9285254,5.1020617,5.3947206,4.249568,4.51698,4.48193,4.0880527,0.08778736,0.03566605640951276,1506.6622296645837,2113.1262745778527
3-145382-A-1.wav,rooster,-422.99472,53.353443,-7.539895,-5.092265,-14.348468,1.0386968,13.431815,5.7324305,1.6847404,-2.365506,5.2974677,13.713825,14.818953,97.20466,57.230595,18.687155,12.203299,19.176704,6.674938,15.3056555,8.8136215,4.9877234,8.648326,11.673253,16.095457,18.28597,0.06569117,0.03208834831786543,1069.655780818901,1141.558749494933
3-145387-A-29.wav,drinking_sipping,-446.56384,78.715866,34.282288,18.6752,15.207018,10.490172,6.265216,6.0563793,4.8433766,3.674211,4.13376,3.3924367,3.7939985,62.980362,42.8339,14.890359,12.812142,9.654669,10.0680065,9.530876,6.088933,6.3620667,5.866351,5.3532653,5.8190207,5.3478026,0.015105903,0.0075723245359628774,3468.9542376832273,5006.197819594013
3-145487-A-24.wav,coughing,-503.4823,23.936834,1.4694437,2.5792642,-0.84233487,4.4263406,-2.4943352,2.517816,2.5911365,0.9048282,-3.8401423,0.5234808,-0.022825595,141.11911,58.73839,5.152367,7.665556,5.2979493,11.006279,7.278964,6.792833,6.597448,3.7678838,10.124481,3.3269396,2.7822256,0.02771219,0.004378670606148492,328.49570999195487,524.6441313018266
3-145577-A-43.wav,car_horn,-460.30792,12.532886,3.6863852,8.017719,3.4400678,5.564177,-1.7519511,4.5709276,1.5379015,4.0083237,-2.2528126,1.7230465,0.064072184,143.56313,33.98914,8.715614,18.722218,7.61868,12.089361,7.325084,9.96297,5.2335443,9.252771,6.9771557,4.0439763,4.1806664,0.04322376,0.016263957366589327,860.500563496601,967.770130764086
3-145719-A-17.wav,pouring_water,-484.00668,46.995426,-32.67198,2.8281975,-19.539206,13.665828,-10.71239,15.859748,7.5914702,17.672535,6.6330285,10.599172,6.4240727,103.98224,48.07367,45.443935,28.75238,26.608955,23.001947,14.851044,15.020912,15.836609,13.536437,9.877873,9.817926,9.23769,0.0057401056,0.15808530307424595,5996.564301672884,4390.939474487151
3-145774-A-12.wav,crackling_fire,-450.28632,78.65289,31.148607,64.231125,6.186388,36.105247,-3.6434946,28.141188,-4.520897,13.205008,2.7428384,6.491733,4.450473,64.73553,35.200325,18.181623,12.407948,9.701011,9.216894,8.457683,7.223546,6.520536,6.7423706,5.5399575,5.936997,5.921056,0.011748902,0.0502997661687935,4141.064581018474,4768.841344845318
3-146033-A-13.wav,crickets,-478.64597,152.58208,16.620747,37.927223,-5.4693255,-3.992306,17.658878,28.726591,-19.033117,7.998746,25.853554,3.1605697,-4.7777696,11.970279,7.7266254,9.710859,11.601552,4.194309,10.737465,6.0244493,7.54649,9.432858,4.8198996,10.178786,6.267665,6.873958,0.010574482,0.04601965813515081,2112.271402952409,3154.2325481669523
3-146186-A-44.wav,engine,-186.01723,113.01409,2.6353638,50.866516,-8.833384,34.3286,10.829572,26.12562,20.444239,30.74337,-0.84304947,14.8542185,12.404817,22.096886,9.419436,6.1133647,5.994936,6.132769,5.5823817,6.6149845,5.2100534,5.38381,6.8418517,6.008327,5.005822,5.2918396,0.21948574,0.015654455481438515,2401.274774810219,3910.1059990420017
3-146697-A-43.wav,car_horn,-366.77005,154.61673,30.33294,17.302774,-1.0164058,22.010523,7.454669,19.962027,2.8017824,16.470236,4.0192184,11.721849,-2.2003698,48.459778,11.994403,10.960982,7.388494,5.829024,4.596182,10.721441,4.7574778,5.130631,4.351378,5.808182,4.394879,4.1139383,0.046934363,0.010630030089907193,1458.3967202127146,3292.965943501398
3-146873-A-24.wav,coughing,-528.96515,31.350796,2.2987874,4.6926885,-1.5589942,3.9094853,2.2963326,2.4453242,-2.5299852,-3.8029563,-6.5491014,-2.0980275,-2.9912279,147.1534,53.81947,13.562534,9.500004,7.4363866,7.512026,7.4716005,5.642711,7.5264707,8.355711,12.185088,6.466656,6.5249796,0.013910132,0.01789420497389791,1154.1386882997638,1419.1422410642779
3-146964-A-5.wav,cat,-501.6406,175.43518,36.05168,26.234703,-28.537788,-28.311659,-14.892235,7.2877526,-5.526495,-4.4015946,-0.3119841,4.8113284,-5.65226,61.82966,31.441935,46.236103,15.451541,23.546787,21.403214,12.713976,5.882937,5.96967,9.524823,7.3182974,13.530508,5.9239125,0.013613566,0.029322931772041764,1328.876548463056,2355.834572551152
3-146965-A-5.wav,cat,-511.34354,143.6165,35.447742,18.218037,-22.878122,-16.039865,-4.7792015,3.219079,-1.0082765,1.051848,-4.2650967,0.7978918,-5.6519017,77.5248,42.591377,46.857605,13.861599,19.733727,22.982403,9.312038,5.505265,6.6668987,8.125596,7.6809993,13.825209,7.1047325,0.012492175,0.02719080807714617,1454.4757412287731,2598.2484448409928
3-146972-A-5.wav,cat,-368.57904,133.61339,-12.112101,1.0976826,-12.684613,-8.098381,0.1311732,9.959857,4.5492806,-8.240592,-8.940906,13.419567,1.1835644,96.53225,38.815426,58.314404,28.43235,24.506353,22.916016,8.91125,11.379542,8.974776,11.293711,14.033366,15.240497,9.132637,0.030152425,0.04713783352668213,1974.6052975267792,2661.055982960278
3-147342-A-34.wav,can_opening,-593.1833,-3.6816108,-9.79142,0.17509429,-5.4569974,-0.4640508,-2.8709972,2.138226,-0.22250909,1.1357914,-0.5063763,0.54186875,-1.3277547,120.51609,26.848974,30.890205,8.95249,19.105932,9.189421,10.970394,7.273221,6.285647,5.238435,3.55417,5.323474,4.680973,0.0106425565,0.07609936919953596,1938.1208811341478,1036.9270076378955
3-147343-A-34.wav,can_opening,-639.64233,-3.1803873,-10.7175,2.2738461,-4.95051,-0.12475839,-3.2937353,1.8772732,-3.4131658,1.0258005,1.3858861,1.9958687,-1.1366799,127.05308,22.191072,30.191116,9.594104,17.51613,9.339114,12.985067,9.147969,10.3368635,7.039906,6.95545,6.7084203,5.850619,0.008265205,0.05669273854408353,1503.6730199822925,850.1684861945939
3-147965-A-12.wav,crackling_fire,-288.48224,73.79669,-21.391975,60.598316,-11.477453,32.12172,-1.6693794,25.734592,1.3241904,22.413239,-0.18322153,13.7091,0.30728766,21.115591,18.489628,8.662502,9.552288,7.419674,7.4425025,6.1556115,6.367504,5.4084435,5.0707784,4.8227153,4.877228,5.001931,0.022300163,0.09745685904872389,5027.4511914892755,4460.330921134097
3-148297-A-37.wav,clock_alarm,-469.8123,5.259745,-21.943083,14.613976,4.32491,-10.7393055,-0.637928,11.771833,-7.697174,-4.4578576,7.3075867,2.0476234,-9.384317,130.22864,19.809372,32.30866,20.059156,7.0733776,15.202098,4.356735,15.365119,10.218442,7.896645,12.084525,3.7413857,12.627113,0.21996821,0.3434815019576566,8495.861933117301,3940.900518710297
3-148330-A-21.wav,sneezing,-477.17807,25.663795,-7.0861063,2.9923701,-1.9412601,4.72616,-2.4489734,-2.134992,-4.600971,0.065392815,1.597329,1.0101877,-0.12316361,143.08946,49.390644,25.936138,13.342189,7.814017,10.77232,10.416167,5.617828,10.812174,4.443147,5.810256,4.519036,3.7613778,0.02092157,0.016728447650812064,681.9135723934772,766.9119746428885
3-148932-A-34.wav,can_opening,-736.47534,5.1753836,-4.964751,3.421577,1.3020463,2.6839256,1.1571635,2.6339936,1.1945784,2.2799368,1.9354532,0.91707534,-0.020162027,99.636246,15.167714,24.896553,11.299629,8.200146,8.483307,6.342924,7.232149,7.505971,5.402229,5.054617,2.9660492,3.2349849,0.0019306627,0.038192430394431556,1612.0422272063329,1292.0785480724073
3-149042-A-24.wav,coughing,-617.338,14.801456,-2.6384275,2.1321588,-0.9886924,0.13564587,-1.3904358,0.39241153,-0.24871148,-0.8633819,-1.4499319,0.6632074,-1.9532872,122.78976,43.53019,18.176046,6.315165,10.861523,2.4198112,5.6742706,2.703604,6.2558775,4.3032284,5.596116,4.5045266,7.472574,0.0063053146,0.006431491081786543,354.2469376706291,437.3522551137997
3-149189-A-1.wav,rooster,-456.09082,23.529589,-12.088734,-9.484399,-11.118994,6.4088206,-1.2271034,-2.3346078,-4.7684007,-0.60245097,4.792297,14.2208395,17.978415,94.55666,37.195957,20.2103,16.789305,17.691849,10.137576,7.248576,6.386157,10.97796,6.870967,10.151861,22.374283,27.067116,0.07096397,0.022196971070185614,828.2873523233941,894.2770864463523
3-149448-A-17.wav,pouring_water,-389.1769,52.33487,-87.52181,12.496306,-57.802258,42.41711,-26.125309,28.142256,-4.6295266,-1.9485698,-8.202571,5.817736,-2.9443796,45.519764,36.22771,24.110212,22.217678,20.6829,24.695812,19.71451,13.290105,12.857725,15.112581,13.80893,13.6253,11.01369,0.010514341,0.2058643597737819,5708.215904171261,3769.561772801762
3-149465-A-22.wav,clapping,-224.85196,161.51015,-69.463425,-5.9440136,-50.30067,7.0377665,-26.247023,7.1071396,-19.365042,-2.5025947,-10.278912,-5.180427,-10.97815,142.40376,49.255016,28.269085,12.940857,17.959465,10.234156,12.257695,7.368955,9.191573,5.9853725,7.086463,7.2207346,6.5920005,0.08033094,0.060765525304524365,2209.851582703676,2419.2409477207666
3-150231-A-21.wav,sneezing,-467.08752,16.501015,-8.73729,3.5340483,-1.8236113,1.0686421,-1.2441965,0.20531872,-2.500748,-2.7249656,-2.3717823,-0.049062144,0.43049523,112.64535,36.595104,29.413439,21.516994,9.608591,8.535786,8.784447,6.0035567,8.478723,10.940937,7.4331083,6.446369,5.69998,0.018772965,0.02543027660962877,975.261583401167,998.7556908406202
3-150363-A-38.wav,clock_tick,-514.1165,111.39787,25.48443,34.83627,-1.0988382,30.755205,4.3541274,19.326422,2.3731647,9.171549,0.7393415,6.3840666,4.7118154,89.291504,21.481155,24.84705,5.870407,15.763904,9.029357,8.310455,5.5824943,8.409686,6.715438,10.768695,5.7694936,6.344438,0.007078004,0.03329149144431554,2814.7691326440117,4137.770982643395
3-150979-A-40.wav,helicopter,-298.50912,217.67673,39.70044,26.943548,14.948809,10.575556,13.205414,-1.6535712,5.1293077,7.798368,-2.046565,1.3917886,5.473027,19.613808,9.184584,6.730068,4.6920195,4.6577973,4.34345,4.82344,4.7293305,4.361246,3.9865305,4.6154714,4.5842175,3.9153614,0.14445363,0.010094166908352669,550.9308995741981,1328.9749205127534
3-150979-B-40.wav,helicopter,-275.07217,219.09596,23.69441,30.798754,16.837511,9.708012,15.944029,4.828956,4.284967,0.95137346,1.5280105,-2.2885063,-4.4089904,39.36149,10.479149,11.00053,10.442464,15.975645,6.3374896,6.6770372,7.0287867,8.169188,6.6051435,6.3279843,6.01932,4.9477153,0.15949365,0.011195348752900233,610.1576342387108,1290.107007393701
3-150979-C-40.wav,helicopter,-290.37723,228.4209,29.356249,37.392876,12.055648,10.930299,10.002129,-6.6680984,3.6012957,3.4071372,-2.7081103,-3.3785853,-2.5418732,16.562965,13.007528,4.5938764,4.6918273,5.260559,6.7813783,4.8069563,6.3429356,4.0085406,4.7843738,5.3011827,4.4616585,5.3475657,0.13395561,0.011569206786542923,591.8563708165381,1272.5841071188488
3-151080-A-20.wav,crying_baby,-246.92676,87.949554,-69.86751,-0.3490367,-42.925034,4.450317,-17.894072,21.02699,6.356391,3.2381017,-7.121573,10.807182,-10.922597,141.44698,35.178314,50.237366,20.344841,23.767706,11.836238,14.987403,10.723564,10.348911,10.172604,23.381956,14.86282,10.968752,0.083636805,0.08528494779582367,3676.5213585391566,3479.6128828662545
3-151081-A-20.wav,crying_baby,-235.28961,64.226456,-58.629032,18.730867,-37.047302,13.417973,-3.320645,27.52292,4.1627455,14.944868,-4.164279,3.4409719,-1.0707068,130.81563,30.180347,40.27548,20.787243,24.025469,12.507587,14.599411,12.520435,14.753851,9.887194,18.227121,8.609501,8.849984,0.08631615,0.10166672708816706,4479.0446829865505,3908.899408651076
3-151081-B-20.wav,crying_baby,-286.5731,118.70717,-29.51467,4.4091115,-18.52478,4.4855742,-7.642544,15.743931,16.775606,20.006435,3.3314984,-6.2038465,4.0422688,109.55653,36.516624,34.57179,15.712915,22.945215,10.270522,16.75437,13.168182,13.391053,7.0159054,11.161337,10.859284,9.729501,0.078843,0.051489314457656615,2543.9627785059365,3141.7491832616515
3-151089-A-30.wav,door_wood_knock,-596.3001,41.469643,18.08375,9.877582,4.3128076,6.291111,4.432566,5.2161665,5.9322596,6.2859244,6.7660117,6.230135,4.861876,96.68685,59.081116,21.609272,12.616076,12.25603,8.253796,9.011922,7.636762,7.210312,7.399415,7.5515747,6.791916,6.492184,0.013807432,0.0024051533497679812,574.209999674257,1436.838875703213
3-151206-A-23.wav,breathing,-554.1093,118.68072,-17.033865,3.5231922,-11.4735985,26.440283,14.040596,22.078833,-10.995352,16.581758,-4.455581,10.617296,1.7985129,128.60979,32.349934,32.525776,9.42354,19.072025,7.1115317,9.50423,8.225443,13.884574,6.5954804,6.2106,6.08036,6.234474,0.0034917435,0.058172310034802784,3582.819222320017,4479.253093998369
3-151212-A-24.wav,coughing,-571.86115,25.014791,-6.4056287,-0.6164804,-4.4477897,3.9762373,0.8993655,0.4949575,-5.273465,-4.7575645,-2.2139714,1.5480115,-0.8420716,136.51501,47.902603,17.62036,10.315363,12.858462,8.539536,6.6915336,4.6626406,12.280632,12.423822,7.5267477,4.0547433,4.7438736,0.007743679,0.03921770772911833,1590.818356123299,1416.451085643054
3-151213-A-24.wav,coughing,-525.5352,22.125278,-6.9399366,-0.200548,-7.2693524,-1.2635852,-0.65822184,2.3766518,-1.6496965,1.9545184,3.4656584,1.1599171,-1.1720111,150.54907,45.91952,21.582724,11.699655,18.100628,6.277578,7.688747,6.033316,7.177103,6.929434,7.983223,4.1553726,4.957801,0.01774948,0.016649144431554526,844.7070999459629,896.926719844291
3-151255-A-28.wav,snoring,-439.8189,68.71572,-25.818748,41.792244,6.1238184,15.143139,7.9692817,21.897312,17.870861,10.576528,10.410254,-3.801007,20.800035,140.9598,30.702232,41.45797,24.034096,15.973291,16.82506,8.29628,15.086414,9.643951,11.498069,13.278505,8.884926,12.572784,0.021391436,0.10383510368329467,4268.140161075366,3906.5913272429634
3-151269-A-35.wav,washing_machine,-150.26132,174.7553,-40.895176,37.52523,-27.807428,34.6935,-13.516665,17.460735,-15.022278,6.8997755,-4.7799277,-0.6791065,-6.681378,7.248394,6.3250856,4.8065577,3.8759751,4.404573,4.2124333,4.1054044,4.061188,4.829517,3.6572652,3.262968,3.7722702,3.880849,0.10442111,0.04138268561484919,2261.477219098529,2997.786565439712
3-151273-A-35.wav,washing_machine,-146.02046,172.09818,-37.516323,32.112804,-22.845423,27.050274,-16.155209,22.224672,-2.8365498,9.427567,-5.5897346,-2.8252845,-5.084398,6.257652,5.7802277,6.161956,4.922432,5.4490933,4.148148,4.678324,4.372262,4.3789263,4.3330073,4.48867,4.29897,4.1069136,0.13284792,0.02745704031322506,2152.652953417497,2955.365160241769
3-151557-A-28.wav,snoring,-364.35815,127.45108,-10.062146,50.4288,-15.238533,27.936592,-6.2390237,13.138978,3.2268355,3.0321894,9.981724,-3.5250173,7.962536,60.006126,27.84792,7.8896174,18.215036,8.923679,6.9616194,4.8288174,5.6467323,5.141795,4.8627186,6.85104,6.703652,5.016152,0.024631863,0.07090047672563805,3170.350486586363,3672.270190279118
3-151557-B-28.wav,snoring,-297.69232,137.98012,-7.468395,34.653008,-6.0704885,10.335641,-4.443067,7.6117897,0.85200375,7.433756,9.40014,0.113273464,6.7880564,95.87549,36.45903,18.110544,20.317719,8.662791,8.5937195,7.0659204,6.110516,7.4184527,7.1877613,6.6697054,5.0604963,5.297712,0.07181846,0.05457194388051044,2607.1735287792744,3249.710842031252
3-152007-A-20.wav,crying_baby,-363.87634,61.406494,-68.490425,12.318686,-17.94633,-8.731774,-11.758972,-25.685379,-19.470562,0.8519109,-2.3664365,-9.870582,-3.60059,117.45896,33.05343,53.09744,22.263405,17.777006,13.404102,14.835233,19.017319,14.063811,10.473102,14.265891,17.20912,14.977368,0.078722484,0.09972379821635731,3164.8270137641316,2663.0482059668516
3-152007-B-20.wav,crying_baby,-227.02997,108.18049,-80.34514,-5.7209964,-34.827744,-21.096909,-22.742613,-10.9140625,-39.528484,17.185797,11.841258,-24.407917,-7.030423,109.88496,34.18575,36.165424,20.195023,16.348717,12.03385,17.358278,13.092759,15.283904,11.462535,10.702302,12.040069,11.468319,0.1620744,0.08017782047563805,2935.4199272696937,2703.500753229363
3-152007-C-20.wav,crying_baby,-329.5264,77.99262,-53.450924,10.123244,-4.007486,-21.333595,-17.371498,-24.63567,-21.333559,1.5944515,-8.257573,-17.078962,-9.52349,85.27833,26.665709,32.698242,19.637022,19.476423,16.444592,19.263006,13.297694,13.877791,13.733242,15.6072,13.726592,14.636826,0.1063724,0.08274951058584687,2726.4899703194433,2527.286947315995
3-152007-D-20.wav,crying_baby,-305.30734,59.087048,-96.99717,5.267217,-26.434196,-8.264925,-16.049011,-19.612406,-19.673162,-4.094675,-10.536416,-9.520725,10.60601,105.08956,38.986473,54.432774,21.28719,20.971596,19.790886,12.669744,14.441047,21.478056,12.534619,13.117194,14.818541,27.965515,0.13897792,0.10776514464907193,3357.1154446414953,2625.612350841627
3-152007-E-20.wav,crying_baby,-274.83954,89.2962,-74.71741,5.852743,-14.3815,-33.262764,-27.81691,-16.544807,-42.52621,0.21195881,2.8778195,-25.939983,-7.9819036,77.91855,28.317842,35.450832,16.86412,14.681284,13.184257,13.510088,11.905554,17.83647,15.664643,10.697117,15.753133,10.709732,0.12274778,0.06791980858468677,2716.08489166226,2532.9169796662363
3-152020-A-36.wav,vacuum_cleaner,-93.81937,93.37602,-53.55819,23.49177,-24.631329,23.295837,-14.8833065,0.26737964,-6.3992634,-7.7776036,0.45481175,-10.382687,2.986259,208.54193,41.753014,25.234127,14.645688,13.927214,12.591632,9.778086,6.196308,6.282263,5.7313013,5.419496,6.5095887,6.345127,0.29098642,0.09770836354408352,4388.127241932496,4003.0575522894155
3-152020-B-36.wav,vacuum_cleaner,75.363365,83.93739,-56.61997,22.010452,-19.64899,18.250345,-17.222214,-4.1940365,-12.746797,-8.546543,-2.5093095,-13.50571,-1.906767,4.35138,4.4702916,3.6390767,4.0726566,4.109869,3.47656,3.6179862,3.5051682,3.738155,3.3926196,3.4471924,3.4900732,3.9410462,0.5438787,0.12702449789733178,4620.479456537855,4142.018515249656
3-152020-C-36.wav,vacuum_cleaner,-224.80296,115.509514,-42.174377,24.733238,-29.238064,25.666279,-17.254173,0.10531014,-9.390181,-8.034179,-0.21968421,-12.614007,2.951154,210.40926,34.35458,50.85935,25.780144,22.104322,15.236933,17.219559,6.7702937,6.9528284,4.9171987,5.3715634,7.9333572,5.8058076,0.13423255,0.0792001250725058,3037.970365785295,3243.761179361976
3-152039-A-3.wav,cow,-219.80841,192.59128,-15.911173,1.7589418,-7.4425015,-5.030527,2.766504,0.5242525,-1.8359418,-7.9226365,-9.640557,-5.683868,2.4177244,55.10823,23.261902,22.598993,10.485701,10.065074,8.210825,7.493736,5.6634474,7.348055,6.739719,6.453662,9.670346,8.204195,0.17982307,0.03612941379060325,1374.0080692866452,1887.9839155293787
3-152039-B-3.wav,cow,-185.21675,161.03906,-16.067127,-4.7241535,-8.408589,-4.1989427,0.73092175,-1.6197567,-9.527523,-12.127611,-9.513961,-0.39771795,6.276355,60.966194,38.19983,28.06753,14.93069,10.531425,6.44292,9.150717,8.130165,6.2941675,7.8064156,6.975639,7.270306,9.407982,0.3018347,0.03473141132540603,1554.621818315282,2153.4473534921153
3-152594-A-30.wav,door_wood_knock,-746.3437,36.44245,13.208928,9.270704,4.072092,3.4834733,2.6724398,2.227967,2.2685213,2.15682,2.3473208,1.5842849,2.13299,87.330894,67.53883,24.155106,16.602997,10.469399,7.418597,6.478972,5.526182,5.6276956,5.369674,4.7464576,4.5426297,4.3985534,0.002936463,0.0016438424448955917,237.08374041008253,620.1191836521743
3-152912-A-26.wav,laughing,-370.4664,52.24515,1.347449,13.082471,1.6498116,3.0690753,3.8277245,-2.9702315,2.360892,4.9338465,1.649444,1.0023689,3.3151267,119.32465,67.70999,21.656359,18.381166,9.888327,8.14397,10.145572,9.404499,6.634589,9.870352,8.713203,6.2352743,8.527074,0.049553167,0.014172618184454757,780.6168556542841,1103.0260477536538
3-152997-A-26.wav,laughing,-224.53128,138.76631,-10.777688,33.74041,10.43776,11.911273,9.535722,5.7629266,5.745291,0.5450386,10.002361,9.770345,4.7687387,85.15172,23.12711,38.47228,16.200909,17.441454,13.929303,14.968398,9.062518,9.40534,15.731856,9.699393,12.743737,12.925393,0.16198426,0.027339218387470998,1760.4425508232716,2668.24994440777
3-153057-A-43.wav,car_horn,-513.69104,24.628778,-0.85266024,5.5565405,2.4297962,6.8692303,1.6723156,4.124,2.366524,0.64023626,1.4979185,1.8810785,1.2355201,126.74436,52.398163,7.788648,13.587577,8.4652,15.187022,4.9845333,9.156099,5.234452,2.8806512,3.4868548,4.1267376,3.2264924,0.02970493,0.00665920461136891,319.2710557923783,489.01808138388253
3-153444-A-32.wav,keyboard_typing,-523.8083,69.53585,-40.162056,17.95396,-39.017918,47.44922,-23.521942,18.555565,-12.592846,17.269382,-1.0332267,11.877994,-3.61505,81.07703,17.2602,24.194693,13.049211,17.923054,13.999379,11.082993,9.60325,7.8628073,6.6470275,7.85,7.2101,8.271133,0.002282718,0.24456546367459397,6303.6936888027785,4596.941068014131
3-154378-A-30.wav,door_wood_knock,-555.2142,30.435514,7.869902,3.180432,-2.3628333,-0.33794054,-0.28561187,0.12022279,0.22433545,0.6566662,0.45837966,0.7691422,-0.18644534,92.695305,67.39197,19.230429,9.9636135,9.9868765,4.0976963,3.209302,3.1136138,3.309696,3.1199,3.0684912,3.2130818,2.1767395,0.009067383,0.004963248622389792,366.58780552792854,634.952026342412
3-154439-A-17.wav,pouring_water,-355.56677,56.278805,-44.852287,13.221006,-10.872132,25.232346,-2.0595064,25.47176,4.411685,13.987032,8.319763,10.600367,4.0830736,99.30701,42.13142,31.920439,26.054237,24.658796,19.068577,18.70273,13.331566,12.424164,15.262397,11.878718,10.518626,12.0133505,0.015631014,0.11900014501160093,5465.070812265622,4326.487911267368
3-154758-A-44.wav,engine,-223.21864,142.5652,-30.8378,30.166433,-34.56151,30.251333,-21.90532,19.388094,-18.136486,7.3412485,-21.250135,0.3789762,-6.649183,13.492753,10.002875,9.511409,6.0443487,6.210628,5.6970596,4.716576,4.1787815,4.3087187,4.3582306,4.1141734,4.472197,4.7273235,0.031043049,0.07574363761600927,3403.200008645371,3955.509247864218
3-154781-A-32.wav,keyboard_typing,-511.6461,131.75574,-33.83443,39.10703,-3.7977293,19.9873,-13.405199,14.360232,-4.8245993,8.01753,-9.17395,13.70799,-9.415351,77.7079,17.994316,34.527863,11.177018,11.37878,8.043138,11.511712,6.681393,8.5501995,8.593302,6.1381073,7.604771,6.8689756,0.0027038287,0.05675731402262181,3157.2485546009234,3673.518304355075
3-154926-A-40.wav,helicopter,-527.34924,99.78676,2.07557,-2.5774226,11.734916,1.4823239,-0.3539726,4.4325166,0.98930806,1.7984102,2.9580104,-2.0004034,-3.5848823,159.37875,125.65207,12.376184,4.9378166,15.580363,5.6913686,3.0700092,6.755643,3.2301047,3.5158222,4.868224,5.2005987,5.469781,0.030590663,0.007218858758700696,343.6069575424753,503.51764193047165
3-154926-B-40.wav,helicopter,-263.2523,272.99152,-35.4747,-2.9875965,25.665205,-12.332898,8.1421795,5.5246882,-8.815574,3.8256457,0.024903335,-3.7524102,0.80962384,53.28243,24.602062,21.348322,9.719904,8.570524,9.858786,6.701004,9.042012,9.319982,6.104547,6.314393,6.767885,6.4743094,0.106978744,0.0274423125725058,953.1756850863292,1110.2732608004492
3-154957-A-1.wav,rooster,-311.1691,28.597364,-27.698053,-10.968636,-25.288006,3.7339804,0.7159003,-8.517242,-10.589949,-5.952799,-0.49564978,20.104927,15.026317,126.19236,37.463966,37.893055,16.210373,24.717133,11.563459,7.907898,11.309688,10.750406,9.545167,11.841,20.609442,16.431591,0.24770348,0.07721981039733179,3423.70684472258,3614.5952296851674
3-155130-A-43.wav,car_horn,-304.89944,125.6577,18.226223,17.220451,-1.2299731,13.316618,-4.8679323,18.34738,-3.284109,12.736595,-7.1980257,8.2613945,-5.9357915,58.716278,28.253813,12.653167,12.179873,9.169461,4.179493,18.120365,4.7263136,5.801479,5.6682053,10.983915,6.1056213,4.8460917,0.03269759,0.050563732598607886,3339.0857945479925,4696.775552646159
3-155234-A-43.wav,car_horn,-287.24734,196.88406,-23.432884,35.577904,-2.8031356,25.830685,-8.527105,13.343467,1.3469626,6.866735,3.5733457,7.0015063,1.817116,13.9529085,8.691061,12.317716,6.349938,6.560314,5.4932323,4.8291526,5.0404553,5.031406,4.887821,4.2973595,3.981595,4.17954,0.046850823,0.026500870069605567,1399.029160164034,2299.2511608615246
3-155312-A-0.wav,dog,-333.6453,127.57653,-19.299957,-41.627068,-17.459187,-23.214972,-23.525208,-17.307089,-18.306833,-10.261211,-4.63635,-8.996227,-2.3429418,116.00315,73.9241,48.069817,38.34847,15.663813,18.142748,14.690943,10.640835,8.626698,6.3839283,6.1269097,7.3173494,8.142092,0.105153866,0.04026564312645012,1364.0493149850627,1428.2752931217694
3-155556-A-31.wav,mouse_click,-791.9173,11.526184,-0.63080424,2.7714922,-0.5261838,1.7334465,-0.12742151,1.4595511,-0.0123513,0.87748104,0.2082266,1.0872501,0.2147532,102.37646,38.634773,7.886434,9.402945,5.4652247,6.265814,3.7316995,4.9482093,2.1699119,3.8411481,1.7789248,3.7671285,1.0980166,0.0008516971,0.0024753933439675174,242.3060487601532,340.00257225672215
3-155568-A-32.wav,keyboard_typing,-506.8387,105.16941,-45.507797,27.915821,0.0426429,26.9434,0.5119843,16.62068,2.126585,15.086017,8.310537,5.9983125,1.7668253,162.43774,48.874268,28.065062,15.99064,12.16764,14.500706,14.069591,10.202953,7.097489,8.583994,6.8842893,7.467966,5.8400373,0.005549102,0.041285255945475635,2587.482672805344,2848.5498336672767
3-155570-A-32.wav,keyboard_typing,-478.3436,101.78176,23.21108,29.303226,-1.6507298,33.268467,18.756817,30.5566,7.7630353,18.419512,10.678802,8.616703,6.4334364,108.38299,16.708323,18.685663,14.472182,13.255314,14.821579,11.091852,13.990502,9.259583,6.694582,9.241448,5.691714,7.239407,0.014334796,0.02293109229988399,2845.145873920064,4160.770727187822
3-155577-A-14.wav,chirping_birds,-124.81195,99.45222,-31.636995,50.675144,-21.708418,6.938961,-10.94938,20.591053,-25.704458,15.986106,-18.537588,10.346757,-14.859676,13.347241,9.044062,10.477078,12.926391,8.690352,9.553268,9.474561,9.216052,9.911473,7.636666,7.959929,7.721451,7.9579587,0.08844498,0.1643355296548724,4727.339236848984,4205.212333976337
3-155578-A-14.wav,chirping_birds,-149.90776,60.139446,-50.520454,45.939415,-25.044256,1.20769,-3.3753898,30.39576,-19.688978,10.202565,-10.318438,5.469289,-16.244505,13.105725,9.921727,10.966674,12.363008,11.641953,9.8729925,9.069257,11.1965275,10.502304,8.732404,9.414274,10.839777,8.122695,0.09155794,0.22772825732308585,5562.035539160653,3901.912982205569
3-155579-A-14.wav,chirping_birds,-160.51074,51.209206,-33.359787,59.15201,0.012307293,4.142276,-8.499992,23.387209,-15.220589,9.441508,-10.137194,5.7189527,-14.626821,14.510809,9.293912,15.428708,15.036773,15.97275,13.2156515,17.158413,14.616148,12.662722,13.197077,12.101861,9.749397,10.134534,0.124463506,0.18884702182424595,5446.2833523288145,3984.1636579396795
3-155583-A-14.wav,chirping_birds,-319.45984,140.70494,-24.759857,51.860523,-7.484773,2.8935945,9.608023,7.9573345,19.150293,-1.8040103,23.900358,-10.698934,6.789066,13.436483,9.150717,6.547142,6.802744,6.7973304,8.899373,8.776755,7.772716,7.489987,7.361643,7.1860857,6.614328,6.585479,0.022195548,0.06035088275812065,2933.3830671606547,3774.2744207567125
3-155584-A-14.wav,chirping_birds,-361.55466,149.89363,-22.286251,64.19469,18.995213,-1.4998665,7.7109346,4.9667244,9.815151,0.17434134,20.178907,1.7886187,-2.3205013,10.719813,9.95366,11.726162,9.049024,9.130213,11.823111,9.006265,10.098086,7.8831553,7.9192424,7.22701,7.3301973,6.886353,0.020714536,0.05045950551044084,2232.9158722219604,3013.908629960076
3-155642-A-11.wav,sea_waves,-128.56056,172.61902,-17.397127,44.189495,-39.31595,27.856117,-19.031366,15.8849945,-19.242975,15.086496,-16.5353,3.7121897,-7.460571,22.750626,7.075545,9.795626,6.383405,5.5606046,4.7755966,6.9382114,4.6669574,4.832208,4.3043585,4.8629103,4.259068,4.2455664,0.13212398,0.04340151899651972,2353.9893941793753,3391.242594912131
3-155642-B-11.wav,sea_waves,-113.66074,166.99492,-18.272161,46.175003,-40.184853,29.302942,-20.599646,17.277481,-20.087893,13.410758,-14.346365,3.980811,-7.773774,29.949448,9.40465,10.066787,6.5294337,5.1477094,5.4566135,7.1884995,5.086767,5.2752733,3.7935264,4.4861846,4.254779,4.1687193,0.14361157,0.05027144359048724,2583.1234026154334,3535.057187374866
3-155659-A-34.wav,can_opening,-388.37158,26.416277,-1.1713502,20.356686,2.5666125,11.513131,2.1393764,8.799974,7.094654,4.398822,4.3280535,5.4471927,3.3793428,133.31378,45.51033,24.67384,26.226206,13.58501,14.242315,9.249383,11.300482,9.404974,7.269724,6.9234443,7.8052483,6.107239,0.036919527,0.05186657120069606,2449.285816539277,2235.0618726222756
3-155766-A-13.wav,crickets,-726.43976,33.634876,-96.011894,-93.98801,13.565201,102.861984,36.01613,-51.836292,-64.35668,13.481203,41.777153,9.956202,-24.010426,18.611319,5.2893353,5.328306,5.2506,3.966945,6.2078032,6.064048,6.1201468,5.234303,4.833862,5.1415777,3.8466072,3.861798,0.009958134,0.08466185107308585,2099.716234794646,1517.6182229525014
3-156391-A-35.wav,washing_machine,-280.17114,128.72572,-9.147626,41.003445,-23.001133,35.219097,-12.484903,37.618217,-8.882802,22.997244,-12.887817,13.080791,-10.9710655,5.4163337,4.3651695,4.4725456,4.195512,4.247564,4.3557115,4.15074,3.9925554,3.859594,3.5521064,3.961192,3.857201,4.1177864,0.029513456,0.06530166944605569,3557.953769064118,4459.854521953131
3-156393-A-35.wav,washing_machine,-260.69766,138.82925,-1.4027134,45.500122,-11.845251,31.919018,-5.7350264,31.080128,-5.7845435,19.801012,-7.9721313,11.302862,-9.091732,10.79457,5.9020386,4.895908,4.4536347,4.751077,4.5666666,4.7570295,3.9246733,4.4304824,4.1445284,4.0176454,4.028556,3.9989936,0.054476142,0.03455807714617169,2680.7454800345777,3994.993362271206
3-156558-A-21.wav,sneezing,-464.04666,34.97337,-10.986448,7.8503866,3.902955,5.4372697,0.025819106,3.845871,-1.4217418,2.4667172,0.34257033,5.173202,4.0073094,149.58788,54.017376,25.81141,15.903153,9.621628,10.235748,9.324854,8.734355,7.7607923,6.5095925,7.1497884,9.152141,7.9636703,0.03313106,0.018362093967517402,1205.8654905688918,1690.9530354717838
3-156581-A-14.wav,chirping_birds,-311.822,49.221737,-44.19246,31.299093,8.138424,33.400204,-12.591513,13.276145,-15.942439,30.662336,1.5015472,12.2100315,-14.473959,13.725651,7.4193177,16.56802,9.455281,12.703189,10.064989,8.266015,8.75609,8.604819,8.067781,7.944935,7.3464823,7.1778674,0.018519027,0.16792230097157773,5857.478084645478,4900.079097775356
3-156581-B-14.wav,chirping_birds,-265.34805,34.594624,-74.77284,56.23124,6.25454,27.600403,-10.339018,12.179871,-15.451722,30.285,3.8161144,8.770278,-8.8877945,42.454983,20.884321,35.506702,40.76642,16.638609,10.21768,9.310171,9.077114,7.0562763,6.8105555,6.2408633,6.640384,6.61616,0.04832842,0.1869199535962877,5493.602471275523,3934.1111853388948
3-156907-A-15.wav,water_drops,-597.89014,13.770877,4.1038833,2.227171,-0.63290435,0.10757045,-1.9011256,-1.5340263,-2.3326032,-1.6364235,-1.5222555,-1.0958774,-1.4447762,75.203354,39.147144,12.643185,7.122746,5.067717,5.789219,6.083661,6.1556783,7.0938754,5.7344446,5.201639,4.1743627,4.8629384,0.003927457,0.12299136274651973,3476.8629352326925,2447.1868252918152
3-157149-A-10.wav,rain,-121.3303,71.58097,-94.52432,52.975384,-78.496765,30.617804,-69.867516,15.204937,-49.13529,7.839908,-33.236404,-3.3292577,-20.758709,7.3001966,7.301866,6.645471,6.188186,5.7456923,5.2330766,4.688368,4.6941943,4.3561387,3.81667,4.4140153,4.1612167,3.997593,0.07641448,0.2634702182424594,6183.351948372277,4085.71715724729
3-157187-A-12.wav,crackling_fire,-470.46686,42.139412,10.37714,23.40784,4.861599,16.067596,2.2156303,12.290843,2.2100787,6.890855,2.1670988,3.4454348,1.808206,169.7057,54.30124,15.916365,29.514084,8.310144,20.254246,5.201025,15.428814,5.5777254,9.434789,4.4219494,5.156235,3.8207543,0.040848535,0.010020528204756381,1129.3883735217216,1730.8762879231294
3-157487-A-10.wav,rain,-172.00627,137.85936,-24.674553,30.888771,-13.020078,42.843822,-14.644184,24.562704,-3.0742552,12.26078,-2.899917,9.630535,-2.4924464,15.267012,16.222904,11.514615,8.12903,7.28263,7.042095,6.930862,5.127792,5.3308487,4.555397,4.8482885,4.7437344,4.732328,0.069988854,0.05265393887761021,3205.3356983581043,3984.7100231325
3-157492-A-45.wav,train,-227.06436,213.90556,-15.162234,12.95353,11.626433,-1.7203199,7.4930315,-7.018899,-1.6559699,4.4418874,-0.3203632,-1.6104673,-2.9580576,18.3473,7.84002,6.853032,9.368877,5.495766,5.8119383,4.8172307,4.643447,4.3731804,5.0612507,4.61536,4.3356986,3.9304838,0.08573165,0.02800309962296984,1133.3356714565527,1589.412948061584
3-157615-A-10.wav,rain,-114.56968,48.08622,-65.49396,42.294395,-53.358685,27.942326,-39.03123,19.541319,-33.736347,13.074338,-26.153208,13.90139,-24.014206,7.9790916,7.5411267,6.930257,5.89,5.3867555,5.57901,5.2914066,5.0205092,5.131418,4.792525,4.8983912,4.324485,4.3046474,0.06597576,0.27865678473027844,6696.639693357242,4223.292853896591
3-157695-A-0.wav,dog,-405.5047,59.755085,-4.0767093,-8.550707,-16.863804,-2.2508786,-9.876718,-21.601187,-16.974382,-4.9045167,-4.2004247,-6.215578,-3.0366986,128.60637,70.3052,22.893785,15.999922,25.987494,7.3332424,12.180063,25.522575,19.087118,7.7622933,6.0265794,7.944118,5.0448194,0.050868466,0.028344103465777263,3800.2577565783977,4101.252805150376
3-158056-A-31.wav,mouse_click,-635.1497,-8.10972,-10.743549,17.966831,-9.29879,20.08206,2.6712644,13.179279,4.081852,10.900916,-2.4946194,5.2944336,1.0752305,134.71619,34.86026,19.719135,12.058841,9.054187,13.412838,8.771596,16.240597,8.669434,8.0334835,6.1845546,5.7467847,6.797597,0.0028482797,0.3399219203161253,8731.835763180328,4880.131209740288
3-158056-B-31.wav,mouse_click,-693.9255,-15.774672,-0.786227,35.621864,-20.764772,12.2073345,-8.667256,5.5952287,-2.0690918,14.692061,-5.891613,11.517801,0.21947056,136.41357,46.313843,17.12159,17.419115,15.065265,15.057647,18.190357,8.41062,6.6317377,6.4360743,7.9414983,6.7176337,7.2852,0.0020988288,0.3694363127175174,8900.167799612793,4830.46797029718
3-158476-A-12.wav,crackling_fire,-486.3025,82.34038,15.344829,52.824898,3.1849966,36.61537,10.460715,23.554565,7.6356997,19.423313,6.6969323,12.049193,3.8216357,67.783325,26.479416,19.647232,15.576471,12.503407,12.959925,7.2129145,8.918835,8.1924715,7.76673,7.256758,6.738186,5.925956,0.010766102,0.038423542633410676,3666.770217730318,4569.9480660984555
3-159346-A-36.wav,vacuum_cleaner,-115.80579,163.55376,-63.97321,35.70666,-25.155422,18.747643,-4.411169,0.52600855,-9.808902,5.7959585,-10.517571,3.445127,-6.871468,3.9415047,4.227655,3.726456,3.745175,3.583177,3.6799324,3.774268,3.5476055,3.748203,3.7569888,3.6292634,3.8133996,3.6218867,0.09824546,0.07712351363109049,2680.989547684711,2908.8202838341217
3-159346-B-36.wav,vacuum_cleaner,-69.05873,91.230064,-73.88409,43.476604,-31.684399,15.69062,3.3581998,7.0598264,-8.517598,6.7471166,-11.265702,11.4785595,1.8572292,14.007324,14.635051,9.565231,11.966109,7.2531695,6.248082,4.6181617,4.723681,5.525008,4.7720604,5.4430137,5.5602827,5.797995,0.12567091,0.17483980749709976,4535.317809285124,3454.769903853138
3-159347-A-36.wav,vacuum_cleaner,-64.83859,92.56137,-71.17795,46.470963,-31.946184,11.882259,5.2283506,7.0249195,-8.672328,4.6493278,-11.559918,9.442381,0.38242692,12.427318,14.242626,8.936709,11.928922,7.3722134,5.1982045,5.1611114,5.4185886,4.9504294,3.952786,4.964841,4.786205,5.737543,0.13169003,0.1750154074825986,4499.779339838304,3403.7582173296864
3-159347-B-36.wav,vacuum_cleaner,-199.29233,148.97398,-52.9639,27.821526,-24.040068,15.7566,3.6297774,7.681944,-1.885685,4.4511714,-11.89085,12.5025625,0.67662585,102.72956,30.18812,9.553418,13.352616,9.130854,7.9080377,6.4369736,6.0391555,11.889022,6.7342386,8.733808,7.489431,9.9245615,0.064201444,0.0865039515661253,2951.79333104821,3118.6169650140596
3-159348-A-36.wav,vacuum_cleaner,-305.00006,143.3644,-53.771904,31.38273,-15.150758,14.157204,-5.1466866,3.2420971,0.08022087,11.454169,-3.3868418,13.099772,0.9745043,91.85978,7.441862,15.987002,11.252551,11.033338,6.835297,7.1550984,7.54093,8.767927,8.869739,5.669776,7.278139,8.667724,0.020116983,0.0785396425464037,2971.7587924142904,3325.7531691622344
3-159445-A-45.wav,train,-109.3734,198.0454,-28.917562,20.545866,-11.680758,3.0048904,-8.299191,2.3952441,-4.581714,2.9128866,0.42385122,3.7867837,4.997987,40.88098,8.186596,11.7555895,7.2064195,6.5879107,5.339054,6.670942,4.9170947,7.6824107,4.1448884,5.662877,4.465703,4.549915,0.20826006,0.03685560469837587,1581.853078115302,2243.594448927866
3-159445-B-45.wav,train,-151.92647,194.2563,-4.0041704,7.6083226,-7.634717,-0.464098,-3.5054822,-1.7298845,-0.68865246,-4.181759,0.30334657,-0.6218473,3.25598,48.797546,8.718524,20.121212,17.109016,6.8828006,6.0351133,5.0392513,5.1563773,4.5596704,5.276206,4.812744,6.09708,5.451362,0.19007035,0.028676044083526683,1301.3103988678486,1988.135701431546
3-160119-A-15.wav,water_drops,-645.3975,22.841763,0.73125243,4.2884274,0.12775598,2.0014284,-0.6592302,1.3853247,-1.236338,-0.50323474,-1.021421,-2.0386393,-2.7040663,95.89274,42.716785,13.522946,10.130007,8.296184,8.439875,7.1310053,5.249528,5.6561446,4.130333,3.7892642,5.0453825,6.2287498,0.0019567884,0.01548905162412993,961.6376906720458,1078.2377769844345
3-160993-A-3.wav,cow,-199.12425,222.30528,-12.168517,-17.684591,7.4290247,5.4110327,-5.9152284,1.5333935,0.4876413,-7.852104,-0.78670067,3.231699,1.7854533,20.616453,10.77773,7.0439296,5.753962,6.577904,7.2737174,5.5800104,5.6820345,5.501377,5.170403,5.061765,6.159724,6.857118,0.1946784,0.026555249419953596,1078.7152614634883,1497.5965893412044
3-161010-A-43.wav,car_horn,-239.59117,166.7964,-63.22531,76.78936,-25.043993,24.725004,9.89126,1.5718578,16.446823,-7.8084397,8.654894,3.6768575,1.4736631,12.216712,5.943884,7.4345355,6.463489,4.6918855,4.0790067,4.2215185,4.0499573,4.0764694,4.2654214,3.811403,3.9775271,3.971537,0.042541582,0.06646176225348027,2731.953674993671,2866.233013937508
3-161500-A-17.wav,pouring_water,-204.86882,97.79142,-38.93429,14.9289875,-17.104458,34.25612,-20.332645,5.4553604,-15.412036,4.3658423,-9.2413025,6.9588823,-7.6020575,36.77504,19.341465,16.412302,14.435002,14.114647,13.902095,11.068393,11.458094,8.627758,8.602526,8.981369,10.017995,11.828359,0.035745744,0.10387362238979118,4702.106455682301,4451.121057365779
3-162786-A-13.wav,crickets,-273.34863,110.45862,-31.326838,35.143936,0.56326646,21.718603,-26.49918,10.732224,7.831874,22.48775,-21.059582,-4.344361,8.404476,44.289562,27.615053,23.837358,20.403582,5.1618657,5.8404546,13.613044,4.4577613,9.0473585,7.142368,9.572526,6.8307066,10.414595,0.05702737,0.09137770084106729,3520.420540555706,3622.7549154273456
3-163288-A-1.wav,rooster,-449.3657,54.094303,-43.88782,-28.567808,-8.683645,-12.630499,-9.396175,2.463887,9.439955,9.687089,12.778202,10.334254,2.4238024,132.06308,67.57418,61.343853,36.76548,12.313938,17.459558,14.945526,11.289077,13.200899,12.725491,17.096395,16.349192,9.764577,0.053840823,0.029166591139791184,951.5909087878633,772.0783888041734
3-163459-A-0.wav,dog,-540.92145,49.54551,-2.4815767,-7.0253677,-6.217634,6.256861,1.5759788,1.4203836,2.7874217,4.223224,1.6933519,2.3600082,-0.47532076,128.23494,64.23046,25.558222,22.580626,26.231764,9.440047,7.705869,6.7340975,6.085944,8.5173235,5.873532,4.89423,6.2845917,0.01414601,0.018970462949535964,1083.5819612640173,1436.2200487055838
3-163607-A-13.wav,crickets,-403.89807,167.94037,13.708513,29.511343,-8.844237,16.860994,-2.5222745,4.737436,5.614251,-3.3555582,11.738163,1.2245114,3.4031963,13.070154,7.288253,5.8767505,5.2677383,6.4929533,6.7554545,4.982362,4.471021,4.588542,5.327025,5.086493,4.1318393,3.6571553,0.015927028,0.021509298868909513,1558.6234184547636,2814.919031211228
3-163607-B-13.wav,crickets,-482.85846,150.07892,11.652133,57.088806,-33.16507,38.19133,-22.667002,17.35276,0.2862308,-1.4789441,5.778169,4.43646,-4.410419,10.687733,8.47842,6.297564,6.1800528,7.347184,6.9499483,5.174731,4.36197,4.719029,5.0139937,4.763489,4.3808823,4.2023063,0.0047890637,0.05018194424303944,2816.3226036282463,3911.639288950447
3-163727-A-3.wav,cow,-346.52133,137.43842,6.314956,0.8682184,-5.016212,-14.432851,-1.1987969,-1.1068029,-10.133871,-2.333042,6.0417304,-6.300221,-12.35732,119.09844,83.074036,19.68532,23.285162,10.9872465,7.655811,9.48486,9.698098,5.803752,8.6277275,8.113906,4.991011,9.272116,0.13244656,0.06602219583816706,2130.194132200787,2403.4161411642804
3-164120-A-11.wav,sea_waves,-116.945076,140.49532,-60.919464,55.628635,-43.418766,34.400337,-17.864084,7.7028556,-5.672497,13.265781,-10.826141,5.7450566,0.14022699,57.231995,8.7161875,8.073513,6.7511616,10.078757,8.487724,9.027143,4.45652,7.375618,4.9506106,6.4618006,4.1682925,5.0641274,0.0950726,0.11691107163573086,3646.16799629578,3368.3916780732934
3-164216-A-6.wav,hen,-318.045,88.34367,-23.380816,-25.995422,-27.369987,-11.582519,-8.310052,9.737552,9.554942,5.8892765,-7.8051577,-3.9166908,-4.0234356,112.940926,41.439816,37.91874,17.54705,15.41288,11.131574,13.379095,7.4054117,9.478572,6.1665363,11.080305,7.076025,8.550803,0.07991367,0.05394544844837587,2306.6218459476163,2834.5310320397707
3-164216-B-6.wav,hen,-324.0612,74.719635,-13.968899,-17.179876,-21.106625,-7.8636913,-3.4765997,14.660621,13.434351,8.79014,-1.9814093,-2.0797071,-4.6915326,121.50848,45.422707,37.237785,23.944508,22.47335,13.526087,13.22112,6.9863944,7.506965,5.303833,10.69432,6.729973,9.279456,0.09799556,0.03983627283932715,2234.022386975518,3084.2195775571518
3-164216-C-6.wav,hen,-314.34335,87.807045,-21.461494,-21.352974,-26.42343,-12.237588,-8.334737,11.246357,10.925256,5.7020087,-3.9985323,-1.3092673,-8.220609,123.84618,42.052948,38.01129,19.09316,19.505713,12.691916,12.16214,7.4458303,7.8276763,6.540381,10.309394,7.2677,10.301894,0.08967864,0.04879073919663573,2383.8758526288275,3027.875063526499
3-164592-A-15.wav,water_drops,-690.667,16.167665,3.133026,4.9928117,1.9092128,3.982343,1.1060432,3.4485297,2.02447,2.3788831,1.0935686,1.6211178,1.0822974,92.6482,26.691004,18.461819,13.4376955,11.967701,8.87808,9.295193,8.531283,6.4324126,5.453763,4.9099736,5.8849726,4.7726717,0.0015269917,0.032816805031902554,2127.9811017778266,2197.643849489442
3-164593-A-15.wav,water_drops,-612.1239,10.093285,2.4976435,6.882616,1.2406657,4.4648857,0.39128807,2.4817193,0.7127065,1.8642087,0.7225781,0.23862544,0.03063394,82.26615,24.821203,20.297613,16.983383,15.614553,10.978191,11.4019375,7.216833,8.306535,8.5750065,8.0171,6.256222,7.5093694,0.0032550565,0.053121827871229696,2740.0833461017905,2485.568960927723
3-164594-A-15.wav,water_drops,-631.61847,4.035559,-4.819267,3.6000354,0.07486047,3.24926,1.3360921,2.9162457,1.4820142,3.4972985,2.2412,2.437334,1.3847697,99.73484,21.005392,26.988525,14.497863,11.904736,8.766456,7.35558,9.429293,7.653869,7.692562,6.1512833,5.7897806,5.783195,0.0030204765,0.03588244090777262,2314.62565779984,2061.607891890619
3-164595-A-15.wav,water_drops,-719.1012,25.67085,-1.9257051,3.6792119,-1.8296615,2.7120833,-0.70054984,3.4919958,-0.42488468,2.547726,-0.36191398,2.0275414,-0.008496384,122.41698,44.17096,17.974787,16.176115,15.441736,11.488705,9.556434,9.439096,6.8966637,6.1519284,6.6818857,8.007383,6.399097,0.0021740526,0.0273414841937355,1530.6822454958187,1525.7942028633936
3-164630-A-11.wav,sea_waves,-87.54677,120.426994,-41.2786,23.026049,-29.446749,21.96667,-30.676365,22.80056,-21.083632,7.7930293,-14.7149,5.926529,-7.294059,26.05349,14.562034,10.105832,8.750096,8.101382,7.3968973,6.962106,7.223428,6.457671,6.20202,6.117832,5.861301,5.277077,0.097212814,0.10962650449535963,4180.991942396722,4230.798169996032
3-164688-A-38.wav,clock_tick,-594.4748,52.888306,16.335718,7.3225207,3.860411,15.160399,2.0549273,18.041107,9.480543,16.830051,8.449494,12.525338,1.5019243,193.18297,40.282444,28.602629,27.984032,28.247147,11.640723,25.803318,8.611307,13.95218,5.501199,12.627002,6.6648417,15.123951,0.00943425,0.04394644540313225,3169.5423938202002,4678.372145709264
3-165856-A-41.wav,chainsaw,-229.1248,145.50871,-39.230324,35.076916,-25.653877,-14.305843,-22.4765,-8.168116,-20.051542,-8.127759,-2.0289905,-8.403539,-0.2016609,146.80394,50.71742,30.100819,11.39711,17.036549,9.568656,8.817186,5.8200636,7.111852,5.0847316,5.394545,5.044689,4.444849,0.15512154,0.03411397911832947,2049.096390242662,2672.4595104549576
3-166125-A-23.wav,breathing,-480.15994,95.31623,-16.412926,12.8173685,-2.6779797,17.263897,0.03575145,9.965178,-10.390337,-0.32244593,1.2481303,11.592853,-0.5859616,102.02552,31.293478,28.617508,10.506126,12.003411,8.282102,9.31819,8.7200775,8.247264,9.128667,6.2205496,6.7609634,6.040789,0.0040830825,0.23177158860208816,5084.668509619077,4950.868703490679
3-166125-B-23.wav,breathing,-523.3802,79.77962,-11.0212555,15.5105295,-1.812461,16.085201,-1.4283134,8.991068,-10.982356,4.0299435,-2.5592475,6.99501,-4.1314135,97.06465,33.339397,27.23894,8.340699,10.87358,7.341158,6.610772,6.783066,9.627166,6.469291,5.901432,5.97269,5.6564484,0.0025686824,0.2600205282047564,6000.879874711403,5268.1634711858505
3-166324-A-15.wav,water_drops,-741.6605,36.976707,10.084504,18.934631,9.174704,9.481792,6.059948,5.653393,2.1730976,2.1669407,-0.0020123192,1.7662027,-0.49726152,133.57925,47.23984,24.639404,19.50348,15.398503,10.407476,8.843845,7.202035,8.922208,7.7395654,9.781274,7.16449,9.076924,0.0029272567,0.18131434889791184,6809.740618790919,5360.72344483884
3-166326-A-15.wav,water_drops,-610.1978,33.123528,-80.65307,-45.58794,-21.73453,9.095279,9.314508,5.845518,-2.3491902,1.4584115,-0.11346531,0.22975864,1.4457029,109.04494,50.866173,59.63243,50.054184,27.621845,25.640026,22.038408,15.292776,13.654587,11.271552,10.7874365,11.365831,10.461343,0.0064414837,0.13183480459686775,4342.698258864763,3348.5151866789624
3-166422-A-11.wav,sea_waves,-83.01528,120.54465,-56.02228,26.698566,-26.885538,14.338534,-24.805317,22.732601,-19.79448,3.7622075,-14.67156,7.1661882,-12.045439,38.974056,41.35151,26.331266,15.648128,13.172921,9.440768,13.294094,9.557003,10.610357,5.6044283,8.465412,4.7315016,6.9926686,0.11909547,0.13613530488689096,4308.162337435896,4038.510417213765
3-166546-A-34.wav,can_opening,-557.77277,55.739532,14.366972,33.579617,20.897015,31.329054,23.748068,28.50915,17.09429,8.860602,1.3576518,7.0276585,6.3791075,173.12164,28.128492,45.763546,21.562462,26.98726,10.058037,13.227563,11.768852,11.894993,8.188237,11.454587,5.257547,7.7571683,0.020999745,0.05170116734338747,2633.515315194818,3532.3839901593155
3-166546-B-34.wav,can_opening,-567.107,34.09858,0.5650145,16.010195,11.330096,18.288927,15.023092,18.80697,12.214567,7.086727,1.750919,4.7645364,4.3832917,145.31734,30.190859,41.14774,19.018091,22.794876,14.301558,14.458858,15.280183,10.996845,7.598871,8.279663,5.476936,4.987731,0.011385338,0.031470916110788866,1855.1571097161611,2657.7268677908633
3-167096-A-31.wav,mouse_click,-458.57837,133.62007,10.167457,28.25769,-8.480299,25.343279,-8.881757,19.950739,-4.2422395,8.698899,-3.3663893,8.914364,-5.3376803,64.65973,35.59747,16.922674,12.627923,10.847739,12.346908,12.260056,7.93014,5.141109,5.446645,4.9279766,4.3455024,6.0229793,0.007422762,0.04445398600638051,3219.001253844523,4092.49659630943
3-169907-A-29.wav,drinking_sipping,-405.23358,104.7977,-22.062895,41.79472,-1.396343,18.164036,-15.938018,2.3595486,-14.034379,12.158415,-0.3126399,4.614557,-1.7962049,105.839066,41.46675,24.245096,16.811096,15.648082,14.430486,13.915886,13.283921,9.622903,7.954768,9.40552,11.124692,8.071207,0.008670636,0.11459994924593968,4264.137897948968,4001.477684565063
3-170002-A-34.wav,can_opening,-446.29373,65.539825,-13.494839,14.018634,-2.2101982,16.248053,-0.40015244,12.012739,-1.3310018,2.46489,3.8465703,6.266332,1.1813142,153.28342,42.264805,38.35544,14.322217,17.211515,13.267783,13.520303,11.258117,13.317701,10.523453,6.8951488,7.7559733,8.243398,0.021935511,0.11110154437354988,3806.480272331396,3479.924384253238
3-170015-A-0.wav,dog,-569.1899,30.916761,5.37394,0.9956992,1.8850628,2.3504267,-1.4174644,0.31668764,2.2516835,1.6899248,1.0550512,3.6822076,5.124872,75.670364,38.539528,28.261448,20.03898,15.478336,8.797441,13.881542,8.469532,5.984183,6.069867,5.491843,6.524766,7.7120404,0.004980774,0.02088167053364269,1428.416004894898,2348.3191033568587
3-170312-A-31.wav,mouse_click,-555.05414,33.029327,2.5877306,22.535788,-2.7726662,18.004654,-4.061114,16.1512,1.0721476,16.367762,-2.196443,13.827962,-3.5210288,214.07545,32.895992,14.629134,19.918198,10.508415,15.3165455,10.517189,14.038916,5.729377,14.6891365,4.6736917,12.44602,4.7649126,0.011345245,0.05422527552204176,3633.334718250946,3419.5041411910065
3-170377-A-38.wav,clock_tick,-520.9708,98.04306,-22.254301,31.883583,-4.7314773,5.4352956,4.506505,0.36593652,-2.023722,2.749112,-8.501921,-1.2179077,-0.7969209,93.95175,10.595563,40.884296,12.914553,12.679547,5.8262563,5.0289974,5.6866484,6.1673355,4.5071807,11.362101,4.010432,5.5998225,0.006288473,0.1104433276537123,4409.737112698506,4485.241771837975
3-170383-A-38.wav,clock_tick,-546.774,81.79684,25.567537,27.750448,10.485588,19.329632,2.8146431,9.962596,2.4441266,7.3110905,4.606351,4.5688696,9.868544,92.31049,13.926529,22.710926,6.6160164,17.210129,7.130942,18.298326,8.4821,12.055731,6.6369705,8.780358,7.596894,5.533172,0.009672592,0.026437427494199535,2769.8843695256273,4103.427791583433
3-170574-A-30.wav,door_wood_knock,-520.7831,26.744017,10.6605625,3.6959743,1.278235,1.2114,0.47180516,-0.79319733,-2.0252354,-2.4129891,-2.4010148,-2.3394494,-2.1798913,76.81063,61.86613,22.500788,10.956603,8.009613,4.6352463,4.0201283,4.0809665,5.696234,5.596494,5.0835633,4.586449,4.0251136,0.0137442285,0.01525454067575406,1280.595299349267,1672.0666014290298
3-170851-A-31.wav,mouse_click,-493.89093,102.48514,-47.07226,35.720963,-19.03043,30.204933,11.447777,20.771122,-2.2596931,0.44578415,-6.8217325,6.8677473,7.0469975,94.87906,17.818146,25.838808,16.035814,17.185827,8.3447075,14.397884,9.394267,10.649273,8.597695,9.443915,6.080564,8.7148285,0.0041494793,0.08075333526682135,3984.4109337372747,3793.7172875113233
3-171012-A-38.wav,clock_tick,-550.3306,115.575134,-65.35073,7.306724,-3.5070093,13.063302,10.08591,2.2236397,0.59241253,0.10764272,1.7435453,1.6745875,3.4076743,80.08972,15.340575,20.330015,13.907658,14.735475,6.469768,7.3352036,4.567762,10.546256,6.532223,8.86806,6.070054,4.986604,0.003978201,0.09647689783932714,3283.6045186930564,3158.036426732507
3-171041-A-38.wav,clock_tick,-386.64697,108.79541,6.3658576,14.042419,6.0296097,17.248028,14.027824,21.562874,-1.6611459,1.0619423,-5.0964146,7.524097,-3.6970792,103.60813,40.26324,24.914383,14.452673,10.237369,12.501619,8.092693,9.7174835,10.116294,7.071802,6.3404813,5.5858364,9.281727,0.012819575,0.06744965378480279,4122.182091312173,5072.002911253798
3-171281-A-6.wav,hen,-327.35803,112.55426,-45.32414,12.461131,-22.940256,3.576853,4.8233533,10.423218,-0.4269712,8.61033,-5.749527,20.060272,5.840974,48.523144,14.856302,31.15211,17.986906,7.270593,11.369659,11.411265,8.806388,7.909109,6.571891,7.164999,8.583455,7.785235,0.018709157,0.09131878987819025,3620.7292111070174,3863.513338972206
3-171937-A-34.wav,can_opening,-444.63196,49.375896,13.059394,13.220624,3.8740942,11.892101,16.715672,16.02197,0.47447264,-1.2828882,-2.4994938,3.4360864,9.846245,91.394394,18.711561,22.298584,9.577058,11.446397,10.189547,8.485463,10.161902,8.270518,10.509178,4.7026625,4.1433415,4.2046437,0.01974142,0.07572777697215777,3720.1157324969977,3958.4898978632104
3-172179-A-31.wav,mouse_click,-437.16693,64.22259,12.062992,29.273325,0.5743565,9.803321,3.5487623,17.454247,6.439356,16.941586,3.9742537,14.4075775,-0.40939456,174.65527,38.546627,26.602036,19.126522,18.714426,11.545192,8.636355,11.766386,7.480904,11.985936,7.4040513,11.204657,5.890751,0.029951923,0.14235381017981438,5538.431379434106,5268.790558145191
3-172881-A-48.wav,fireworks,-344.8415,176.78691,-38.088764,8.553391,4.8716087,-6.0424995,-2.3364668,-7.6147456,-6.5114803,-4.044793,-3.2830982,-0.8578181,-0.8665132,78.98963,19.194715,21.892027,15.704717,13.829877,8.093297,8.286145,6.0968847,6.3447957,5.237643,4.8600006,4.976695,5.458147,0.022322051,0.049385513341067284,1865.034851107186,2142.4708969626486
3-172922-A-48.wav,fireworks,-443.3318,191.57346,17.034369,2.9233038,14.270238,7.5679464,2.8026595,1.9931214,-0.8092563,-3.4298136,-4.6294055,-4.514131,-3.4825563,81.09181,12.684419,37.33736,15.553103,10.724795,9.225146,6.146586,5.9198008,5.3127317,4.8042297,5.102391,4.510629,4.547368,0.013030068,0.022488127175174014,1026.4060275436966,1645.5793261573278
3-174840-A-43.wav,car_horn,-511.20905,25.524044,-25.119406,11.124735,11.370003,-5.528236,-12.715007,3.566672,-6.456908,-13.470005,-3.756337,2.8777938,-13.685839,133.87695,27.781887,36.192196,19.737284,13.84081,10.786123,16.258049,6.6836305,10.816791,13.753194,7.129536,5.8723454,13.506616,0.04353312,0.08793367531902552,2481.0017443146153,2262.560522058007
3-174866-A-29.wav,drinking_sipping,-708.399,31.829641,11.312088,13.113354,2.7898023,6.453198,3.5162318,-0.4885141,1.25372,3.5577724,0.9458541,0.46680486,-0.7573241,92.900475,54.989502,22.155376,22.468594,15.117685,15.784726,9.525624,11.63504,6.8608093,8.052603,5.7086387,4.790235,5.888144,0.0012543859,0.05931201058584687,2641.6243740626655,2359.1426992680117
3-177082-A-22.wav,clapping,-124.753586,164.2644,-79.23207,2.8990219,-41.284897,16.131048,-36.563126,1.8667942,-23.416412,5.9349008,-8.431808,-2.436121,-9.359088,32.981407,13.854737,10.622068,10.769506,9.853942,6.946833,8.971986,6.193514,6.586984,5.8810306,6.065573,5.4662166,5.143739,0.1165025,0.07322066234048724,2584.1194757010508,2758.9324927704324
3-177083-A-22.wav,clapping,-314.61417,136.73193,-53.851192,4.090469,-23.135359,15.948081,-21.700218,2.2498074,-13.844782,8.110245,-2.8183794,-1.3272444,-4.897995,203.72711,69.00234,38.133915,16.434242,19.746325,10.265317,15.338255,6.2660546,11.472921,7.098815,7.9653573,5.339225,5.9885607,0.05010876,0.05629962115719257,1998.7675397523647,2204.0865292411313
3-178096-A-6.wav,hen,-232.5303,192.49614,-43.41385,-43.15449,-16.345394,-35.325493,-8.528814,16.512125,9.689038,2.8862917,2.5907137,4.133461,-1.1372817,67.8596,23.487684,42.89516,13.565702,10.116654,19.19152,11.577587,11.61182,13.969409,9.223328,9.529046,9.897567,11.848634,0.18460412,0.04627002972737819,1353.3179651097116,1125.523356713689
3-180147-A-30.wav,door_wood_knock,-580.04834,105.982475,46.09008,32.482586,22.511383,22.963226,15.5854435,13.247874,11.833538,7.935296,6.336633,8.084655,5.745808,106.74679,57.94335,27.241098,18.400707,18.076954,10.267434,11.551251,9.048157,7.410874,6.7484584,6.533455,4.386256,6.0872526,0.015715625,0.023040983903712297,2096.163271559912,3506.322344827041
3-180256-A-0.wav,dog,-395.86426,120.59353,-10.014102,-41.370052,-44.26704,-19.22157,-13.339999,3.3657184,-3.7036724,-0.5290272,5.594931,0.72265184,4.5717597,141.04903,80.30329,35.323177,36.550655,32.732365,16.780645,12.055676,7.7843647,8.270478,11.1241665,10.009171,6.81278,6.7657127,0.072719656,0.03733708852958237,1818.4866845763106,2451.267452212781
3-180977-A-0.wav,dog,-174.03633,134.54843,-42.17766,-6.032583,-26.258127,-1.9668691,-14.483081,11.238522,4.631927,12.047625,0.1375804,6.859554,-5.296221,124.42356,28.351542,31.873804,17.357637,27.970402,11.447598,13.818701,12.682986,9.445318,11.567663,10.022849,7.751298,7.7174573,0.17941985,0.06887031431264501,2660.7066086432,2993.428545433204
3-181132-A-14.wav,chirping_birds,-514.4348,144.01993,-39.59069,40.917297,-10.265497,7.0756783,-2.7127955,-8.049606,20.581867,-14.274737,-6.977624,-4.804871,-3.0319297,15.8707,7.6884837,17.27633,9.107879,17.135778,8.456999,16.076235,7.95725,11.640919,8.378717,9.54279,8.0286455,8.307759,0.003883178,0.0800758591937355,2803.5538332836727,2893.857291772105
3-181278-A-22.wav,clapping,-260.56845,165.29733,-45.71478,26.914928,-25.568518,18.944317,-12.365709,-3.184623,-11.690708,1.9205616,-3.2262657,-4.536587,-5.1435285,68.48051,17.672989,22.368753,12.026901,13.44514,10.813335,10.483722,7.4383316,7.1105266,8.955581,7.0052133,6.80182,5.844192,0.035301093,0.054702227740719256,2450.7682239682504,2856.9244536720817
3-182023-A-30.wav,door_wood_knock,-408.9421,46.368507,28.988266,21.301558,10.060278,12.342488,7.499815,10.551674,4.104446,5.640634,0.7678329,4.482862,2.047093,72.598114,60.428814,34.519604,20.907398,11.310683,11.02321,7.387804,8.889449,5.061054,6.7579174,5.6456113,6.026167,4.0154614,0.086484715,0.04372099767981438,2468.5928375288236,2839.724577053107
3-182025-A-30.wav,door_wood_knock,-524.5349,58.93712,31.054386,19.452642,0.15336141,6.123834,0.62679875,10.079927,1.665548,7.3400645,-1.0383507,4.852204,-2.1027792,128.75876,74.63652,38.583813,21.57473,10.707599,9.442762,4.6643977,10.488994,4.583322,8.412784,5.0071173,6.701507,5.5084243,0.029553862,0.015446001305104408,1385.9030839372947,2189.7015827447613
3-182710-A-35.wav,washing_machine,-211.91559,158.59319,-4.2569013,49.043007,4.413486,30.00162,6.927015,4.7096877,0.32363325,6.9780903,8.536554,2.651724,0.66803384,19.24133,9.316636,10.577247,7.2275376,8.066058,5.9237723,4.600961,4.326124,4.4590273,4.1139064,4.4514933,4.165438,3.7510393,0.15403067,0.01238263123549884,1602.7159761264527,2848.6395608059274
3-182710-B-35.wav,washing_machine,-359.319,102.90658,8.9855995,30.283072,8.526149,12.893848,6.326174,5.1784368,1.8464242,10.706637,8.290085,7.5434866,4.897555,92.97468,33.220272,11.963904,13.189593,10.047164,8.339733,4.771906,5.6063147,7.519728,4.201547,4.557633,5.116531,5.4154205,0.035152446,0.03372879205336427,3466.976188429297,4642.073326456049
3-185313-A-31.wav,mouse_click,-603.02765,101.87622,7.8581867,34.062656,-6.443642,11.550673,-8.863501,-0.18619902,-7.460407,2.6730819,-10.189869,-5.073776,-15.494386,139.16821,49.93839,34.99405,17.1205,11.292949,7.310082,10.734632,5.840426,6.136012,10.687805,7.0019045,8.976498,11.092191,0.002022406,0.05683435143561485,3302.2123691742763,3685.8899361708313
3-185456-A-29.wav,drinking_sipping,-403.2353,145.13336,-15.026034,23.128363,-0.19536553,18.608908,-3.5152206,3.620694,-7.3063006,10.881891,7.1898913,12.745079,0.5021805,85.887146,32.875633,37.513374,21.786129,17.2618,14.656976,12.773165,10.169716,10.333767,10.466567,9.575078,10.270809,7.724514,0.014723809,0.04225728683294663,2479.758464968033,3402.3450296992273
3-187549-A-6.wav,hen,-217.59396,170.71815,0.21873896,15.047371,3.4887488,-4.98429,-1.6038711,10.798844,4.3370156,4.832905,2.4325604,5.8448024,-0.75608796,64.31814,21.58542,29.446945,14.4709215,14.992287,11.252694,8.844731,6.683944,10.112616,6.899357,6.362733,5.943171,6.10418,0.11624398,0.033416110788863106,1831.078718551646,3002.964977007806
3-187549-B-6.wav,hen,-272.12424,144.28815,-3.2297895,-9.631403,-13.66572,-13.614983,-10.150099,4.699881,1.2045738,2.3673081,-2.2467291,5.818121,-1.8790975,129.42679,27.913105,50.817383,7.900442,23.86116,15.7388115,13.099394,5.2781014,5.253814,6.2953157,8.3127,5.3172956,10.613404,0.120556526,0.06365782700116009,3151.222024773725,4203.835274948171
3-187710-A-11.wav,sea_waves,-359.9926,76.352974,-19.966848,21.361523,-8.204952,19.856394,-13.269882,9.566059,-9.728813,5.4077306,-2.9337585,4.1171584,0.5792949,225.81316,56.417183,32.26591,16.473825,18.130135,16.037117,17.619905,8.890415,13.781875,5.5072765,7.1058903,5.063797,4.7510815,0.038611967,0.07413264936194895,3234.9131806036285,3505.470006103768
3-188390-A-6.wav,hen,-407.55975,62.19194,-17.970682,9.293363,-1.2238749,-7.6103053,-0.31616837,3.7716727,3.8754864,6.2098703,2.4492664,0.93852615,2.5095491,150.30052,73.58666,30.560648,18.113466,16.893482,12.279078,9.652326,9.810072,8.771108,11.271555,8.567111,8.345756,8.128296,0.044469453,0.03358264754930394,1115.1737874552932,1155.1126825949539
3-188726-A-35.wav,washing_machine,-123.71783,175.68893,6.1505184,36.261086,8.801563,19.717848,4.134253,12.818264,-0.37148488,7.6545663,-8.76363,5.0521283,2.030505,30.427605,19.454945,7.254351,7.3919406,6.846363,6.1476398,5.522604,4.322652,5.438426,7.603014,6.1140895,5.730551,4.041788,0.33580807,0.015379160020301624,1520.492837495497,2873.646364873122
3-193767-A-47.wav,airplane,-302.38834,254.9806,16.865301,-7.2920547,43.534836,15.474554,-10.0261135,4.688654,2.3346071,-7.7715297,-1.760206,-0.13183933,-3.8220973,13.67725,11.211859,11.029476,6.79049,5.4612103,4.7423167,5.2072487,5.727157,4.3223557,4.8910193,4.450001,4.1499743,3.8657427,0.12905692,0.01339997824825986,577.731591232431,794.8756722892563
3-197408-A-8.wav,sheep,-94.19175,186.58081,-82.38515,19.98727,-8.801922,7.969625,-13.428369,-10.812391,-3.2990613,13.613994,3.8727512,9.9888735,6.573043,30.527185,15.78869,10.424563,14.020951,9.950425,11.389976,6.977979,10.562492,9.406465,5.936102,5.1919427,7.3028736,8.494469,0.22776751,0.06287612383990719,2151.495765406144,2103.4396093287123
3-197408-B-8.wav,sheep,-112.63238,170.87808,-84.34716,5.2696223,-5.3136845,-0.30349103,-9.715927,-12.155672,1.247125,3.9547524,4.280956,10.224714,5.400197,56.99668,18.74277,10.125717,11.781319,11.918342,10.798533,9.411496,7.3597293,11.476491,6.085976,6.346153,5.36003,7.24651,0.22043034,0.07215460049303944,2267.1112209126923,2148.4960052133806
3-197408-C-8.wav,sheep,-175.59691,173.85738,-68.01177,26.343496,-14.535868,14.336534,-16.040903,3.289634,-8.683243,8.50202,-6.108716,4.4038734,-0.14734656,21.012278,10.798307,13.52429,9.248558,6.085601,5.960043,7.9791436,8.713062,5.5028543,5.1564465,5.231351,5.6404862,4.652339,0.071921274,0.0666011093387471,2371.3320587059065,2553.8480646225566
3-197435-A-22.wav,clapping,-545.0782,56.229496,-29.659817,-12.9417715,-17.212708,-0.8415366,-7.2238503,0.822367,-7.0712085,-0.9014178,-2.4316552,1.7352651,0.05912425,225.1223,45.87013,34.256786,18.425154,19.42805,8.742469,11.523385,8.935264,11.019347,6.5112724,7.4766936,5.2630076,6.0837784,0.01700803,0.09386895482888631,4576.40971792895,4569.518010163466
3-197435-B-22.wav,clapping,-529.7523,55.496174,-35.02343,-13.702217,-16.260506,-0.25399822,-9.204714,-1.2306277,-5.7051744,0.20721924,-5.5287027,1.0101515,0.6661418,227.43484,46.968502,37.26399,19.297379,18.911339,8.820175,12.183205,8.041597,9.042107,6.3917227,7.551281,6.391895,6.1333857,0.019014478,0.10016676334106729,4575.182929181856,4466.856990499923
3-203371-A-39.wav,glass_breaking,-469.76285,13.304303,-0.8584839,7.567018,-1.633081,9.112832,-2.9216077,6.513575,-0.21616231,3.6080906,0.31013238,2.325146,-0.39889613,178.42741,26.695997,7.360751,14.033217,7.470755,16.90573,6.7984147,12.420483,4.5654798,7.8143506,4.2503204,5.4923034,3.4153323,0.029369947,0.03973317865429234,1463.8092399142222,1248.5775513712142
3-203373-A-39.wav,glass_breaking,-612.2662,0.31595528,-5.874096,3.9443612,-3.815995,5.212908,-2.4359825,3.8142211,-1.0448674,3.0448265,-1.5500795,1.567704,-0.42342502,163.3003,8.475394,17.365046,10.58572,12.38486,12.601227,7.790153,9.477039,5.7670403,7.906331,5.578225,4.3878016,2.6109455,0.014400469,0.048557361151392114,1224.8431561986865,726.7503346675437
3-203374-A-39.wav,glass_breaking,-557.8966,1.6022149,-6.990514,3.602517,-5.400873,5.738092,-3.501645,4.0415382,-2.2086256,1.8988389,-2.0050683,1.7400625,-1.8809572,177.58678,12.949719,17.763887,9.368143,13.261174,13.762981,9.045037,9.84449,5.764011,5.889272,5.468483,5.3081374,5.2257967,0.018401247,0.05697936303654293,1316.2259984364603,740.3234475561825
3-203375-A-39.wav,glass_breaking,-549.2135,6.68672,-7.143326,4.9416533,-4.3806853,7.3582015,-3.4856586,5.6750965,-0.83670604,3.435621,-0.7008163,2.5158675,-1.2516942,189.00734,15.999006,21.628569,11.211344,13.889552,12.96396,10.857338,9.851885,7.443045,6.030102,6.2811027,4.9504924,5.8888893,0.021917783,0.06529487202726218,1871.210502250478,1382.073380824582
3-203377-A-39.wav,glass_breaking,-609.6928,6.3786535,-4.6162925,3.77481,-5.1802535,6.067256,-4.0543585,2.9657483,-1.3339993,1.0376122,-1.7339146,1.5770125,-1.7242395,172.47379,18.67805,12.3873005,11.0599375,13.789328,14.112833,10.530674,7.7935176,7.0789914,4.787297,6.389798,4.8779263,4.475908,0.011878306,0.05882146352958237,1295.2313252452818,776.6315825913346
3-20861-A-8.wav,sheep,-219.80576,235.94283,-53.332466,-27.24975,20.63919,-2.9639769,-22.152376,-14.302398,-0.33294892,-5.465322,-8.083712,6.0997324,13.826262,39.90391,13.118977,20.80455,6.9415674,8.7849,5.9488807,4.987885,6.4308467,5.703171,7.136946,7.6958785,7.476633,6.0334787,0.123419866,0.04624737166473318,1407.454231875532,1307.3879133868704
3-208820-A-49.wav,hand_saw,-47.068645,139.21059,-107.15957,41.31877,-23.560846,11.957349,-21.267178,21.061127,-19.458923,2.929615,-8.443297,-2.6857135,-8.267874,22.946585,11.227784,7.0602636,6.07937,5.2429166,5.329601,5.4899373,5.078982,5.1393356,4.9789224,5.214026,4.5420527,5.3802977,0.2187684,0.12809622426044084,3291.356746371159,2559.307241795779
3-216280-A-39.wav,glass_breaking,-729.4255,-4.7947774,-5.910743,4.413076,0.044027872,2.338796,-2.5811102,2.5753324,-0.88930595,0.6311457,0.07940005,1.1606058,-0.3837107,107.68444,18.101498,19.226297,12.573053,5.395821,6.8229666,8.220367,7.5410438,4.8295407,3.0386832,3.5411775,4.504834,2.3973908,0.002841223,0.048875706931554526,1146.826344272586,640.8213336571828
3-216281-A-39.wav,glass_breaking,-567.11646,-1.2507608,-4.5051193,0.99492466,0.29102984,0.66928226,-2.2257726,0.28717613,0.35994467,0.23694038,-0.8865394,0.04966301,-0.2791194,59.942646,7.8102465,15.010233,3.7428765,5.463688,3.6288195,7.4539104,1.9887701,3.2451277,3.3011904,4.491947,2.3759346,2.6328702,0.0036910498,0.0431590777262181,1483.893168932307,987.51972974266
3-216284-A-39.wav,glass_breaking,-635.274,-2.4427297,-6.3883467,1.8356632,-0.47394615,1.6861037,-2.7659922,0.40934584,-0.03176456,0.9486091,-0.5205545,0.060521137,-1.043658,80.63437,10.775632,20.977863,7.7890286,4.1881714,6.0937123,8.487923,2.7224689,2.1760294,4.0524225,3.899238,3.0389962,4.4737673,0.0036601545,0.03575442285382831,1076.8598652886637,680.2312647018288
3-233151-A-2.wav,pig,-505.86676,46.798725,-28.596886,17.623768,-5.4185343,5.7565036,0.7528209,1.4914176,-4.855095,0.017583294,-1.8662406,-0.565728,-3.1488872,230.37003,63.37691,44.1083,26.564493,15.55653,8.841618,6.3699036,9.036086,8.871294,6.7769594,4.9119544,4.055381,7.0567327,0.024199767,0.04241702617459397,1293.3283787986613,1107.2930975101397
3-243726-A-43.wav,car_horn,-336.82068,165.77393,-39.164692,33.372726,-21.452255,21.422432,-10.972738,7.357789,-11.694193,8.670039,-9.573289,2.2171667,-11.6249075,20.464766,11.773185,10.792065,8.033248,6.5601134,6.110138,6.2725477,6.1218734,5.193578,6.002808,6.1873794,5.7380414,5.0790153,0.014188443,0.055244888341067284,2430.3428307477243,3056.4875009809157
3-246513-A-16.wav,wind,-213.21602,200.53453,26.114391,10.338976,1.7955449,-9.4658575,-5.4998827,-7.6373363,-2.387819,1.8063519,8.159375,14.220687,12.572746,21.144041,7.54187,9.254646,4.9408317,7.9981127,5.605896,4.776152,4.7773466,4.4676576,4.221036,5.4634805,4.548147,3.9567797,0.35174528,0.0098641875725058,658.7412012086673,1401.50304672598
3-246513-B-16.wav,wind,-254.56706,187.44272,30.337154,7.489867,5.8025312,-12.819299,-12.163211,-10.904005,-10.437845,-5.0024285,1.505705,7.652006,7.56734,11.099978,5.662844,6.2254252,4.578046,6.3079348,6.328704,5.4540887,5.868006,4.582379,4.5618505,4.5521007,4.5746202,3.8434272,0.13512814,0.019542579031322505,857.1658976295279,1571.9867073071644
3-249913-A-25.wav,footsteps,-472.48123,168.04865,0.8216233,18.047224,-1.2386466,12.389124,16.979591,10.363719,11.426649,12.111262,10.087635,8.320827,5.988208,26.458927,9.623532,11.879952,13.748087,7.50648,6.42872,4.8330154,4.5582385,5.189064,5.277591,5.2011743,5.5093703,4.5810156,0.015233642,0.009792814675174014,1206.7069041667041,2519.094713126508
3-251617-A-48.wav,fireworks,-395.30038,124.428154,28.486633,1.3903557,5.0798244,5.326615,6.4415545,4.861901,2.9847817,5.0371466,7.4059463,7.9413257,6.9648256,70.84455,42.484264,25.099998,12.82944,9.411052,6.0873084,5.965166,4.923952,4.4728036,4.4214287,4.198128,4.37915,4.536597,0.018583573,0.021138839544663574,1183.3641612325869,2174.9035943421677
3-253081-A-2.wav,pig,-200.07341,145.21056,-14.941134,25.343872,-7.597699,22.460796,2.0817664,10.078003,-0.8756014,-0.9412548,2.673176,5.836088,2.0936782,62.180794,35.724686,19.157095,13.400747,12.026039,10.856476,11.27127,9.313848,8.460672,6.688813,7.334895,7.9602895,6.745371,0.09770937,0.04656231873549884,2507.851648615956,3233.00762893691
3-253084-A-2.wav,pig,-263.44305,111.77206,-25.310886,39.09645,-8.751831,7.5738883,-0.4329985,6.592295,-10.388544,-0.56829536,2.6442335,4.941985,0.18316098,144.08163,49.795067,38.301315,16.61071,27.445353,18.078218,17.648241,10.922697,15.475752,10.768209,11.369839,13.217608,11.372288,0.083609894,0.08454742785672854,3338.2466322838536,3387.6883749705084
3-253084-B-2.wav,pig,-239.77635,109.944496,-40.046577,35.79325,-18.749676,2.4570782,-3.499239,6.9553194,-12.116501,-1.8557078,1.0318328,8.13996,2.6483061,150.99638,51.978355,44.13929,20.57211,28.32083,14.587784,21.24062,10.053185,15.227809,9.682703,10.585313,14.825275,10.922189,0.112610765,0.1008770936049884,3565.8378050810525,3301.4591982480765
3-253084-C-2.wav,pig,-331.90546,149.25577,-9.973992,32.54357,-7.3150716,-1.991828,9.857704,11.155479,-6.2193384,1.909201,3.60981,1.2155362,1.4706748,117.37084,47.91372,24.885702,9.85579,24.912247,13.892534,9.953807,9.081741,15.17951,7.4925036,7.3174953,11.84416,8.298754,0.046275966,0.04225162231728538,2494.7448725867994,3216.598884365396
3-253084-D-2.wav,pig,-262.76624,105.38952,-20.55384,41.222363,-1.2333356,6.9953847,-0.5208488,7.979482,-2.6448152,8.070142,5.9928045,11.482187,5.5438156,168.17265,33.99199,55.021873,15.095784,28.328377,17.61275,24.00775,10.157037,12.69575,10.617198,11.279621,12.15414,7.2490616,0.11692922,0.0707022186774942,2871.5958420308134,3225.342596520899
3-253084-E-2.wav,pig,-264.79648,109.749146,-38.03645,39.911457,-18.058357,2.3010342,-1.803812,9.519321,-12.436881,-2.4455476,2.5276225,6.8773227,-0.26658145,151.73273,50.57919,40.516197,19.738634,28.791288,14.125669,19.522377,9.379662,17.40992,9.782156,10.140539,13.211448,11.009278,0.08976855,0.10143901355858469,3610.91040008818,3351.7585086288354
3-257858-A-2.wav,pig,-322.7513,120.37115,2.398189,24.960218,1.7101058,4.064468,1.1031054,12.183419,0.64078254,5.598825,6.1810536,3.1738782,2.3787673,121.889015,37.456593,18.853453,16.186161,12.480914,15.296268,8.747703,13.224138,9.440679,6.8255677,6.368362,7.747642,6.2885385,0.05347222,0.04411071635730859,2565.9405322266507,3392.701672451022
3-259622-A-44.wav,engine,-77.3432,79.851944,-87.815636,65.63326,-68.15547,45.238274,-50.336742,31.43979,-48.747856,13.742651,-21.560684,-2.2937796,-12.236188,14.244254,10.232047,8.611288,6.7044315,6.107377,5.65322,5.145823,5.578296,5.524434,5.094285,4.1000957,4.966263,4.589963,0.13401791,0.2215856565400232,6406.686266616939,4124.828926560648
3-51376-A-42.wav,siren,-231.513,204.79292,-26.823801,-26.783983,16.126347,-1.9820601,-8.930302,-2.6616447,-11.906202,-12.954214,-4.608404,-3.0490396,1.2733591,15.3782015,6.5977397,12.152386,6.254329,5.9994674,6.3331747,5.1434407,6.0738783,6.9185867,7.1761184,7.633087,9.030639,6.813472,0.21192263,0.030680149724477957,1169.137715313426,1464.375083409118
3-51731-A-42.wav,siren,-257.40698,206.7814,-44.00019,19.37355,6.6334596,13.346643,14.774077,3.1844795,12.245441,4.6831517,-1.0835655,1.16211,0.6236309,10.616324,6.7425303,9.869006,7.269943,6.0415125,6.8253207,4.498455,6.70514,5.337958,4.5605907,5.323875,4.1448727,4.020948,0.07079077,0.037375607236078884,1409.101830742113,1824.9780129338203
3-51731-B-42.wav,siren,-162.58157,176.05344,-68.96783,21.841816,-6.2029557,6.327791,6.5596614,-5.2341423,5.7526727,-2.5094557,-10.168317,-6.518283,-0.40449882,50.578712,17.491589,10.026044,17.350626,9.841947,11.686013,9.686731,8.738307,5.0408125,4.9722395,5.6793985,5.104206,5.9368825,0.18282896,0.06343577798723898,1972.5008117909535,1914.3450895739632
3-51909-A-42.wav,siren,-226.30336,235.8587,-6.8343706,-9.399651,30.450977,-2.5459378,-5.6310935,7.270765,-4.386091,-3.4237914,5.6728325,1.9229783,1.1530973,9.089085,7.0756917,7.3095717,13.535406,6.45967,7.5174084,6.301122,5.705853,6.076256,5.818718,4.632741,5.4026103,6.392892,0.25700486,0.030283633628190254,865.3222612750866,942.2834868790123
3-51909-B-42.wav,siren,-132.62178,137.42413,-40.865852,8.923868,-1.6693656,-1.694268,-10.758494,-5.7250853,-8.760336,-12.574765,-15.313819,-9.807237,-7.501136,20.407084,33.495983,9.65348,11.912174,8.592525,7.488362,6.2158093,6.6056776,6.513278,6.5994635,7.651961,5.4288225,5.9533978,0.61913764,0.02468822505800464,1570.6354150828593,2388.4251616059328
3-58772-A-42.wav,siren,-212.1787,187.50008,-58.73097,19.884535,9.787814,-29.178347,-4.4083486,-16.358015,-18.38626,-1.3714516,7.054296,9.898689,-2.5196643,18.656841,12.965057,16.717522,11.341819,6.328048,7.6404514,7.9054265,5.1102858,6.5121055,5.668158,6.61179,6.1857634,10.720412,0.2009167,0.038761147766821345,1512.341783099483,1669.1180271739674
3-62878-A-42.wav,siren,-286.82172,80.628876,-47.929695,-18.653255,-16.343636,-14.713082,-2.1238678,12.306591,12.9046755,4.904586,2.9590669,5.8410845,6.55803,32.87523,20.326094,12.160708,12.785689,10.521324,16.679054,20.499626,22.269567,20.605522,24.413654,22.742256,21.845152,26.109638,0.45674604,0.05143946671983759,1779.4951599340138,1618.4978256953561
3-62878-B-42.wav,siren,-389.50024,37.187878,-26.394606,-11.407149,-8.603193,-1.9721266,5.794317,12.589062,6.6649446,-2.4004123,-4.5194254,0.40368325,5.4406667,87.85629,40.82095,28.292511,13.620891,10.8937,12.266371,10.611617,14.479992,14.106641,14.761437,12.141353,12.759975,20.786327,0.20730357,0.030006072360788862,983.0082489073815,809.3574241646025
3-65748-A-12.wav,crackling_fire,-313.5179,90.46165,-21.628288,47.812855,-8.671841,41.144413,-10.512992,24.204412,-17.153322,16.727152,-4.6968317,11.998728,-10.933762,31.705105,19.0908,10.417188,9.322026,7.224656,7.855386,6.782275,6.999728,4.9312925,5.4355893,4.9404445,4.962667,4.6116877,0.014159761,0.11447419699825986,4959.693273528594,4702.456661572196
3-68630-A-40.wav,helicopter,-132.0092,232.27113,-74.785126,27.606396,-4.3895063,5.8366446,-4.692222,5.6492405,-0.44976088,3.3205385,1.3563731,-9.903783,1.7224917,15.393239,8.520294,8.906986,5.9895744,6.4407125,6.1298423,4.7719717,5.3754926,4.3010864,4.686987,4.3172817,4.1080675,4.052139,0.16768673,0.054189022621809746,1604.5569784525085,1692.0341073140883
3-68630-B-40.wav,helicopter,-146.6006,233.41866,-67.020065,34.0057,-9.139872,12.760754,-0.11392982,2.0673795,8.053667,-4.150925,2.0577047,-8.202662,-0.44479045,23.12638,7.8336945,8.103074,6.353713,7.7700915,5.577942,4.870967,5.8277497,6.7884636,5.9222784,4.51449,4.583051,4.1134157,0.16255008,0.04303219257540603,1494.144029406047,1749.716129557914
3-68630-C-40.wav,helicopter,-164.78784,239.51955,-55.396446,14.6990185,-5.4296007,-3.5178263,-5.072188,1.1292584,-2.8820252,1.4115578,1.7529083,-7.053166,-1.1800041,39.282722,10.541145,8.949078,12.231713,9.338391,7.833847,5.266593,5.2551084,4.449798,4.3881216,4.669224,4.122841,5.0587463,0.15222338,0.04098050500290023,1349.4117730562261,1552.460204514561
3-70962-A-4.wav,frog,-398.7129,115.998825,-50.004913,34.474873,0.518145,42.758945,-17.09874,18.467098,-0.28260934,9.549948,10.132903,0.582047,16.502209,56.552113,20.838024,47.818764,19.444176,18.388891,16.06561,11.344167,9.525454,13.449052,10.272779,8.721834,7.5777235,10.210444,0.013402997,0.08674525993329467,3489.20004821829,3522.268716477104
3-70962-B-4.wav,frog,-362.1751,128.7384,-69.598564,5.521012,-3.8676941,31.144005,-24.496584,8.603393,-11.99328,-5.4431486,14.364897,-4.3510923,9.091835,54.401146,28.541101,34.835148,18.928488,16.27946,15.740524,14.089099,9.533135,16.062384,12.280094,8.693362,8.278287,11.623973,0.018948544,0.0950290476363109,3159.9137537540173,3007.278017652381
3-70962-C-4.wav,frog,-225.59186,158.3078,-127.384224,1.620355,-7.9591374,12.836755,-20.81211,-15.534503,-27.05542,1.6865119,5.2021365,-17.22273,8.359089,29.868502,15.763558,17.422709,12.934329,11.988862,10.663225,7.993325,7.3812876,8.222118,8.364742,8.834808,7.3826613,8.2967615,0.07909719,0.09800291835846868,2553.097133945499,1860.787707642725
3-71964-A-4.wav,frog,-469.19846,113.99486,-14.294434,-11.07648,23.800909,41.000145,7.776475,0.5970048,23.444832,25.056137,18.713388,-3.9206452,-10.94079,81.37961,14.253552,54.21192,22.776964,14.35833,9.596823,8.647005,8.141534,14.93817,7.786355,10.525929,9.96859,11.178043,0.031698726,0.0473564838312065,2391.3998768804795,3350.5108832875344
3-71964-B-4.wav,frog,-375.2427,116.004715,-60.003,-28.643145,12.013171,43.058563,1.6346585,10.659628,38.98712,24.61364,14.655092,-10.669188,-12.073015,98.01816,14.627623,58.580368,20.694996,22.272696,13.47684,11.875324,12.489775,14.826933,11.843737,14.7443495,9.512901,13.407301,0.0760007,0.0688544536687935,2428.7962032849505,2552.012110219984
3-71964-C-4.wav,frog,-369.8107,108.46311,-53.69768,-29.818228,11.899324,38.15933,0.4736603,10.571215,35.86997,30.925161,20.033997,-9.861992,-13.332274,102.54812,15.688109,56.827374,20.527836,23.544065,10.802679,11.443001,12.436832,11.977409,9.676631,15.126947,11.1661005,10.57613,0.08672935,0.06951153748549883,2488.427361476534,2710.370448909167
3-83527-A-4.wav,frog,-431.04294,117.99793,-61.361588,43.979897,6.538123,-22.671904,17.612291,-5.622089,-16.188437,38.22158,24.151999,11.30686,28.28396,90.7975,37.942574,53.959034,39.66621,14.277513,13.364396,15.329096,10.849404,8.018083,11.548061,12.422222,10.011209,6.9326615,0.021316541,0.10430752428944315,3065.3802091495086,2650.5482820660372
3-87936-A-46.wav,church_bells,-335.22708,201.85435,20.547758,-20.127035,-5.911398,0.32253942,-17.188885,-20.507069,-17.331095,-12.103099,-9.183766,-7.277003,-11.739917,41.792892,9.08012,19.768917,8.600848,5.9507794,7.1506276,7.3863287,7.797441,7.8104954,4.7045794,6.037489,4.5079823,5.193676,0.07647152,0.023072705191415313,1068.5172120802197,2064.760848346837
3-87936-B-46.wav,church_bells,-280.9601,196.92075,-13.620115,-8.040716,-11.601724,6.2118406,-21.227968,-19.83208,-21.002476,-1.870765,-12.10225,-6.1773577,-15.887138,26.895702,18.432283,12.567757,11.738651,8.6541395,10.840706,7.153522,6.2292485,6.9291897,7.859169,6.6279063,6.369643,5.5947137,0.063059,0.032039633483178655,1441.531873033877,2387.995173032505
3-92637-A-18.wav,toilet_flush,-367.64102,164.43478,-25.270632,10.534537,14.963416,12.910859,-2.7409408,-5.832435,6.270714,-7.049099,-12.748054,0.84781647,-7.6009946,101.34498,40.289223,31.729694,17.213524,12.246702,12.438936,9.157817,9.873267,7.355989,7.700688,8.879622,7.150066,9.004224,0.023967754,0.04810986441415313,2086.497780451455,2705.956333125639
3-93010-A-18.wav,toilet_flush,-58.19223,103.686775,-45.2496,40.947838,-24.230633,19.977495,-24.251232,10.970346,-22.180601,3.5604057,-11.512985,3.796343,-8.2514305,41.14652,19.747108,13.234578,7.7996216,9.564132,7.8747377,7.0032196,5.605344,9.748014,6.650467,6.2980514,5.9082217,6.573769,0.15508658,0.13291899289443154,4337.943426517672,3958.7611176187265
3-94342-A-25.wav,footsteps,-161.61902,40.97449,-36.254604,34.592636,-19.414162,24.039574,-11.910902,24.477596,-3.1172915,16.17599,2.9856308,15.620585,2.8470597,75.218704,17.495998,12.657282,8.406544,7.609101,7.780038,7.5068607,6.165091,7.421815,6.051543,5.703133,5.3344054,4.9392295,0.07888045,0.14457203451276102,6099.100244008288,4737.347771257232
3-94343-A-25.wav,footsteps,-302.74185,104.23081,-1.6932559,37.081593,0.52192885,23.427757,8.393548,18.681726,10.034842,9.235794,15.690359,9.586445,9.095095,53.5842,21.210266,17.326397,14.979002,11.116016,9.384499,8.475872,9.228966,8.119352,7.560675,6.706156,5.83616,6.229466,0.09788309,0.009603619852088166,2184.3577751820335,3617.028940474741
3-94344-A-25.wav,footsteps,-252.37453,72.09563,-46.090477,41.389088,-14.396822,28.328033,-7.6837244,21.749615,-2.8217938,11.396508,1.4528092,9.099028,1.9393219,62.45242,17.447035,15.784623,11.567765,11.758423,8.127183,7.855112,7.1335363,6.5485425,6.6517215,6.402322,6.137133,6.5543475,0.039560746,0.07187930503190255,4706.2020263604245,4246.7843854144885
3-94355-A-33.wav,door_wood_creaks,-380.76117,101.23137,-45.57844,34.712345,2.1664102,20.863707,-1.6757755,10.99831,-2.3720555,6.82879,-0.7914784,10.06371,0.35678548,214.9211,21.10864,64.423996,9.316335,13.18448,7.7710958,12.746238,5.479355,11.116557,8.852863,10.307642,5.9140577,10.695386,0.042120833,0.06401922310034802,3082.5266472650205,3552.405681977567
3-95694-A-5.wav,cat,-363.75034,107.04765,-19.756594,1.3862815,-5.8608828,5.733658,8.542956,-0.9232702,2.4947965,0.875426,-1.7205285,-0.095879115,3.4461162,61.254543,18.506824,45.389572,17.253363,9.56843,10.916347,9.999181,12.192295,7.807575,6.2683177,6.6169376,5.672071,8.634599,0.040776044,0.08801411144141531,3595.6960393721715,3892.622085100444
3-95695-A-5.wav,cat,-363.64783,103.16779,-16.230852,11.49796,-6.433988,6.7785707,-0.10088644,-0.7202858,1.9434052,1.7755166,3.070312,6.902519,6.5497317,57.368404,13.524135,33.12607,12.334768,8.024078,5.621946,6.6801815,9.339479,5.309624,6.57369,5.3145742,13.678699,15.082902,0.032948576,0.09748518162703017,3876.346568277048,4088.548938061012
3-95695-B-5.wav,cat,-301.66174,103.85948,-34.680946,1.995889,0.717526,3.6474235,2.0567968,-8.477478,0.6343142,5.9358144,4.869596,4.419924,4.515755,78.15362,19.219017,52.42668,12.3371105,13.398767,8.1109,8.122234,14.516232,7.8464265,9.491058,8.246821,6.9707713,10.10683,0.094032004,0.08464599042923433,3258.5495492250475,3371.159901718705
3-95697-A-5.wav,cat,-564.1987,25.949713,-17.818167,0.4946431,-3.9149354,2.914543,-3.21029,1.5866457,-3.9238956,3.1520243,-4.5076184,1.0042281,-3.93063,167.78496,39.467728,33.61354,5.39308,8.858878,6.0870905,7.065844,5.993545,7.181022,6.151803,7.4809337,5.141014,6.2802396,0.007266206,0.055107807062064966,1722.2600405003882,1478.3889203337956
3-95698-A-5.wav,cat,-377.63553,62.12763,-4.475318,-15.004962,-1.8997188,3.2638378,-0.8514457,0.47169235,-1.7414926,8.000596,-2.688581,3.596243,-2.5511634,94.97582,42.199135,41.573055,15.639062,6.3929095,8.257944,5.9996276,11.830487,6.4470806,9.17546,5.8281913,7.7533054,5.7434454,0.034881376,0.12548714834686775,4255.858318663275,3981.5679588354515
3-96606-A-49.wav,hand_saw,-210.2696,21.436909,-72.57137,37.13513,-26.05456,10.224952,-14.181067,10.687899,-16.501862,17.108324,-10.873958,11.00719,-13.956279,87.67392,20.289774,13.461404,8.675076,7.5420313,5.835114,6.8895516,6.143024,6.8731184,5.682377,6.8107076,5.6177263,6.2501006,0.04807081,0.24098435687354988,6221.043831387237,3979.9532465531524
3-96606-B-49.wav,hand_saw,-203.10849,18.785471,-73.91386,40.919674,-23.022038,10.77356,-20.581285,10.070168,-14.542744,13.866342,-17.7665,5.1597486,-13.849127,87.87294,21.565823,11.888586,9.257283,7.106757,6.7967286,7.604482,5.9745116,7.226647,6.5332284,7.8562965,6.069455,5.7035885,0.05133481,0.24583544808584687,6253.895400648831,3961.8477276529125
3-97909-A-49.wav,hand_saw,-109.03582,143.68341,-65.813446,40.811974,-25.131376,3.3854582,-7.864315,-0.06353738,-7.9254584,-2.7899303,-6.661304,-10.966249,-3.7836185,76.19917,18.708118,24.71685,9.475773,15.075253,10.333161,10.459953,6.6639757,7.4437027,6.3267074,6.2172594,6.447538,7.666878,0.14868854,0.0884616081786543,2997.2016654076224,2849.984339034271
3-97909-B-49.wav,hand_saw,-121.26624,129.31735,-58.37243,44.860416,-22.471333,-4.2365294,-8.257042,0.25642532,-11.628817,-4.2757454,0.32347316,-10.798932,-4.3739185,76.346344,16.508745,22.139778,12.142825,13.324838,8.385075,10.863563,6.7219706,9.092584,6.326538,6.986553,6.89268,7.1130643,0.14684835,0.10328451276102088,3262.165630878876,2944.1656768203575
3-98193-A-46.wav,church_bells,-202.47617,212.88115,-42.5177,8.89998,4.0880313,-0.63987076,0.28744274,-2.0692985,-0.6627536,-1.792287,-1.9752363,-4.519883,-11.865763,57.455753,12.058424,27.081467,8.24543,12.290552,8.015947,7.8264275,5.5015783,6.503282,5.3908997,5.47711,5.47957,5.283504,0.21483842,0.04247253842807425,1315.3695174535121,1574.3250625789092
3-98771-A-18.wav,toilet_flush,-172.0237,108.06795,-27.81556,36.052097,-16.151762,26.244143,-12.365275,14.94406,-3.9530728,8.497722,-5.776871,2.9593117,-0.35942203,43.985146,31.975515,20.953407,14.273422,13.313672,12.78683,10.673625,9.1861105,9.160853,9.176328,8.662582,9.061494,8.0176325,0.08224173,0.09460987347737819,3968.4218834660505,3935.80032717417
3-98869-A-46.wav,church_bells,-171.15356,258.57108,-77.85764,-16.34526,13.120824,-13.237049,-4.050372,-12.474115,-2.176801,-2.9770784,-11.650722,-2.1865575,0.47960538,21.905579,8.448449,11.410458,9.618372,8.218581,5.363059,5.661382,6.1845136,6.0558276,4.9290247,4.7739096,4.9082317,5.146309,0.19536996,0.056254305031902554,1411.8144188516208,1128.901154316484
4-102844-A-49.wav,hand_saw,-132.84315,105.69078,-50.628506,56.23889,-38.961533,27.41578,-25.4008,6.3216877,-19.831976,-3.3617375,-16.06385,9.60828,-1.6544211,71.67521,13.961554,16.313427,9.640959,13.419304,6.2208295,12.947221,6.8818984,9.332044,5.896896,8.015987,5.0600405,5.819708,0.09075499,0.15025580952726217,4489.048441999513,3745.515309973999
4-102844-B-49.wav,hand_saw,-140.55359,113.30213,-41.228275,53.135567,-31.971523,27.381811,-15.758223,7.0044365,-12.2195,-7.157774,-17.310402,-0.75994873,-7.262325,84.69136,14.300136,16.158047,12.362821,12.219093,7.5119057,13.356492,6.0352325,7.5434337,5.7009425,8.925816,5.1853914,6.4331145,0.10335931,0.12440975746809745,4060.5905157329703,3683.1446919079704
4-102844-C-49.wav,hand_saw,-156.5947,103.59495,-48.927776,52.24803,-38.383274,28.91205,-16.94425,12.298803,-11.3696,-0.9132416,-14.924146,0.16884522,-16.96489,78.78926,14.8291,20.14833,9.12531,12.921231,7.8405747,13.371287,7.043315,9.538153,5.1127825,7.379583,4.9644704,8.250143,0.0765801,0.1445561738689095,4441.485986616846,3727.306686196825
4-102871-A-42.wav,siren,-187.462,200.47104,-82.519936,10.046585,-17.971483,-1.7999798,-0.6341436,-7.250797,-7.8443503,-2.6295347,-18.713846,-10.521636,-2.3319445,8.5658,7.0974083,5.613259,6.386684,4.897511,5.790347,5.285377,5.7159586,4.690345,3.868046,5.5694284,4.569471,4.71393,0.10611444,0.06200605423433875,1881.1199692404389,1791.5638617792192
4-107117-A-33.wav,door_wood_creaks,-121.93147,165.87576,-122.18112,50.079395,-17.344475,4.647995,-12.740064,-10.537404,-8.396217,6.5696964,-15.320688,-13.53872,-12.90719,29.59972,15.645842,19.71147,9.43619,7.662374,9.299177,6.589278,5.230455,5.1693163,6.44457,4.7294292,5.251771,4.6273313,0.14063884,0.09155556663283063,2907.3586499422768,2175.214388813779
4-107120-A-33.wav,door_wood_creaks,-417.9248,18.2343,-29.871103,23.844267,-15.057949,5.2093887,-1.2024313,0.5449956,-10.563084,8.663754,-6.142245,3.0031855,-8.070507,272.37177,32.74242,39.29094,29.580708,19.561298,8.747301,10.370137,6.310794,15.808951,11.172136,10.497028,7.6551137,11.96867,0.080040134,0.08609157482598608,2382.587514001361,1579.000627633348
4-107122-A-33.wav,door_wood_creaks,-254.52394,71.401024,-96.92095,48.09155,-37.474262,12.21367,-12.843792,0.49702272,-10.934029,9.660983,-5.878001,-14.639868,-4.5393486,144.4911,36.06298,43.943687,21.656645,15.694594,11.009344,12.4170475,9.222999,11.253902,12.728688,9.19747,9.727729,11.80939,0.08598389,0.14557805249419953,3911.129985408409,2508.802390557538
4-108352-A-33.wav,door_wood_creaks,-540.60034,91.35544,-29.302784,41.75594,12.545475,18.903988,1.2977027,15.441495,4.0336986,0.5621003,-1.5044291,17.292732,6.123908,115.34349,41.146347,44.64719,14.698969,19.4044,11.170143,16.02713,13.570678,12.815406,12.783103,12.943047,17.305239,13.085557,0.008554837,0.09015529836136892,3316.861366597244,3459.5883755060872
4-111671-A-42.wav,siren,-403.3513,70.83134,-63.162106,-25.625399,-37.09438,-8.820405,21.39135,32.967407,16.722082,-2.3156104,-7.014898,2.2934122,6.8491263,22.746582,13.962861,10.402815,8.324371,8.387032,15.663592,16.569435,12.445054,20.124214,22.038906,16.621521,17.757086,14.552295,0.07231468,0.0603497498549884,2352.0733580692995,2483.377003269485
4-111671-B-42.wav,siren,-301.47775,143.73518,-99.27536,-46.070087,-64.56087,-33.72363,-14.975076,8.609465,-12.832418,-2.4886034,0.42714906,14.059652,19.924925,16.44933,16.495808,7.289281,5.9809613,5.8406262,10.389427,18.488972,17.157976,16.627556,16.763624,10.39018,8.495903,8.815039,0.073510304,0.055500924448955914,1839.8028860724685,1882.737207071873
4-117627-A-25.wav,footsteps,-335.89175,136.56589,-16.96464,25.165232,-3.9885507,7.3115587,16.583117,5.4331245,5.403736,4.22228,3.6603222,6.697146,2.743607,90.13493,12.420027,32.62721,18.529573,12.830118,11.113815,10.77387,7.4578123,8.029262,9.746243,6.598326,6.4452553,5.6282783,0.028022954,0.03799077363689095,2266.9417893715313,2902.4862657675753
4-117630-A-25.wav,footsteps,-401.55917,114.573845,-23.684309,15.745056,10.355286,18.92664,9.080415,7.0883307,5.564308,8.241958,13.426655,9.185976,5.0926623,75.41644,19.742079,23.026918,12.680243,14.526549,7.8373075,8.590057,8.518243,7.558525,6.7006207,6.2912836,6.1663413,6.243668,0.059309773,0.0062490936774941995,1423.122385670418,2692.763802845158
4-119647-A-48.wav,fireworks,-479.57712,82.93783,6.59963,5.975546,18.721972,10.936934,0.22923332,0.93644005,8.813422,13.13458,6.0513573,-1.3236333,3.3131871,67.373436,34.220963,31.39466,19.947182,12.747144,9.642188,8.016652,7.9839783,6.5169,7.6899,6.485421,7.3476014,7.5051656,0.008783917,0.05162526283352668,2021.4523558726116,2680.919769297621
4-119647-B-48.wav,fireworks,-451.61508,82.54577,12.474521,12.438511,23.298506,14.990748,3.8844903,2.6841092,8.923728,13.537654,6.691036,-0.46826372,4.1345277,71.24618,38.428555,25.623001,16.340109,10.965685,9.045768,7.2403717,7.412249,4.9484124,7.3215723,5.6114993,7.379728,6.906654,0.0124722095,0.039162195475638054,1757.5100301269101,2557.64259743406
4-119647-C-48.wav,fireworks,-511.65994,115.61047,23.111235,17.064316,10.134769,6.17796,2.5375032,-0.09826434,0.2914303,1.5257899,0.52510357,-1.2777289,-1.1859304,113.449646,58.657837,24.417263,12.142754,8.981738,6.0396113,5.0866704,5.0814047,4.673276,5.118078,4.827817,5.0912056,5.1332,0.011928729,0.028889029872389792,1945.9740847613275,3181.505692623815
4-119647-D-48.wav,fireworks,-436.61508,156.05843,6.2832828,18.392784,13.174236,3.5335684,3.9296062,2.387778,0.80441546,3.4315014,1.5307976,-0.97722715,-1.0566822,99.50178,41.950317,20.521593,14.662503,12.139699,7.083492,6.8830276,6.7848306,5.3890715,5.2606883,5.155656,4.7050524,4.705604,0.020231765,0.026762570693155453,1505.7559299886923,2367.274312534819
4-119648-A-48.wav,fireworks,-379.27222,164.32254,18.437294,23.256182,16.682241,10.831583,3.763933,2.0248597,2.7620308,5.286605,3.4125075,1.1488186,-2.81219,93.620415,27.447338,23.308273,15.364682,11.453341,7.110556,6.759893,6.2113667,5.4199862,5.341008,6.566269,4.182156,4.7293186,0.03535117,0.018641921041183295,1170.1925083175072,2071.840749724934
4-119648-B-48.wav,fireworks,-377.88544,162.46495,19.735014,23.738235,15.834139,11.32176,2.9023573,2.6760361,2.3044498,5.4797606,3.200198,0.050307237,-2.6138024,93.8954,23.239597,23.058895,14.296783,13.8168335,6.461246,6.6316338,6.472716,5.906919,4.6247587,5.9043603,4.2853837,4.1352563,0.036588933,0.01861246555974478,1162.0337935517741,2057.9848217424897
4-119648-C-48.wav,fireworks,-483.60745,109.053764,42.338596,24.638044,17.842476,12.239085,8.356422,6.663215,7.4437933,8.86421,8.541672,6.7111235,5.8854113,73.35099,41.005997,20.382696,9.632747,9.468979,7.0586677,5.6765428,6.098308,5.9628105,5.3267283,4.678561,4.830791,4.966232,0.017146092,0.008778866371809744,930.4444235058704,2216.3215842493846
4-119648-D-48.wav,fireworks,-449.0451,114.42999,29.09628,21.858587,15.163603,7.3006296,4.481966,0.064468846,0.14621708,1.5988132,2.1189268,2.5304272,2.578312,108.051605,60.824383,23.427809,9.239732,8.935633,9.199458,5.0689545,6.992662,7.0464664,7.61705,7.3344254,5.5618176,4.6730986,0.01840206,0.018695167488399073,1338.067813774809,2578.287984891809
4-119720-A-18.wav,toilet_flush,-212.23155,74.17976,-23.40446,31.76324,-8.684346,29.151447,-10.042884,10.408766,-5.987818,8.190795,-9.5012245,7.0999,-11.127198,111.00877,17.120806,35.64005,19.871777,16.415709,8.932864,12.00709,11.097914,10.684545,6.935302,8.986748,5.911203,8.357834,0.043622024,0.12517106837296985,4803.725401628597,4561.539905177578
4-120160-A-5.wav,cat,-366.01184,21.336842,-39.06677,2.7353745,-4.612615,0.3313845,0.33465037,-5.1054206,-4.786406,1.8739475,1.6258582,2.2975605,-1.2964392,189.871,37.033657,54.517803,11.991474,13.488086,9.529774,4.992376,10.124286,8.3365555,8.332879,5.8846874,8.459219,4.526301,0.12143646,0.05520976834396752,2150.2905039708103,1756.125345501625
4-121532-A-42.wav,siren,-334.70135,203.5269,-8.050431,-50.254433,-11.548665,-8.67133,-15.432479,-11.83556,-11.517039,-12.757547,-10.040626,-5.6849613,-4.2346125,44.25048,18.378597,32.817116,15.232647,10.91791,12.092126,8.951198,8.701173,5.4790144,7.3368654,8.8096895,5.726624,5.352494,0.09598461,0.034912675826566125,1000.1746294650519,957.2953136850906
4-123680-A-18.wav,toilet_flush,-105.51837,94.530594,-86.02436,16.5247,-47.465427,20.814384,-40.928627,18.091639,-35.65934,10.403765,-22.008911,-7.260007,-12.937697,70.61509,23.237337,25.905083,11.473778,16.751808,8.429527,12.022817,7.728541,8.275936,9.555787,6.96097,7.3286967,7.1533337,0.113602735,0.14846129096577726,4651.251300482901,4009.5353813256725
4-125070-A-19.wav,thunderstorm,-432.75266,176.5659,11.785398,15.407442,25.818768,2.996998,5.5694633,12.766774,1.0812321,-2.2150667,5.5744386,3.9220147,0.4850114,76.15723,56.764305,12.122147,15.121017,6.532702,4.6801605,8.825109,6.665507,4.675027,5.3886395,4.2579565,3.7013245,3.932495,0.024822673,0.021729082076566125,1379.7493307248544,2300.5411621656576
4-125071-A-19.wav,thunderstorm,-546.3762,182.18695,70.731995,16.16279,3.0760245,8.823713,15.247204,11.162062,1.9500701,-2.1836312,3.776147,6.006544,2.0557828,48.77408,51.57001,20.5818,7.933854,9.083046,4.358586,6.217754,5.132018,4.4207487,4.271055,4.2062044,4.025351,3.9434695,0.013132496,0.017799041110788862,1201.2696629812044,2296.102679788285
4-125072-A-19.wav,thunderstorm,-397.14603,199.62857,55.53767,-5.8543615,4.08289,10.700023,-0.6671158,-5.6502705,-2.680118,0.85134697,2.670251,1.1606549,-1.3693364,48.548286,35.234833,18.871586,11.378176,8.249039,5.3549647,7.280216,5.1528225,4.542751,4.556975,4.356278,4.031019,4.20584,0.03240491,0.01816157011310905,793.00473498214,1560.044859029606
4-125072-B-19.wav,thunderstorm,-299.85382,202.39987,31.140898,-2.9244485,11.467785,5.459445,-2.626586,0.5035476,0.015605793,-0.08600461,1.1922534,-2.0780673,-3.6827474,87.027794,60.705032,15.830609,11.333754,9.020281,7.6952996,6.082963,5.742348,5.3029575,4.7558236,4.9332995,4.2319264,3.9958167,0.12153429,0.021965858831206497,970.326385623059,1650.1562540300738
4-125825-A-46.wav,church_bells,-368.95142,218.55742,-45.06983,-23.698395,13.047725,-21.997646,-36.25311,-27.04727,-22.290295,-16.114435,0.3726747,7.3848376,-0.32011694,57.356964,11.4352665,36.73737,12.952913,11.628945,9.259482,9.662965,13.252,9.482837,12.820617,11.259753,7.0161395,6.167195,0.0490558,0.05195153893561485,1325.8623495769607,1178.0302618773171
4-125825-B-46.wav,church_bells,-371.6839,181.5272,-32.324596,-16.379421,6.9565783,-8.461874,-13.979764,-6.194373,-6.1091223,-21.935162,-32.626667,-22.109612,-8.587581,86.57647,15.7306795,47.370827,10.686313,10.928963,11.257643,5.184942,5.5396967,4.0978527,9.482036,9.814942,7.8529925,4.1862893,0.06975101,0.03768149108178654,1193.720042855176,1232.1413255971436
4-125929-A-40.wav,helicopter,-198.43677,216.7509,-31.891876,43.00021,11.048272,4.7583456,4.3295493,7.8349123,2.8573148,7.4980044,-3.5247164,-0.3220498,-1.7444897,34.29931,16.95951,15.519613,12.09755,11.378386,9.366236,9.004723,7.723315,6.3171988,5.617959,4.9714093,5.7747083,4.2370276,0.14522892,0.023236976145591646,1229.1797973135497,1856.8570606305461
4-126046-A-18.wav,toilet_flush,-176.15941,59.716667,-25.386402,30.87692,-24.566366,17.648062,-14.462621,14.312834,-15.1687155,8.404699,-7.785496,5.329361,-4.1381426,162.9262,29.76337,22.033913,12.613685,18.689123,8.502646,8.00267,8.750507,9.157506,6.3936048,6.5010233,6.341173,5.4371076,0.0682072,0.21147336318155452,6131.5665988474275,4737.697544740866
4-126532-A-18.wav,toilet_flush,-42.21552,101.200874,-28.408194,33.678974,0.92876774,16.185848,-10.537386,-0.25046828,-11.136976,4.7419705,-8.895515,0.4587243,-11.126009,44.934864,20.564726,19.292858,7.7467356,11.820054,6.830664,6.242121,5.5355616,5.2913303,4.5827203,4.9251795,4.4033256,5.010308,0.22330251,0.09280969040023201,4058.603711633369,4306.846875824479
4-128659-A-33.wav,door_wood_creaks,-467.88785,81.672455,-49.10964,30.112305,-26.793074,-4.7614894,-21.95193,-6.3445487,-12.048583,0.7350593,-3.7996118,6.1465354,-0.99975646,132.99243,27.829195,26.568068,10.063485,16.29026,10.2704115,12.383343,6.168641,10.248405,6.1104684,8.204899,6.4878316,7.968664,0.0058916504,0.09515593278712298,4687.869112578708,4040.503063782827
4-130584-A-4.wav,frog,-256.2378,97.79568,-53.778423,20.384903,-18.476147,-7.717757,-12.602206,-12.190613,14.442323,14.207949,-19.865208,6.8306994,6.9568377,129.16658,44.044212,32.99064,16.660368,10.331387,9.496402,12.249348,8.285003,8.806334,11.761451,12.178295,7.0518003,5.97083,0.09088517,0.1326017800174014,3126.118734727463,2480.0034532289915
4-130891-A-7.wav,insects,-367.2284,104.91142,-12.517264,4.0382657,-26.663383,6.660463,-17.15778,4.800863,-14.686247,-0.92319125,-9.601279,-4.9013486,-5.0188866,165.40367,59.673866,19.395214,12.538151,18.515211,10.98534,12.7752075,9.184177,11.433501,6.8452163,8.269953,6.729759,6.189335,0.02981321,0.05342091429814385,2603.9567310738553,3157.113391931091
4-132383-A-2.wav,pig,-296.34055,134.38861,-23.832579,33.754395,-13.835274,11.006136,4.95017,5.748086,-5.2944336,4.5760393,-8.035295,1.8929951,-9.588823,44.513733,30.683748,13.510199,14.634484,15.481455,9.538061,8.854847,6.7850194,9.021011,6.9689865,7.667344,6.6519074,8.837557,0.0243035,0.07174109084976799,3187.9984906491545,3746.089557259574
4-132383-B-2.wav,pig,-270.26773,152.46712,-33.01268,32.744293,-8.881286,-1.3880221,-4.6777353,-2.8566854,-10.282274,-5.9723787,-13.480583,-3.7990603,-10.140469,64.459236,26.748913,26.141968,13.342453,16.091665,8.9689865,9.246457,10.7958765,8.82763,10.609847,9.081907,7.2227383,10.049278,0.050879233,0.059095626087587005,2519.6439975239014,3075.111089221862
4-132803-A-26.wav,laughing,-342.67358,62.562866,-46.471504,-6.279543,-4.364661,-18.975536,-13.887658,13.06573,-2.3884246,0.09283306,11.500782,-5.9521003,-1.662563,161.31801,54.439583,57.003685,20.328457,16.907866,27.087585,22.154736,12.795028,11.001716,8.235487,10.27043,12.941817,7.6778154,0.08986624,0.09387348644141531,3986.1831258800507,3558.363635145453
4-132810-A-26.wav,laughing,-418.35596,56.729584,-61.16596,-10.716913,3.7636595,-3.374521,-1.708052,2.319119,-10.689907,-2.9919057,-0.845034,-3.3324587,0.12715663,162.48247,52.890045,68.23889,18.975086,15.179548,9.139549,12.465912,9.501713,14.043361,8.226829,8.1557865,9.1886425,9.63807,0.05600917,0.06994317357888631,2441.3423722084726,2029.179738102902
4-132816-A-26.wav,laughing,-284.1375,71.7696,-119.98215,-26.121315,1.2167318,-2.4386232,1.525038,-1.1923348,-17.225819,1.5616469,0.2994389,2.8456628,7.260446,98.474236,27.778831,38.421795,17.242073,12.596776,16.284214,14.0040655,12.988933,11.172676,12.891009,17.151688,15.7931595,15.585358,0.1409242,0.09120436666183294,2847.0888175821924,2226.017509865567
4-132839-A-33.wav,door_wood_creaks,-198.87029,165.81586,-92.30025,11.344418,-27.949133,20.377422,-14.51921,4.992741,-2.6184168,13.5548935,2.5555205,6.996124,10.919748,63.131218,30.97431,12.200264,8.957446,17.393005,18.409868,17.736258,12.801929,10.67961,10.514595,6.920549,6.0316663,10.544271,0.06678694,0.07893842444895592,2666.502048824518,2487.1763737635933
4-133047-A-5.wav,cat,-403.26413,116.62726,-20.49931,18.116297,-1.3446074,32.718292,-7.2854824,13.795824,10.155038,9.965943,-1.4299815,0.43603885,-4.804218,92.58434,32.570534,42.15219,17.564562,15.861104,16.674807,17.270258,9.997771,8.647133,11.226167,9.737043,6.55011,8.08648,0.02657844,0.051653585411832945,2549.63521658194,3306.155153232781
4-133047-B-5.wav,cat,-353.81345,113.889565,-19.92043,6.7802873,4.398208,26.025694,-4.3449,11.577232,10.247565,12.332962,8.662982,1.6240529,3.4804633,112.35905,22.236094,50.36447,21.269817,15.0392685,15.4825945,17.360115,9.724826,10.36829,8.941855,10.74118,8.023189,8.63523,0.04630654,0.04314888159802784,2433.2817711680505,3309.825722434733
4-133047-C-5.wav,cat,-357.97516,118.24415,-36.617264,4.869288,10.301758,32.85399,-10.194672,5.10032,10.629197,6.8966894,2.3955634,-4.232856,7.958394,89.57473,22.424091,47.368313,14.514543,16.47254,15.293605,15.748105,7.619059,7.677422,11.084227,7.607153,9.252174,8.196951,0.04907311,0.05568558765951276,2356.163733412251,2879.050286055887
4-133674-A-26.wav,laughing,-304.11127,197.44939,-27.071243,-58.445866,-29.280716,-2.806595,-0.070705615,-13.6904125,-4.278688,0.4507204,5.111694,20.081745,7.638609,88.76945,47.024292,29.688623,32.65081,28.521698,7.1511087,14.17148,18.923897,7.8602676,5.179008,13.709679,8.645179,7.1729245,0.09157863,0.04977636492169374,1438.7803041707205,1468.6213489218187
4-133895-A-7.wav,insects,-597.51776,10.995985,2.461906,2.9026065,-3.7246172,3.8902473,-3.8828716,3.1411364,-3.6090221,1.4521677,-3.1039,2.9042056,-2.6760755,209.25998,28.46364,6.7574263,7.262695,8.9341545,8.894479,9.808849,7.593074,8.301029,4.6637306,7.42581,6.617139,6.4250035,0.012320872,0.03960742640661253,1389.3416432184163,1032.8271944805454
4-135439-A-18.wav,toilet_flush,-147.01454,94.94659,-46.672863,44.421608,-6.751384,24.35991,-7.2320685,11.61816,-8.133905,5.193764,-10.336081,2.6913114,-14.411207,121.20078,22.66361,25.351828,16.542025,12.072372,10.174281,9.564939,9.118506,11.33686,8.167916,10.189585,7.5938334,8.54618,0.098140255,0.11150712369489559,4075.338391878953,3851.9033600799175
4-136381-A-9.wav,crow,-398.67307,79.43517,-34.85087,5.3811483,-6.139405,20.20654,7.0083547,-4.5708055,4.0755787,6.4824367,0.8800072,1.1113404,8.79316,220.26222,93.4788,43.421516,7.908446,14.025761,24.852098,9.547287,7.1046906,6.271009,8.324921,3.171904,3.402316,11.039434,0.07609086,0.025583218532482598,858.921673534729,886.3530739350007
4-138344-A-9.wav,crow,-331.83374,121.57633,-34.737556,40.35877,-10.724567,20.253113,10.07959,2.789597,-5.55788,-4.524527,-7.227716,-4.3568163,-0.9158747,90.2985,21.078575,42.656513,13.675923,28.360603,17.765669,14.225235,9.43743,13.126506,10.219745,8.060573,9.329504,9.254276,0.025908533,0.08805602885730858,3140.8866706912313,3243.3657214621758
4-140034-A-46.wav,church_bells,-497.89938,216.86336,-38.908203,-8.299737,12.115518,8.31769,-6.9123316,6.1235743,-1.3285637,-1.2467442,1.0802301,4.7597713,-1.7702005,28.844479,8.320707,18.261955,8.02014,6.984891,6.553701,4.4774203,6.1650414,5.8647,5.2794547,4.9072556,4.485927,4.9968033,0.008217351,0.046487547128770304,1352.3815859826746,1787.9906047808386
4-141365-A-18.wav,toilet_flush,-62.967907,54.154194,-46.257523,11.365203,-26.30199,16.2823,-15.819402,15.164405,-12.963161,8.003863,-15.857259,4.1968684,-13.835919,72.1459,22.591558,19.28422,13.840047,11.799234,7.729865,9.714779,7.182516,7.13284,7.052445,7.3282776,6.5887685,7.351871,0.12839206,0.20008428799303946,5967.408069926141,4664.851812395502
4-143118-A-7.wav,insects,-321.70203,172.45697,29.515188,9.935139,0.3521291,19.851397,0.22949585,13.689285,2.9751499,8.649925,2.0705757,4.585545,0.10307923,47.146156,18.884098,9.227759,7.9185276,8.188327,6.0263577,9.372495,6.048284,6.5199394,5.6624975,5.6382084,4.3113694,4.8552866,0.043494377,0.01847651718387471,1560.7735240361155,3086.225262633945
4-143118-B-7.wav,insects,-284.91068,175.99358,20.630833,13.073104,-7.3506947,23.211533,-4.3791585,15.191284,-1.7754968,10.769977,-3.8915026,5.6708417,-5.8487525,39.57026,12.846351,9.082455,8.651519,8.420507,5.5194845,7.00213,5.402189,5.029402,5.1932974,5.369601,4.8280196,5.457682,0.050465815,0.022318191705336426,1653.5111975989237,3182.364239309812
4-144083-A-16.wav,wind,-218.02988,225.97444,-20.498495,20.940899,-11.967253,8.710967,-0.7899638,10.595517,-9.497161,6.4431353,0.17803651,1.6422234,-3.1945722,26.304985,14.9156065,18.034464,8.787995,5.181142,6.517614,4.5282016,5.242931,5.331408,4.497398,4.3485904,4.7555137,3.8835325,0.09471314,0.027609982236078887,1205.6890250754789,1908.863511660959
4-144083-B-16.wav,wind,-300.2841,209.32463,35.246567,8.440374,-7.4349833,13.163183,1.6448988,4.8705654,-10.311657,-1.7867427,-3.691337,-0.95535356,-4.979695,15.4828,13.338151,5.018455,8.211473,7.084719,5.7035904,4.809161,4.310283,4.660497,4.622792,4.232172,4.1461463,4.138246,0.06827404,0.020184935107308583,1034.3119327433199,2265.9855017123527
4-144083-C-16.wav,wind,-283.06158,221.07404,28.901691,-1.7362857,-16.353214,8.048478,0.20187652,3.9328873,-12.0434675,-3.253315,-4.1062155,-2.0403047,-6.172939,20.567503,10.815714,11.4192505,7.65644,5.4571395,4.327884,3.9549968,4.1862607,4.8447065,4.2531595,3.758384,3.7541785,4.806353,0.085246466,0.02402547672563805,1018.5732965926372,2021.3088322444776
4-144085-A-16.wav,wind,-332.2668,200.08945,37.084015,8.363532,-17.041061,6.116911,-3.8328433,1.5998166,-12.001767,-2.7847075,-5.997268,-0.23852228,-9.379884,12.001765,10.611272,4.434346,7.64219,6.319225,4.156904,4.2251315,3.9281316,3.8860905,3.8013513,3.77049,3.7178843,3.8381479,0.056184754,0.02080010150812065,1139.6925259068662,2420.9527439597773
4-144468-A-27.wav,brushing_teeth,-268.22916,-6.3191943,-52.01797,18.0554,-39.81035,19.834736,-11.14217,25.79417,-2.2331388,15.045464,-9.554069,17.360043,-6.097475,56.84499,25.790955,14.779023,12.988825,14.970904,19.635956,14.722366,11.5737915,12.989186,9.730855,10.468874,8.416595,8.958842,0.025344849,0.2937583834831787,7690.061692628642,4508.8657133524775
4-144468-B-27.wav,brushing_teeth,-493.751,55.89641,-19.742998,25.027113,-13.744598,18.894949,-5.0616403,18.778753,-1.8467805,13.561899,-1.6436421,13.111082,-3.6411455,169.54361,70.119896,33.58694,16.140882,26.461185,11.60745,15.546593,16.039423,9.384617,14.27016,9.774581,9.318979,9.339876,0.006995217,0.15499247752320186,5269.697134928751,4447.769496938748
4-145006-A-18.wav,toilet_flush,-93.156204,97.94291,-36.488255,35.589283,-22.24896,25.146988,-18.262152,15.959879,-10.364179,9.5303135,-5.691823,8.717296,-6.101002,90.69852,29.235931,26.959433,11.188543,13.083393,11.245041,10.891513,7.078137,10.616518,6.718636,8.998309,6.238912,6.5861273,0.123404786,0.13680371773491878,4433.865335295409,4044.4624119766613
4-145081-A-9.wav,crow,-172.63425,159.45541,-36.875816,8.14173,-6.6938777,9.028342,38.522198,21.141983,0.8944148,7.9232535,1.8323091,13.927811,18.170504,33.65645,6.85148,24.667439,9.494513,7.02911,6.125092,8.0086975,6.76086,6.636928,4.867332,6.020041,5.874325,6.800405,0.2733049,0.022434880727958236,1546.8700757264305,2495.563916598208
4-146200-A-36.wav,vacuum_cleaner,26.39859,105.83599,-37.50584,24.038485,-35.748333,14.966344,-33.722694,9.520508,-14.864652,-0.9916024,-8.669481,8.020569,-8.406511,11.476349,6.9045734,4.4385343,4.2231894,3.9089437,4.123936,4.2135696,4.126988,4.048383,4.1120625,4.0961804,4.1561065,4.173272,0.28978294,0.12884394032772623,4490.986373583069,4291.362785609745
4-147240-A-2.wav,pig,-384.93982,159.8074,-32.919865,28.154396,17.037916,9.955049,10.023686,8.210962,-0.04070698,2.7443936,2.4750433,9.16379,4.0679507,65.49416,26.01003,30.100529,10.533136,9.433971,8.323959,7.485961,6.78363,7.558395,9.6574545,6.0099926,6.35482,5.5158477,0.021950195,0.02898192792923434,1921.3468307992832,2909.448921817354
4-147240-B-2.wav,pig,-392.60904,160.19048,-29.55,23.874239,14.152688,10.507121,6.783273,7.5355453,-1.7963692,4.495742,-0.48227835,8.34869,3.5747192,45.420197,20.00051,21.003,10.0930195,9.765753,8.110394,7.975311,6.2549734,6.807754,6.367692,5.7859063,5.1892095,6.0045176,0.017079255,0.024383474115429234,1973.90568609357,3086.275548950903
4-147657-A-46.wav,church_bells,-222.34123,201.87805,-16.244328,21.085058,-11.687391,21.999434,-13.108639,2.7959108,-9.332124,-1.4100636,-1.6400661,0.3098711,-1.2798331,21.826862,12.349753,8.66666,8.287466,7.337695,8.415414,5.399787,6.2926755,4.2012005,5.175015,4.6628866,5.3568363,4.8511653,0.08524839,0.029737574318445474,1465.4571493346668,2336.8455768682866
4-147658-A-46.wav,church_bells,-191.7804,237.91718,-36.87999,-2.191011,2.6047063,-7.267895,-10.4626665,-14.905206,-17.20217,-16.39606,-5.5985026,-6.453628,-6.6022887,32.180084,11.529872,16.963015,10.758328,10.508544,7.248837,6.1362762,5.814074,4.5460896,4.794193,6.2304134,5.6074753,4.821112,0.20230357,0.03389872752320185,1108.0679576072823,1307.4552370359856
4-149294-A-41.wav,chainsaw,-89.99032,98.95902,-22.207842,33.441116,6.5392776,1.369182,-19.70119,3.0402563,-9.054633,-1.3555175,-22.493927,1.647962,-20.184458,40.04871,6.4983006,18.248545,8.954827,4.714338,7.720624,5.8906016,5.3608203,6.4197288,4.799003,5.484889,5.413804,5.1927767,0.14263143,0.09104236151392112,4341.904286955304,4715.638033382321
4-149294-B-41.wav,chainsaw,-86.971436,115.08503,-46.09896,47.36182,4.373673,3.5531275,-9.024176,-6.435343,-23.450891,-5.6016226,-14.808503,5.5029955,-9.860792,23.427347,11.300932,11.559024,7.1219316,7.0882816,6.698393,5.095909,5.159794,4.8453865,4.650312,4.3715096,4.494097,4.9740586,0.22128496,0.060674893053944315,3187.2136113034285,3491.940457821476
4-149940-A-5.wav,cat,-414.23495,134.89865,29.91462,10.290069,-9.477034,10.148355,9.798282,16.73108,2.380323,1.711328,-9.90371,1.1818002,4.309685,91.36717,35.911877,35.963512,24.537806,24.767149,19.551376,11.043709,14.1069145,11.162602,11.185653,17.612406,10.429194,10.63387,0.07015635,0.024680294736078887,1530.1726561585401,2862.4790241717105
4-149940-B-5.wav,cat,-458.5996,98.09192,12.002128,23.363482,-1.0676485,30.353773,2.6983933,20.459824,5.840373,16.409294,-1.3838006,11.372512,4.6655326,51.73451,19.187578,29.829576,13.649176,8.669658,7.6339836,8.610618,9.75822,11.27354,7.51827,11.6988945,8.274716,9.317921,0.02545306,0.018096994634570766,2262.996965866124,3967.4984478531137
4-150364-A-46.wav,church_bells,-143.77823,200.46935,-68.79221,-19.424658,6.1648335,-24.895763,-10.281553,-3.609075,-11.192009,-2.2378807,-8.470311,-9.403659,-9.700623,37.228573,16.274855,20.768898,14.765688,10.006112,6.4481792,7.8681993,6.939244,7.9440136,8.010361,8.721605,6.950969,5.674264,0.22447853,0.057892482961136894,1710.9964224645933,1626.5284929057202
4-150364-B-46.wav,church_bells,-148.02153,201.86353,-62.499947,-14.634573,9.3424,-21.861055,-6.135164,-1.0402968,-6.778444,-3.4727514,-5.682746,-10.195332,-7.3068233,34.656048,8.594012,18.49432,11.72693,9.737919,6.008097,6.583152,7.615174,6.5278044,6.318296,7.242633,6.098129,5.1549144,0.21868648,0.05566746120939675,1578.3378626430933,1384.5981590287536
4-151242-A-37.wav,clock_alarm,-355.34534,-9.875056,-20.715069,17.624083,13.453904,3.7290142,-0.48072997,5.797729,-0.35457864,-1.6361444,15.242672,-0.9914149,-27.799759,181.492,23.073421,33.1598,13.753363,7.361696,6.736179,6.8554873,8.185142,6.5933795,9.549202,15.439426,8.259703,19.45605,0.23236655,0.21665186339907191,5814.955637620757,4352.830650792418
4-152958-A-18.wav,toilet_flush,-393.92944,80.39187,-14.145189,22.61693,-5.7929335,12.552421,-10.941498,9.406522,-4.0638084,5.294856,0.08510326,2.349948,1.8001721,162.42906,55.115036,21.903486,18.77845,12.711989,11.54239,11.394698,8.283288,9.387533,6.4126697,6.7858496,5.6005044,7.322745,0.01721725,0.05979576022331787,2502.9733024861785,2798.097393809738
4-152995-A-24.wav,coughing,-548.11346,52.26011,-1.8537196,10.09666,9.72185,8.581284,14.732078,5.728746,2.0076442,0.68134254,-0.027851932,6.203429,3.6818402,131.42697,72.76074,33.409115,16.022974,13.103602,11.879849,18.120693,13.041832,10.991564,12.933313,14.425647,9.774052,9.524239,0.027548071,0.005092399579466357,367.8833693907202,744.36346617338
4-154405-A-27.wav,brushing_teeth,-312.92413,62.238735,-36.892796,14.531746,-2.9849164,12.398154,4.6760197,25.13133,14.100135,2.9482553,6.4977074,6.180222,5.733051,56.025284,25.165716,32.257107,16.310188,14.639596,16.540302,11.805037,11.239135,10.934447,8.796971,9.848478,8.283542,6.823285,0.022991106,0.1259742966937355,4626.341083752181,4178.391448537677
4-154405-B-27.wav,brushing_teeth,-330.547,49.75477,-12.396661,20.803827,-7.659551,7.407351,6.0765944,30.142183,21.950184,5.2685876,9.979402,1.6579207,4.6661773,59.95232,17.588186,30.313562,14.552282,16.277912,13.888762,12.571675,12.535878,11.457365,9.227047,9.086515,7.377708,6.594248,0.039025124,0.1026217644286543,4455.766343286221,4141.944912625642
4-154443-A-24.wav,coughing,-392.2614,18.301897,-2.318248,2.1681612,-6.2720137,2.3377302,-4.170929,-0.14041068,-1.0789261,0.28585574,-0.7284098,1.9333353,3.2925754,159.63939,40.011303,10.519611,7.7132707,16.782537,8.500008,10.8838625,5.6836023,6.0468626,5.522778,5.16381,6.742899,8.303306,0.0584361,0.017701611441415313,854.1864990287397,857.65034810992
4-154793-A-4.wav,frog,-196.98088,181.26227,-97.76017,-24.932278,0.595287,11.699765,-3.6794293,-9.55277,16.328285,42.647804,13.240198,-10.84581,-14.295816,25.620903,9.599462,15.81494,8.273523,7.0184956,7.0121975,5.792619,6.6290817,6.2436213,7.209283,7.3588667,6.1438756,5.1245003,0.20154117,0.08988000290023201,2053.4971385291356,1453.4732808643173
4-155650-A-24.wav,coughing,-404.3404,114.4225,10.329151,19.269142,-13.960083,-8.378281,-1.4871356,1.5151044,-5.4979787,-0.14912242,-6.756336,-7.665314,-1.7327118,147.86067,33.93316,41.559296,10.914062,25.15229,13.811745,13.376752,7.9710445,10.838829,6.4918313,9.78721,10.452708,9.657204,0.029519705,0.048617405017401395,2300.9264103240175,3196.665389093672
4-155650-B-24.wav,coughing,-497.4329,79.11206,14.970973,8.991853,2.3865347,7.2464876,1.5769522,1.483749,-1.6751595,-0.882525,-2.0068402,-3.0303493,-4.0916405,132.95071,61.293335,34.835262,9.015583,20.231668,12.692005,11.999486,5.749334,6.364725,4.5768137,7.7619047,6.747485,6.9814153,0.014497952,0.018955735208816705,1185.2125841295117,1923.6896510210051
4-155670-A-26.wav,laughing,-317.4737,139.86343,-93.30675,0.9190801,-35.31537,-5.78159,-29.200075,-3.831983,-4.8199964,-6.3007812,19.440369,6.3834424,-5.714026,26.998148,13.972002,15.524048,10.055385,10.424162,8.798081,10.181332,9.761942,8.722987,8.431019,10.138881,10.691016,8.162869,0.044850316,0.019294473245359628,2073.9356114174902,2481.2866070540567
4-156227-A-9.wav,crow,-400.97455,168.60225,-60.047264,19.150965,-17.370224,37.71043,-3.242832,14.511377,-8.979661,10.352967,-0.74902797,13.30886,-5.6308494,19.439953,4.911256,17.27607,6.581592,5.2415304,9.477602,3.9791696,7.710904,4.3818746,4.602082,4.365161,5.5288825,4.3299017,0.008066922,0.0674768434599768,2403.0684499134313,2793.8201313096647
4-156827-A-46.wav,church_bells,-143.58191,241.13525,-64.796524,-16.08003,-1.444897,-24.009079,-21.173855,-8.421666,-17.523104,-5.5452595,-10.513255,-16.948261,-8.064892,29.287462,10.131859,17.86319,11.159864,7.042346,6.5382833,5.5603833,6.4573936,6.302081,5.687076,5.8878818,5.2997646,5.6017475,0.3015287,0.049441025594547564,1360.795415068583,1357.585261228229
4-156843-A-21.wav,sneezing,-542.2705,15.65102,1.0901204,3.8930135,1.9542913,4.3019876,0.8854299,1.2519314,0.22637723,1.1305053,1.63902,1.2951914,-0.25734934,100.627716,32.289677,19.489735,8.713909,5.829414,10.425352,4.6695547,4.2463007,5.772463,4.237993,3.5730112,3.4686267,3.1912901,0.0066257357,0.031516232236078884,1475.8184728805095,1622.4195044623912
4-156844-A-21.wav,sneezing,-441.25378,85.22793,-7.6252513,8.297879,-0.08620483,14.564677,-2.7998514,-4.5795135,-1.9481294,3.8307357,3.2940683,4.636746,1.25482,177.9057,40.27677,44.756325,21.649456,18.905489,12.334838,16.903463,13.593755,11.483105,10.589102,9.180154,8.797649,8.243997,0.0330561,0.07563487891531323,3570.4452307985666,4139.4336708688725
4-156993-A-19.wav,thunderstorm,-254.54675,164.57225,-5.199068,25.265442,-1.680171,10.069386,3.176948,3.5063128,1.990936,-1.5886109,1.7717891,-0.9926784,2.6365154,69.4562,36.812916,21.8713,9.186723,7.652556,7.9848156,6.7625446,5.457614,4.8131075,4.6295457,4.4981084,4.5722284,4.1396956,0.06696907,0.04253031648781903,1979.7742071014584,2727.404408982928
4-157296-A-24.wav,coughing,-344.83017,101.46804,-29.213184,27.263342,9.7103,30.925493,-10.257432,9.833563,7.5174747,-6.4020967,-9.631591,6.9845743,-0.84151495,157.97101,33.117847,34.657055,25.100986,29.63622,19.766405,17.236914,14.165728,15.4045,14.55566,12.806912,13.297148,12.449091,0.036504034,0.09832239704176333,3323.178675027152,3417.577728616172
4-157297-A-21.wav,sneezing,-461.09592,50.195435,-7.3135753,8.269366,2.5964525,15.479824,-0.085229434,0.5032472,4.494088,2.2196026,-0.55465925,7.4401226,5.150134,190.35507,56.355133,39.305607,21.054626,14.448856,19.173914,14.335274,16.646305,11.52172,10.736309,12.435872,10.9302225,8.521382,0.03704909,0.2810947922708817,7774.246324847115,4688.799595385112
4-157611-A-41.wav,chainsaw,-102.330185,175.03023,-14.747045,47.105244,-43.281742,8.444878,-8.793319,10.83514,-8.646605,18.010065,-13.791551,5.621788,1.6105747,22.72076,7.508366,5.765657,6.5083694,6.690559,5.954902,8.003882,4.207757,4.71483,4.2675934,5.505602,4.964332,4.732376,0.20116435,0.04070747534802784,2167.433676684242,3035.955994197079
4-157611-B-41.wav,chainsaw,-118.347305,166.24005,-14.062162,51.531403,-56.1465,11.84849,-13.950044,10.743862,-10.730648,20.271643,-20.436697,7.067944,2.7667367,18.82118,7.702693,5.9786735,6.059413,5.6248693,5.659878,5.1829486,5.960998,5.104562,5.452585,5.5363746,4.4332614,4.581122,0.14342566,0.05619199535962877,2611.190307068565,3364.189718214188
4-158653-A-32.wav,keyboard_typing,-480.61264,79.06203,-35.38622,8.431705,10.516594,10.657631,-5.043267,21.387777,7.119764,6.3106294,-3.3460543,9.081894,0.09836127,140.14284,24.077671,54.221607,13.8480625,13.728064,9.47854,12.588909,8.88247,10.374078,6.606935,7.9156756,6.509002,7.7297583,0.01093862,0.12130107127320186,4863.295226322625,4669.703585385415
4-159426-A-9.wav,crow,-401.6024,81.1426,-45.6449,5.163918,-11.142756,23.122328,6.6355305,-0.27892902,4.3048687,7.4292407,1.643519,5.729302,4.8750267,228.71286,83.20224,50.338276,6.979828,14.257722,24.7657,7.9718003,4.712269,7.6431956,8.627298,5.55785,7.319743,6.398857,0.066344015,0.03361663464327146,1109.8018122882115,1089.9673063516407
4-159609-A-14.wav,chirping_birds,-354.212,109.72884,-49.312145,9.683913,23.774136,-10.590753,10.935537,11.806643,1.0587095,10.733883,3.4891632,3.5413945,10.623443,38.770462,21.78953,38.201782,28.14728,17.730593,25.515156,11.66155,12.831681,11.4515505,8.925062,10.488333,8.25171,8.685177,0.053683724,0.08605079031322506,2739.1194929799703,2454.030548320838
4-159609-B-14.wav,chirping_birds,-339.67957,81.846085,-56.141495,17.629011,27.253845,-15.699405,4.0473504,17.964575,2.4014642,5.816743,4.98296,1.0917242,8.464929,49.32096,27.773916,42.774845,30.306704,25.441061,28.5516,19.985876,18.58008,14.906719,13.016024,12.275951,7.8400025,10.00349,0.10642161,0.0951208127900232,3290.774279233034,2535.457825955703
4-160036-A-33.wav,door_wood_creaks,-455.0976,184.82434,49.784428,30.462769,40.06381,23.598516,11.142852,2.8451893,2.0157113,7.5307703,3.181133,-3.6445918,-4.414969,107.31006,59.49338,61.176216,35.88591,13.093308,14.578502,10.213293,6.3149605,5.7277784,4.976069,6.5994973,6.436479,5.965838,0.048123192,0.009600221142691415,527.3676593191867,1061.855501260859
4-160036-B-33.wav,door_wood_creaks,-457.81146,163.82867,43.93204,10.50894,28.537663,28.219627,10.946008,0.22635381,4.0143614,11.117851,5.9162526,-5.6343055,-7.164415,79.9933,55.44194,33.057343,22.608854,12.109943,12.627181,11.48657,7.190877,5.688286,8.092252,7.5558014,5.614035,5.2273455,0.03976715,0.010063578523781903,544.6850014609093,1257.5317768000791
4-160999-A-10.wav,rain,-89.31022,123.601364,-82.03196,42.811707,-61.377224,34.69116,-42.343018,23.085035,-25.639967,8.882071,-17.493946,1.2199203,-9.358604,57.39378,13.934691,11.405229,7.638252,9.300945,5.6543417,6.7192945,5.040936,5.647652,4.4748297,4.9882255,4.886951,4.906146,0.10900489,0.14221219728828308,4315.968365320579,3716.9069343577885
4-161099-A-47.wav,airplane,-314.35403,243.5656,-8.366682,-8.064447,-0.82060146,10.856597,-15.496903,3.8473117,-1.130574,-2.6697724,-6.913035,1.5171765,-3.565039,15.855338,10.505499,9.141158,6.0662355,6.5704665,4.4937997,5.9989314,4.2797537,4.5109496,4.6222057,4.304502,4.508712,4.5130773,0.04494069,0.02771307642111369,1047.4957114649121,1620.9535483980067
4-161099-B-47.wav,airplane,-202.58893,244.52849,-52.06636,-4.2683067,22.034119,-21.483364,-9.154225,-0.95221245,-9.287511,-8.432091,-5.7265987,-6.543466,-8.699018,53.44278,12.873492,23.908218,14.6747055,9.630371,8.101905,9.184993,6.314332,5.556302,5.130296,4.5764723,4.713945,4.330234,0.13073769,0.03914520192865429,1309.6824768717097,1408.7405433356125
4-161100-A-47.wav,airplane,-36.790604,204.31535,-69.126305,27.446148,9.530502,-7.4327555,0.29870903,-9.302913,-7.830867,-2.892107,-6.287764,-2.0055223,-4.462451,77.45185,36.561695,11.499065,11.384486,9.026297,12.037886,6.655405,5.929164,5.4357805,5.177512,4.0719666,4.811429,4.9414926,0.41170993,0.05485516966357309,1950.1262014545955,2116.067250613036
4-161103-A-47.wav,airplane,-108.21406,217.29358,-62.753902,12.161563,21.166595,-7.9889884,4.9786844,6.9604845,1.5512121,3.814274,4.8882504,6.3237915,5.191924,67.94376,21.44104,25.351603,19.185944,12.380488,9.174538,7.4922185,8.958279,5.131852,6.8809342,5.9375134,6.482045,4.762105,0.28240812,0.043325614486658934,1585.2530035475752,1651.8672788113763
4-161105-A-47.wav,airplane,-274.4676,233.19145,-26.773342,-0.32833785,3.413904,0.55385697,-17.786932,8.072386,-7.9830756,-6.798362,-6.4102716,-3.087392,-10.265824,15.883988,8.056288,11.759955,6.679424,6.161701,6.6168475,5.7737613,4.8471184,5.485135,4.829352,4.2620144,3.989366,4.271114,0.058399383,0.02973984012470998,1201.529104290209,1708.7830409454948
4-161105-B-47.wav,airplane,-197.1343,254.4069,-48.029537,10.419825,8.796354,-13.894737,-8.898099,4.5113077,-4.3060474,-4.635076,-5.0194464,-4.51158,-8.256366,32.152786,8.873641,16.453587,10.603445,8.416406,7.1991415,6.3769956,5.1602025,4.8206024,4.5915346,4.8000956,6.064077,4.8074846,0.14701222,0.03318273274361949,1170.1552404920162,1392.1484975333055
4-161127-A-10.wav,rain,-79.0368,122.29911,-61.059288,49.42088,-19.659023,33.03865,-8.468127,20.182499,-3.6861315,15.853993,-2.3652532,14.216686,-2.8549986,25.693697,5.3407974,4.9352307,4.6153226,4.086305,4.1219835,4.159006,4.4406433,4.158116,4.0052238,4.882992,3.921327,5.0050073,0.15128791,0.08498472846577726,3545.4597806864676,3517.2669339673985
4-161303-A-5.wav,cat,-431.36,59.49705,-4.1083055,2.7261899,8.078496,24.337421,13.975918,-1.2556771,8.44615,7.7770143,4.663711,16.477335,15.81427,99.44905,46.746384,35.502487,21.127815,13.978422,13.986153,11.986864,19.671593,7.659423,7.7731466,12.592525,15.21333,13.761703,0.086096406,0.03958816705336427,3030.249775794213,4089.1937157256657
4-161303-B-5.wav,cat,-486.7839,18.871208,-2.1430862,-0.6718565,1.7616764,7.6894774,4.52717,-1.2555954,0.785686,0.680368,0.8705345,5.6307406,6.6225286,69.1547,38.724823,19.268715,13.133873,7.437447,15.037105,10.43871,10.734114,5.391842,5.026061,4.6265035,11.957528,14.454294,0.03550313,0.012425681554524361,721.2802876980234,918.2863096767884
4-161519-A-19.wav,thunderstorm,-378.0826,178.73329,95.01634,21.22457,-7.914118,0.29658315,15.848013,17.901253,8.70143,1.2469962,0.9818255,3.4506953,3.982288,26.748243,28.54609,10.317916,7.7238755,7.598363,4.940126,5.26209,4.0046177,4.8852153,4.654601,4.1294956,3.452999,3.1747227,0.07266802,0.008031150304524361,416.0189654198905,1069.8763786208513
4-161579-A-40.wav,helicopter,-534.71387,80.35571,-5.1074014,16.29444,5.2380986,-0.21312085,-4.671348,1.7144563,-0.21886057,-2.5839765,-1.7641081,-0.5464891,-0.9478207,180.12616,99.58668,15.219931,21.004993,7.9302435,4.402429,6.4843073,4.0516963,2.9329338,4.689788,3.378995,2.7190094,3.0044107,0.019024787,0.009527715342227377,494.3215510463566,800.3768653869928
4-161579-B-40.wav,helicopter,-200.20084,213.46704,-27.009802,33.50675,2.0983257,5.411479,-6.5926747,10.323315,-2.3977542,-4.185275,0.08211512,1.61534,1.7203143,12.963307,7.1458755,8.02484,6.9227753,5.791881,6.520225,5.8579354,5.506499,5.224661,5.817724,4.9648647,6.2033043,6.9091334,0.11643938,0.025654591429814386,1218.4726331990419,1897.3482337132348
4-163264-A-10.wav,rain,-136.78279,97.7094,-51.81897,42.47148,-25.47401,35.270096,-24.380398,24.815645,-8.961214,14.499964,-2.9846401,10.198629,-0.35923246,6.230224,5.571689,4.304615,4.459708,4.4930506,4.3579865,4.321126,4.333529,4.3843727,4.1168337,4.448084,4.2979245,4.3687367,0.077863246,0.12110621193445475,4553.265713051842,4135.636030651131
4-163606-A-16.wav,wind,-349.2814,169.86327,49.689545,41.847973,21.649109,6.5522413,0.8336007,-0.6554435,7.3214626,2.8196685,4.759703,-0.5760763,-13.364469,9.301291,6.6658993,4.506482,4.8127155,4.8391304,5.11544,4.50822,4.17466,4.26696,4.1669855,4.36871,4.403402,4.7282143,0.09398867,0.011570339689675174,667.4251808001068,1674.211984595731
4-163608-B-16.wav,wind,-298.48462,151.91878,18.329031,31.019495,19.95432,9.770755,13.86799,7.413898,9.214493,7.7552433,9.190362,9.289073,4.8231597,24.483753,7.233949,8.72579,7.125358,4.668775,4.3125305,3.9356768,4.2072787,4.154352,3.7027688,3.5561023,3.5082116,3.586874,0.10804522,0.006377111731438515,921.7541629929085,2107.267313196865
4-163609-A-16.wav,wind,-339.35376,218.43936,48.37738,12.702855,20.70985,14.664115,-6.1229463,2.9423804,-4.595883,5.239499,-4.245677,6.3978443,-7.262392,19.60787,12.655379,8.608811,7.771633,4.4262743,3.8695912,3.801486,3.7339451,3.8099916,3.7676308,3.9573393,3.9883926,3.7978463,0.06662932,0.01335919373549884,798.1994769906078,2148.2094798600388
4-163609-B-16.wav,wind,-336.7868,205.8451,46.064384,18.762976,25.551744,15.649058,0.26995382,1.6541184,-0.7139493,4.4493375,-0.7339175,4.8658137,-4.526511,45.944332,21.20756,17.923283,5.817067,4.5935373,6.027747,4.173278,5.207851,4.6949058,3.996096,4.280833,4.4008017,3.937497,0.07952514,0.011318835194315546,807.1597318900347,2208.1293055983383
4-163697-A-13.wav,crickets,-378.07352,-13.623045,-88.9882,112.61168,-19.955809,29.24007,-11.09152,7.3642077,-8.155398,32.856876,-3.3128438,-12.705796,-2.9481075,39.473595,21.676538,9.974891,7.149028,7.546735,5.9414735,5.86569,5.9249315,6.83636,6.145338,7.968939,5.0271683,5.3687377,0.02294049,0.23963506924303946,5972.087799142611,2561.885145290866
4-164021-A-1.wav,rooster,-415.35007,85.95863,-34.99434,-15.599056,-20.942375,14.757684,7.1073413,2.1465704,-7.9358606,12.700001,-3.7148602,1.2472397,19.503962,156.16084,54.45792,51.772507,23.993261,26.722677,13.262285,12.390486,9.025406,13.79496,11.531228,12.185044,9.401815,15.0337305,0.068840295,0.043244045461136894,2113.8635900451404,2669.9433493288616
4-164064-A-1.wav,rooster,-465.68396,43.861538,-45.438442,-19.615967,-4.9002767,-1.8307645,-11.406401,2.5551355,16.125103,7.9894423,11.430489,11.489388,0.59359884,135.89183,53.116573,63.26554,27.975063,13.593823,7.239588,17.63318,9.764103,18.908522,9.5564375,15.689436,15.405001,9.929752,0.03553652,0.03414456750290023,1197.7625179165889,1342.5092086456416
4-164064-B-1.wav,rooster,-487.1221,40.626366,-55.471336,-22.31061,-21.190222,-9.0357895,-17.95316,-4.0195346,3.5854347,-0.60140115,7.1394157,7.9695096,4.3054614,177.84991,53.668705,79.375946,31.141422,30.83826,13.486312,25.634584,10.520527,7.1988764,5.602881,12.637662,14.695398,8.112717,0.042461768,0.02892528277262181,1121.1059610119253,1202.5541464774867
4-164064-C-1.wav,rooster,-457.50253,20.353762,-40.831673,-24.268936,-19.502346,-0.89769787,-16.654789,1.8659371,2.4584076,-0.6672536,4.422239,10.552238,2.2613244,149.29213,30.98957,62.79379,36.998245,30.530994,7.6914296,26.430092,9.504388,7.082573,5.2385983,7.225525,15.864962,7.7056584,0.03995427,0.026070366879350347,1138.253391432133,1524.395544266519
4-164206-A-10.wav,rain,-108.2199,116.85195,-55.094067,52.257015,-47.15171,49.820568,-38.347866,36.30925,-21.569212,23.92194,-10.989423,10.613077,-6.889898,11.16692,11.925191,10.0305805,8.821737,7.950542,7.0788774,7.225939,5.929878,5.7709193,4.9883647,5.12868,4.4328666,4.4139056,0.07330318,0.17320502827726217,5132.837412366488,4415.314987548836
4-164243-A-26.wav,laughing,-275.71646,115.50416,-62.179607,-19.496622,-13.156266,-7.746543,-16.058767,-2.4832973,-6.589207,-12.869892,-13.118658,-3.6773655,-7.8124127,116.854614,52.13638,46.455257,21.20191,20.340874,13.373326,15.097776,11.640628,13.576622,10.375729,10.880344,11.0499525,17.108084,0.113343924,0.05177593895011601,1943.350601507646,1942.6821475642735
4-164661-A-12.wav,crackling_fire,-210.75975,63.284523,76.25008,44.308094,0.09190778,17.449753,16.954613,17.221724,11.219286,13.012368,7.009838,9.439864,4.8963747,32.43329,23.641281,10.62278,8.83683,7.0487576,6.2057095,5.3408675,5.0863476,5.0430512,4.952537,4.553806,4.686154,4.488342,0.14899917,0.04354426479118329,5127.41826431544,6340.66349953002
4-164661-B-12.wav,crackling_fire,-407.84042,49.966805,51.83921,40.27594,-3.198965,18.769884,8.0043545,16.5944,4.1289744,11.62326,2.3105962,8.633088,1.873783,130.42902,42.938034,34.163857,26.108757,7.9807253,13.202886,7.3367963,11.803624,6.577045,8.674248,4.956618,6.912521,4.568839,0.03958325,0.02995622462296984,3259.7655412299337,3998.2320203690374
4-164859-A-1.wav,rooster,-412.00656,79.83316,-23.003626,-44.97381,-13.625189,-0.12898314,-9.389288,-7.9692106,-0.9877697,-4.2417655,0.8862298,14.062827,11.340092,114.93876,87.12431,31.405588,51.801254,19.807732,7.344369,15.447324,10.924222,10.882003,8.095604,7.6927233,16.801357,14.235633,0.1325522,0.029660536905452436,861.0463275662786,792.7230031963434
4-165606-A-45.wav,train,-194.54466,207.62825,-19.376818,51.022434,7.1906085,17.721636,-2.5166178,5.88867,-1.2166783,-4.8991423,2.2345953,0.5598603,2.2306385,17.600758,7.225522,7.784254,7.131076,6.697861,4.5853477,5.005077,4.3850727,4.8453627,4.2936683,4.388137,4.618993,4.696423,0.15313825,0.01892741263051044,1151.953867419674,1965.5062582953872
4-165791-A-45.wav,train,-190.81892,212.15628,-12.786549,38.19281,-10.757314,-1.4923027,-18.210575,-8.13127,-13.372452,-7.4276834,-0.26299185,-13.758508,-5.3249006,22.70448,11.168644,10.51864,5.8461757,6.9830656,6.6304193,5.744345,5.355723,5.100355,4.86385,4.1469793,4.461699,4.151034,0.16359748,0.024934065037703016,1189.9534163128505,1878.1667431760904
4-165791-B-45.wav,train,-214.36243,199.94366,-31.393784,39.619354,-11.653218,7.7900877,-18.823172,0.64361244,-11.763768,2.1240036,5.60004,-3.8103151,-0.5754951,40.526684,14.675429,11.364023,10.870266,6.8084507,7.129523,7.7167954,5.964437,6.3471293,5.346434,5.7612357,4.908427,5.779938,0.07676766,0.034831106801044086,1618.9772446494646,2269.258175357096
4-165813-A-19.wav,thunderstorm,-307.82568,172.38017,45.66411,-13.055459,-1.4238111,14.97775,5.7459345,-6.6013045,-3.4511387,3.355178,1.6241671,-3.16811,-3.1776142,62.738243,51.13467,10.33517,18.472107,11.36637,7.5402756,4.757653,6.9363947,6.3478007,4.9491587,5.204642,6.0059524,4.8976207,0.088305406,0.0265643126450116,1336.8140025878577,2360.6453262997147
4-165813-B-19.wav,thunderstorm,-352.10492,162.53654,67.4983,11.035042,5.387484,13.072137,10.109136,2.549746,0.5019201,1.886293,1.6203257,-0.54204905,-2.2987208,65.86796,56.105904,11.510661,18.667484,7.2299294,7.8449483,5.1366506,7.2303386,5.0340123,3.9451475,3.7466996,3.8100586,3.9575574,0.092935294,0.0171861405162413,1301.180794224811,2718.1713784746617
4-165823-A-41.wav,chainsaw,-74.71994,118.35825,-78.36418,40.594746,-27.180548,36.142994,-20.080439,21.186106,-19.460688,15.636893,-13.239638,13.986616,-4.081914,55.896088,17.070215,17.287025,5.903301,9.993205,4.9137416,7.6872525,6.6838884,7.2271924,5.1199107,5.3282547,4.979795,5.1749578,0.15196635,0.11750131416763342,3858.6563379011914,3484.388515260518
4-165823-B-41.wav,chainsaw,-114.526436,90.55686,-70.46718,21.434664,-48.026886,26.19705,-20.160124,18.36608,-17.137016,18.56129,-10.399078,18.243364,-2.296782,54.64199,17.06138,19.847353,7.8833637,7.2555017,10.129017,6.5049,7.063796,7.629943,8.441907,5.5137196,6.609852,5.42367,0.092229396,0.15181581714037123,4715.700072163544,3967.36169466625
4-165845-A-45.wav,train,-126.57023,184.92618,-22.379425,47.13639,-2.8800225,12.862853,-13.928844,2.384974,-7.4341083,3.530138,9.15686,-1.5057666,-1.5692568,54.497025,19.551195,15.670398,8.738631,9.828393,9.212935,8.139074,5.938208,7.3471174,6.0888314,7.049892,6.4987864,5.865864,0.2043359,0.034947795823665896,1770.874532299691,2528.168152823759
4-165845-B-45.wav,train,-133.22368,177.83382,-23.56948,37.730564,-1.6506451,9.775334,-8.909552,3.8881564,-4.6207595,0.06482905,7.081666,-3.5422845,0.84146804,60.569912,15.416968,12.248319,10.541698,10.684318,7.6234612,9.085992,6.2669616,7.156284,5.843043,5.612605,6.0962076,6.208575,0.18061793,0.03842467553654293,1874.2538092149114,2621.932645086374
4-165933-A-45.wav,train,-209.18672,194.8075,6.195825,19.002693,21.809307,1.5411807,-5.238688,-1.5509254,1.6833017,3.4889007,6.502541,-0.5411741,-0.83581465,38.962067,12.486047,16.318073,11.4550295,8.257318,6.3611,6.845653,6.098087,5.5026116,6.053884,4.777701,5.17677,4.9630938,0.13192399,0.021010821490719256,1058.142717674774,1718.914879705487
4-166661-A-10.wav,rain,-77.52251,163.45401,-82.14109,46.80751,-36.329002,30.552141,-26.973473,20.308235,-19.104136,17.092512,-14.863737,6.1853156,-5.229932,16.346605,9.340381,8.013574,5.978791,5.8024044,5.219714,5.154856,4.4706545,4.958411,4.6271634,4.5552974,3.880671,4.639531,0.1349709,0.08988226870649652,3025.502951781063,3010.2331434987846
4-167063-A-11.wav,sea_waves,-108.8907,143.80403,-58.190685,33.537674,-34.74525,19.103659,-23.346125,12.753914,-18.404444,9.726018,-12.794934,4.835531,-9.765665,42.960224,23.626894,13.076546,10.79639,10.130044,9.0205965,7.1984143,7.195028,6.431266,5.42941,5.809403,5.1574774,5.6399302,0.092952825,0.09207217046113689,3337.6007571295736,3476.635720708874
4-167063-B-11.wav,sea_waves,-110.19428,138.61536,-53.25712,26.758057,-35.284557,12.039619,-20.716906,7.0968146,-17.987951,4.6817093,-12.331256,1.4899347,-9.378624,58.007015,14.485631,12.583455,6.7614603,6.3887405,6.5014353,6.1195784,5.396021,5.3020616,5.1336913,4.9830337,5.1298122,5.619757,0.09849107,0.08832565980278423,3264.36597244913,3430.0798110273345
4-167063-C-11.wav,sea_waves,-101.80274,142.9236,-54.98325,28.481936,-36.434166,15.983511,-21.527016,8.939911,-18.10382,6.5088725,-13.278152,3.4861574,-9.921255,55.386715,17.118496,14.127797,9.289212,6.8708076,6.265366,5.518192,5.1816587,5.4282484,5.0534997,5.029334,4.5857186,5.104009,0.10819258,0.08810814240139211,3252.107608690041,3432.983394463941
4-167077-A-20.wav,crying_baby,-324.36832,82.45934,-14.936369,21.454031,-21.795593,20.102741,-15.928132,8.5968685,11.140353,11.836925,9.400986,-1.4172117,1.4947572,144.90477,29.07565,40.393047,13.957582,28.735075,10.479673,23.81366,15.9639845,10.128961,10.17051,15.339793,13.207967,16.196478,0.057736646,0.07220671403712298,3594.7909783271007,3785.9348772757585
4-167077-B-20.wav,crying_baby,-251.24036,82.41488,-39.81675,15.878177,-26.267603,17.241901,-28.911587,-2.9380546,4.6189713,7.04581,-1.532017,2.372029,-11.482223,135.2371,30.179306,52.60398,18.455507,21.027508,18.700073,22.769707,10.01502,12.091801,12.294059,13.634678,10.063465,12.0029545,0.09711774,0.08071594946345707,3679.0779226978802,3660.911263025817
4-167077-C-20.wav,crying_baby,-319.51965,105.12268,-44.901737,14.659978,-26.690691,9.147817,-19.582659,1.6134019,-0.6117739,4.8537536,2.222398,0.84593195,-10.020655,152.48723,31.393917,53.319847,19.724594,23.263758,20.520815,20.029707,11.044976,14.213413,14.92095,11.78285,14.734659,12.768993,0.05971345,0.06215106583526682,3103.024014663472,3278.0582355948786
4-167155-A-32.wav,keyboard_typing,-456.56494,185.62465,-73.67895,21.831665,41.563286,-18.504251,29.720715,14.339269,3.1250906,16.337168,-3.9310923,2.1138234,8.95917,59.119717,20.806135,37.045795,18.364393,9.413596,14.432019,11.449652,9.704014,9.158037,8.851379,8.151962,7.9468336,6.241553,0.009106787,0.055244888341067284,2165.46595102911,2377.56127451688
4-167571-A-26.wav,laughing,-427.68658,78.71139,-19.312672,1.2027293,-6.309063,-2.761811,-17.31108,-2.4285817,7.912363,7.258463,-18.336998,-4.193992,10.92346,189.16753,87.19425,22.75025,13.17237,7.701805,6.120078,21.11892,5.513837,10.760238,8.614329,21.542871,8.28486,14.885423,0.043420184,0.027314294518561485,963.423023558688,1075.0394545704903
4-167642-A-21.wav,sneezing,-415.3438,12.094281,-7.07581,3.3236282,-1.3561524,2.1112378,-2.2317765,-0.5655631,-1.0116351,0.713545,-0.52461404,1.0170175,-1.2595775,157.70801,29.346113,22.679312,12.829557,8.742002,5.5269103,9.465502,4.0113626,4.2427034,5.49287,6.040771,3.5778837,5.3908477,0.04618857,0.017976906902552204,840.3669419733043,976.2070012416057
4-168155-A-15.wav,water_drops,-503.87744,85.41521,58.824936,33.35461,15.041752,9.939194,7.657669,11.409746,10.0918865,6.063138,1.7453644,1.3466653,4.36538,43.756596,28.258665,14.859892,20.981012,23.991323,16.8756,15.300562,15.377236,14.798279,12.921039,12.583158,9.876956,7.9412374,0.020871261,0.017543005002900233,1526.9283268347453,3193.9296790114918
4-168446-A-45.wav,train,-135.24684,189.03749,-11.277626,40.15847,4.0096836,9.967314,-1.4512407,5.791664,10.27082,7.5157156,6.441891,1.6955513,2.7593975,38.24129,9.280475,7.921141,6.96049,8.628532,5.9992747,6.456791,4.900638,6.8034616,4.2022085,4.9335437,4.08068,3.9477158,0.24561577,0.019440617749419953,1309.929951557458,2223.694150095486
4-168868-A-17.wav,pouring_water,-408.68286,157.73769,-50.713974,17.71871,16.244831,-26.375036,14.340119,10.147611,3.015645,18.833555,-3.9436376,-4.3249726,7.8540764,67.58508,34.034836,35.880913,22.531843,19.404465,22.523312,25.585888,23.452887,13.525613,15.1121,16.680206,14.051775,11.174149,0.018377231,0.06998395809164733,2255.883561859473,2303.17176820131
4-169127-A-41.wav,chainsaw,-222.41998,76.86911,-24.985693,19.791296,-19.180086,14.073684,-1.1648912,12.104395,-3.7864044,9.639426,1.850726,13.856029,2.6688287,169.74606,24.787342,27.635927,16.868843,15.226739,12.637936,10.814426,9.066339,11.2220955,7.722626,9.391061,8.936637,5.935953,0.060399,0.17736164986948955,5872.188444105419,5036.386426739614
4-169127-B-41.wav,chainsaw,-16.406488,68.87459,-49.450447,31.818846,-24.61315,19.423359,-16.967176,15.919084,-10.925539,17.82389,-4.3272133,13.863504,-12.226436,25.045786,13.23517,7.7793508,12.972105,6.3410153,7.226645,7.0043774,5.804403,8.046722,6.275567,6.8102326,6.064268,6.855998,0.18635672,0.1850789860063805,5500.601609889792,4415.608824384533
4-169508-A-37.wav,clock_alarm,-236.6893,-4.0319424,-11.606613,5.6837564,-3.628605,25.928411,-18.519592,-5.9365044,-29.206331,0.4450198,13.680899,14.959091,-14.579269,20.025587,11.356656,10.138694,6.988986,7.058187,5.998212,6.3218036,5.5599785,5.543628,5.8651104,6.434838,6.5782557,5.302358,0.07268188,0.4300069786832947,9131.834419191075,4944.142999273065
4-169726-A-24.wav,coughing,-440.4304,25.410559,-0.3288735,4.8288918,-3.395803,1.7543612,1.694028,3.5252776,-0.8264933,0.96873015,-0.44009396,-1.068221,-2.115584,138.46748,48.770664,17.910275,11.083927,13.015376,5.4541492,6.6783805,7.631913,6.8096952,3.6723669,3.5210397,3.8405542,5.70217,0.02349583,0.015212623259860789,704.3286756029291,857.1570021032549
4-170078-A-1.wav,rooster,-455.17664,72.07559,-6.482192,-10.049552,-6.8689694,9.211942,1.587593,1.0275735,-1.6370187,4.8609676,4.0308633,6.200478,9.685244,151.41557,84.11785,26.214668,20.01615,13.514692,11.324341,6.5600085,7.1641774,7.668634,7.5528564,7.6035705,8.127345,13.725789,0.05163039,0.013371655669953596,1141.3094656219475,1894.410448794538
4-170247-A-12.wav,crackling_fire,-384.1883,101.82818,31.966457,56.5488,9.251856,28.0726,7.7401447,23.378115,4.4086,17.521519,2.3747435,12.377251,3.7801692,51.459866,23.970594,18.0506,12.031519,9.862957,9.183646,9.025406,6.7099338,6.1059647,5.5658383,5.659393,5.586945,5.520903,0.06584678,0.007408053581786543,2011.1107671374268,3684.5030239779876
4-170247-B-12.wav,crackling_fire,-337.83368,120.172386,33.57525,45.00278,14.562031,24.820242,8.840286,22.444881,4.0688224,15.686433,3.3784728,13.062603,6.4481516,54.097233,28.71077,17.627998,11.154021,9.354064,7.7455974,7.2089453,6.8683405,6.5507174,7.0466075,5.534278,5.603825,4.757651,0.10030898,0.007511147766821346,1714.9370863195743,3369.341227973755
4-171207-A-12.wav,crackling_fire,-329.9226,124.57889,59.080437,50.07303,4.921464,28.163855,16.01411,25.20639,4.510458,15.458452,9.646731,13.403617,22.103804,47.4434,28.397894,19.784843,14.005602,9.170904,7.9827695,8.691405,7.383959,7.4157143,7.288333,6.663772,5.948039,6.3640594,0.1430334,0.007308358106148492,1361.400291477627,3061.362466730573
4-171396-A-24.wav,coughing,-462.31287,77.30841,-15.63898,5.9993916,-4.1442847,-1.4360621,-6.5908194,-1.675272,-3.257135,-5.2226744,-1.3884405,1.6047944,-1.9912423,167.51263,73.24943,29.932985,14.819294,17.40054,10.875902,15.93506,9.58353,9.893171,11.564567,11.360101,11.790835,10.200944,0.025048483,0.05484157482598608,3397.245626250436,4010.2076207209097
4-171519-A-21.wav,sneezing,-407.7862,27.437344,-9.733418,2.945606,-3.4844384,3.5158396,0.8495336,-3.9126434,-1.6370153,-0.5804972,-3.170125,-2.4573376,-1.2015473,117.184326,44.437138,23.939138,13.53316,11.187763,8.005736,7.6030717,10.19075,7.1442165,3.7614176,7.84073,6.101819,3.8306353,0.023269532,0.039736577363689095,1380.6338833596667,1219.6628601493826
4-171652-A-44.wav,engine,-54.30555,135.99193,-23.069818,52.212513,-15.6440115,23.398333,-21.347103,14.715977,-27.437273,16.573277,-20.589455,11.062595,-10.648218,17.759027,10.26498,8.361573,7.140126,6.0514402,6.5536304,5.9046006,5.8261485,4.994412,4.6661844,4.357445,6.114938,6.588672,0.1882831,0.09081691379060325,3532.4213514228777,4179.791152639005
4-171706-A-23.wav,breathing,-86.42562,133.86397,-72.72107,13.587034,-35.685425,28.14498,-27.354946,19.50439,-4.7306104,0.92691404,-1.8728517,4.7688866,-3.345148,81.64037,15.784638,21.853403,9.007968,12.549577,9.559825,9.512901,8.226493,8.748128,6.321964,11.616273,4.7179017,7.960636,0.16658115,0.10865220780162413,3443.7877580419095,3294.4160530761387
4-171823-A-13.wav,crickets,-523.09766,131.40352,-97.632,34.26599,7.999147,2.3267832,-38.90417,8.750461,9.886227,16.840786,-23.668064,2.178032,11.204205,7.17406,4.989405,5.476606,5.046584,4.092605,4.841346,4.8849382,5.1400766,4.924939,4.871225,4.2935214,4.564749,4.69126,0.0046418826,0.1299768434599768,3070.033014399615,2138.7264802374357
4-172143-A-13.wav,crickets,-438.96426,150.37125,-3.5067773,47.363537,-22.505463,32.80032,22.824106,9.140006,-9.012049,30.904911,-6.4843183,-3.2042494,15.489287,29.364634,30.502092,9.793266,10.704932,14.814048,8.693767,6.3026814,5.927019,4.8997293,7.937822,7.2566805,4.8015323,5.9676347,0.011194902,0.05515652189675174,2756.5019980021434,3306.8879510608554
4-172180-A-32.wav,keyboard_typing,-329.99542,72.172806,8.913169,34.945786,2.2279809,24.830364,2.799409,20.596632,0.23150125,23.892069,0.47457036,15.39307,-3.9163141,63.540527,17.344107,15.557749,12.424121,12.227186,8.403804,6.9202023,6.442113,6.5470395,7.2504344,5.7870893,5.653167,4.9607596,0.04399058,0.03513359193735499,4402.8567528241365,5352.722150963871
4-172366-A-37.wav,clock_alarm,-608.9632,81.44535,-27.011759,25.735329,24.298433,14.085593,7.4146895,11.1875,-9.013659,19.11083,16.241966,-9.300203,-30.165108,72.3181,13.129615,46.504322,8.085125,11.477003,5.1022787,4.243783,6.174931,8.945521,12.252987,11.405902,5.819767,17.525583,0.011128536,0.15543544264791184,4163.660090662608,3612.0168953090956
4-172377-A-17.wav,pouring_water,-606.38556,37.690895,-12.59138,16.28342,-10.717925,7.1299124,-9.408374,16.77756,-4.849764,5.495712,-5.572578,8.596192,1.6405352,180.07391,48.608986,31.75064,22.968943,16.689787,15.347957,16.646643,16.827358,9.892882,13.403937,13.153021,9.645639,8.722473,0.0028166124,0.13636755002900233,4681.551197320384,3300.6491041343006
4-172500-A-27.wav,brushing_teeth,-369.42673,122.72817,-15.00821,27.152481,8.495987,27.309525,-16.343988,11.365066,-2.213687,18.774261,-0.5775486,5.2008867,-2.377337,30.250092,18.587542,11.701083,7.70078,9.429068,8.978823,9.416614,6.51709,5.4116178,6.7309175,6.620119,4.9753346,5.014871,0.0154320225,0.04101222629060325,2961.5267675375835,4010.7028929069606
4-172500-B-27.wav,brushing_teeth,-323.18024,96.13376,-55.20091,29.500237,-17.968681,44.870895,-8.218738,36.226196,1.8870208,17.185707,-6.3620844,18.187681,-1.1493727,33.942593,16.28565,15.761279,12.010199,12.0078945,8.952676,12.906918,8.297452,11.633454,9.58706,7.196521,7.6618366,8.322083,0.016926613,0.08351761890951276,4008.603107339945,4057.9247524544026
4-172500-C-27.wav,brushing_teeth,-324.20236,99.556656,-53.23701,25.779947,-17.604628,48.6783,-18.354818,25.241114,-14.210135,18.10018,-3.7105982,19.674358,-0.89075756,36.31641,12.802274,14.1346245,9.819791,10.314746,7.551662,8.587241,8.283329,7.1784225,7.328281,6.0446734,8.516549,9.476111,0.013074512,0.10149112710266821,4266.128277874277,4245.960815793199
4-172500-D-27.wav,brushing_teeth,-369.75458,117.97553,-24.93239,23.42512,6.1483903,37.06636,-17.3567,14.403585,-3.228815,19.868185,-1.2941433,7.2246494,-1.0591297,35.552513,20.317867,15.595896,10.820732,14.370844,9.354891,10.612617,7.1579046,7.7745857,6.9516606,7.167842,6.050409,5.467569,0.0137170255,0.05771008555684455,3326.279100552202,4084.232931101918
4-172732-A-36.wav,vacuum_cleaner,-56.26484,150.80852,-79.10082,35.799778,-38.818417,25.025858,-32.363495,-1.45766,-20.211065,-0.65464073,-20.116129,-8.042023,-11.815878,4.637497,4.306809,4.2104306,3.7733757,4.1168523,3.9424462,4.198864,3.6152606,3.7364314,3.2805598,3.4273794,3.385154,3.5300734,0.2048971,0.07593056663283063,3004.5899189085308,3001.339274475149
4-172733-A-36.wav,vacuum_cleaner,-2.234323,145.86307,-78.665634,30.401382,-32.84919,30.652245,-32.39088,-4.7202864,-19.385256,3.689813,-21.490902,-8.121968,-11.565849,5.752531,6.0281696,5.996098,5.8293324,5.9626026,5.168638,5.3803167,4.8273773,4.79893,4.23762,4.122284,3.9366899,3.8907197,0.32024312,0.09049403639791183,3101.779499527874,3071.727259886889
4-172734-A-36.wav,vacuum_cleaner,-98.89428,165.87848,-69.97244,19.051346,-41.048317,24.162004,-27.063774,-0.9551677,-10.510117,4.667502,-12.516275,0.713957,-4.6267905,79.77735,8.905121,18.899412,17.186337,14.60066,4.1229186,7.549442,4.641264,10.709174,4.7373962,7.2912188,3.9625983,4.13662,0.16898766,0.07387661325406032,2623.4476074927775,2804.087393759799
4-172736-A-36.wav,vacuum_cleaner,-55.105732,159.01305,-81.82567,37.696285,-43.421436,21.76622,-36.27178,4.729174,-16.437233,11.009478,-13.706013,6.549246,-5.487378,20.216919,7.204806,7.914203,5.468647,5.5598545,5.434229,5.5965986,4.567501,4.463987,4.1675286,4.0158553,4.360998,4.383884,0.18547957,0.08807981982308585,2973.1428470224896,2952.8625832278485
4-172736-B-36.wav,vacuum_cleaner,-57.181583,154.39783,-75.29374,29.861078,-35.439487,21.580408,-34.409653,4.042327,-14.701407,9.664892,-12.567824,5.3183675,-5.4859056,13.895514,7.2990885,5.4979844,5.476107,5.155679,4.9259715,4.2701883,4.6124277,4.4274826,4.5180106,4.120529,3.93431,4.197562,0.177345,0.08805376305104408,2956.7637022681556,3004.2645065401466
4-172742-A-32.wav,keyboard_typing,-606.1575,53.666225,-4.5701113,11.408051,1.5364348,12.636564,-4.4602103,9.807043,4.7287254,9.057849,3.8201692,6.848074,1.4833707,164.6544,52.346905,22.97345,16.129717,10.538384,14.425174,12.968969,11.054999,8.382509,10.566941,6.4463687,8.170583,5.4064713,0.00451789,0.023779636745939674,2093.839612796862,2529.890703119327
4-173865-A-9.wav,crow,-224.1986,72.091515,-139.16545,-12.759568,-50.880325,14.121776,3.7501738,-8.255339,-24.273197,-17.15482,-11.143976,3.3573346,-7.46153,79.335014,10.959986,22.529882,7.8281035,20.014847,10.859577,8.048431,6.423182,6.644244,5.313159,6.140199,4.628316,5.0453196,0.10248853,0.10237705735208817,3474.137420160176,2746.8656871494686
4-173865-B-9.wav,crow,-332.586,61.253464,-115.730606,-7.8695927,-28.961334,1.3783305,1.2425685,-7.983741,-19.05779,-7.1261554,-11.770287,-2.964006,-13.241415,89.337395,15.760101,36.83244,11.455882,24.588385,12.098744,7.7318816,10.403009,7.1966915,8.268562,5.674709,9.987228,6.0364714,0.037264954,0.14162082185324826,4199.600564030536,3330.832973736612
4-174797-A-15.wav,water_drops,-384.26724,70.27348,4.1467876,36.22412,-0.6245998,18.427485,7.019947,12.332742,3.712886,4.9637594,3.9675064,4.6532927,4.2326407,146.34305,36.922382,37.46476,17.41716,20.447916,10.365636,10.645511,7.714488,9.571522,8.319245,6.525853,6.8992796,5.5894036,0.030214202,0.07787009679524362,4247.187934665505,4373.7853940565565
4-174860-A-3.wav,cow,-274.51007,155.85237,1.2597226,7.0085216,-21.264782,-6.0815334,0.34319487,17.235958,-2.99087,-13.489639,-11.928301,-6.4147215,-9.929255,45.482914,34.175274,16.025913,17.781395,13.548,9.24788,11.640502,10.942799,6.177899,10.394255,9.875999,7.760037,7.0840187,0.06994597,0.04475307243329466,2299.8248769225115,3202.7419404415396
4-174860-B-3.wav,cow,-199.32936,114.41045,5.487817,21.195663,-6.345734,9.070244,-6.6803665,1.9474881,-7.601405,-1.1090695,-11.090165,-6.493518,-11.150911,63.687756,53.505787,14.657506,17.101725,11.768366,8.798268,7.4699364,6.2481484,7.7395854,7.4373074,7.8216033,8.837703,7.600427,0.16363534,0.08283107961136892,3867.9144231361174,4294.244715856975
4-175000-A-40.wav,helicopter,-426.7514,183.55046,112.41408,44.890823,10.016332,5.970157,12.233927,12.245596,4.599829,-2.3747606,-2.845715,0.7007525,2.2389152,13.031136,15.662741,10.746718,6.053847,4.7579455,4.4863844,5.182249,4.778906,5.021688,3.9521213,3.3923006,3.3741505,3.4833221,0.08168062,0.00906209215487239,337.66818927659517,925.9401516188118
4-175000-B-40.wav,helicopter,-347.30655,203.32462,86.34755,14.203046,12.048266,27.802444,20.888092,4.389856,1.2627867,6.999117,7.3160086,3.5496767,3.6784909,15.928273,13.283532,12.3831005,12.854907,7.2947254,7.5157976,5.9371037,5.370317,5.1586566,5.9381866,5.4222493,5.07956,4.535535,0.17564318,0.00716787811774942,298.0224719892509,624.1780172669721
4-175000-C-40.wav,helicopter,-344.59274,222.76851,45.721977,-20.815083,15.489077,37.33359,17.586445,5.7866426,11.372943,10.87973,5.2718177,4.9976916,4.905808,19.55477,10.988274,11.694096,10.833948,6.951938,6.279343,6.675755,5.9427767,6.3084173,5.731614,5.2446413,5.2858324,4.996098,0.11293457,0.009379305031902553,446.9440277021461,784.2564623695185
4-175025-A-34.wav,can_opening,-403.7641,43.036655,-1.6495404,26.67628,1.5076171,25.50057,1.9548665,20.248228,-0.0104569085,7.7740397,1.4412899,2.9018974,-4.9710646,118.13275,33.80488,32.08397,11.587275,12.625862,8.772833,10.753977,8.954573,10.322486,10.778765,7.599658,7.192468,7.126604,0.027137166,0.18021883156902552,6610.986819887961,5206.789721045373
4-175845-A-43.wav,car_horn,-287.5556,153.9268,-6.2238073,12.392544,0.9083795,14.521893,19.602945,8.645761,15.920024,9.747582,4.7883115,2.3514507,2.7265418,116.8746,75.57764,13.409202,8.629379,4.1793156,8.327383,10.900931,5.6069527,8.642739,6.369789,4.492177,4.765508,4.8343177,0.17707074,0.009350982453596288,772.3105952223326,1529.5964175210395
4-175846-A-43.wav,car_horn,-504.8932,108.54082,-5.5278673,8.447052,-6.2316866,7.98253,-0.022247244,2.9098876,6.8667955,-0.8469508,-2.3533218,0.8452916,-0.3799958,173.93642,97.18291,19.678305,15.266447,8.3042,8.667807,9.457301,4.7832227,7.922861,5.1737475,5.9263744,4.1360197,3.0422366,0.021392358,0.020024062862529002,796.6313856863009,1182.478734195605
4-175855-A-43.wav,car_horn,-480.40274,91.40738,0.4809767,-0.7019999,-2.1555438,2.7856975,3.3529518,3.9837694,2.0946221,-1.0521277,0.40722457,-0.9902119,-2.5452938,142.2761,92.65129,24.33716,11.703578,6.6456885,5.993482,8.104913,6.0604,4.87053,6.8108997,5.068152,4.421341,4.5285225,0.024131104,0.014988308439675174,674.6601758783906,1056.4566509042513
4-175856-A-43.wav,car_horn,-322.00174,160.85493,-17.228853,14.215774,-3.4133072,2.763646,10.353479,-1.6750125,7.446085,6.800668,3.1582494,4.764004,2.7339063,122.951996,62.31818,32.689312,12.821838,11.415449,7.5931416,9.141732,7.2621093,5.612987,6.0670943,6.726177,5.2216196,4.2594905,0.058968876,0.026628888123549885,1275.2937172397717,1776.6721883918515
4-175945-A-38.wav,clock_tick,-394.01413,179.92981,-64.8964,32.710876,-15.607687,15.702223,-5.5930634,-2.5966492,14.1784525,-1.1674987,5.7715364,-15.43478,6.980341,50.578354,18.172218,24.042591,10.1760845,6.3098183,5.999719,9.051995,5.691787,8.330222,6.828357,4.908857,7.5508375,4.5869884,0.012704833,0.058061285527842225,2206.7659077880726,2369.397110430169
4-176631-A-43.wav,car_horn,-82.10093,172.40855,-31.974152,18.957691,-11.811716,14.071278,9.516592,14.98047,6.5305595,14.776564,-0.0026984336,3.051254,3.8098314,72.50978,17.733706,20.507639,9.763912,12.044555,5.322399,12.554781,5.0067596,8.090938,4.9371142,5.638198,5.004844,6.265857,0.4798544,0.02687246229698376,1656.6558049616708,2466.36190091522
4-176638-A-43.wav,car_horn,-298.39297,122.467445,4.888667,11.60261,9.784626,8.239979,14.606221,6.43154,4.06489,5.513288,-0.6442626,2.1767936,4.8853073,56.14566,12.42272,20.743256,6.562609,8.028554,4.981645,6.9286184,4.680759,5.1264763,5.848998,5.0394707,6.1799917,5.805549,0.08197298,0.026726317792923435,1801.2789280852303,2610.6758106434772
4-176914-A-23.wav,breathing,-727.4471,21.007849,-5.9070435,6.295015,-3.126415,6.057063,-3.794929,2.8847744,-3.9539843,1.189554,-2.9360108,2.9357703,-1.1342821,188.9504,46.474422,16.002737,13.742421,10.959324,13.390008,9.133869,6.7004547,10.04237,3.80695,7.6367292,7.9619455,4.636596,0.0031283526,0.017220127610208816,760.1139677433727,790.1533462785472
4-177243-A-32.wav,keyboard_typing,-436.788,114.662315,-28.524738,16.465141,-2.3807218,28.167261,-7.693057,29.394623,0.8980303,8.787071,-10.501189,16.209085,-7.491206,94.01319,24.552464,28.281086,14.09066,15.319457,8.097468,8.826806,9.548462,9.268432,8.504082,7.849017,8.290588,7.868147,0.006389602,0.07669640915023201,3882.002652456285,4364.219742851938
4-177250-A-10.wav,rain,-116.559746,80.044174,-49.693165,41.133034,-30.842226,37.14705,-25.527086,25.729694,-20.966408,19.458805,-15.686857,15.064945,-11.004591,15.475073,10.380981,10.044538,9.495175,7.9295263,7.2867723,7.2818403,6.125271,5.5538015,4.986607,4.9014454,5.15366,4.8938875,0.06777734,0.18169047273781902,5655.936200600275,4562.751604247756
4-177835-A-24.wav,coughing,-542.1799,25.122364,-4.762851,2.6750107,-3.3965585,0.11250854,-2.672949,-0.16748811,-1.442684,-2.8676074,-1.8899816,-0.1616244,0.40387872,125.9912,50.199875,17.338917,9.858392,11.365679,4.580259,8.138029,5.1617603,6.9285035,9.420127,8.201963,6.042701,5.713677,0.0076821465,0.029225502102668215,1323.5885825860669,1408.2343910710565
4-178402-A-43.wav,car_horn,-554.969,52.254524,-10.666814,15.569302,-3.031134,4.5787106,-3.8041046,4.5139227,3.6883543,-1.520175,-2.6195993,-1.4933238,0.50982803,153.7431,46.18892,39.12324,20.113787,20.812101,9.457102,16.013235,5.6328473,6.7228513,8.299798,8.873998,7.223391,5.1814475,0.024496943,0.12305027370939675,4532.758056806663,4173.480585149313
4-178881-A-45.wav,train,-225.87888,197.70854,-9.584164,42.26423,-1.8187021,14.353863,-7.004454,4.169332,-8.256213,-1.0148976,-6.543128,-6.2561574,-2.0146294,34.013805,12.134757,11.443774,6.8607516,6.5541215,7.905003,6.1283636,5.9131975,5.902649,5.680223,4.875185,4.587291,4.5718093,0.094848506,0.022763422636310905,1321.1082674533095,2223.13157937589
4-179836-A-34.wav,can_opening,-684.1688,17.655964,-11.811501,2.751209,-0.089884676,6.653368,2.253481,6.1672525,-0.23991165,5.321479,6.0316544,3.1346574,2.2283986,140.30823,24.31321,33.617897,11.171686,13.403955,10.02758,10.081953,11.358428,8.910937,8.962163,9.295266,5.346375,4.5152855,0.003103453,0.05997249311194896,2353.181226762783,2077.785054453268
4-179984-A-38.wav,clock_tick,-551.8236,49.286674,-21.179796,6.924365,21.170448,6.5722203,-1.2121632,8.997839,5.8823586,0.0724437,1.8098505,-5.664601,-5.849316,80.252625,28.136389,39.45991,18.35449,17.553787,15.325819,13.926174,10.910193,11.790804,9.692805,10.682769,10.024388,10.134827,0.00944491,0.07408393452726218,3012.038259679636,3463.403240682196
4-180337-A-28.wav,snoring,-422.57715,112.576004,25.04785,39.891834,20.247139,17.452984,4.6114693,15.181388,12.814564,11.5178995,-0.18027689,7.198165,7.2666125,107.17258,20.885693,10.958219,20.540697,11.125571,7.1475754,11.205396,7.9383993,6.314972,6.3625503,11.45539,6.880566,14.197682,0.05102928,0.008755075406032483,1318.1575210664873,2721.220704964999
4-180380-A-10.wav,rain,-125.937645,125.450874,-48.171253,45.923115,-39.976288,40.240124,-34.93305,30.629532,-21.424656,16.444862,-9.916778,9.327284,-6.33122,14.407807,15.165111,9.808715,8.124059,7.8607183,7.631142,6.358313,5.7562075,4.9406366,4.5540295,4.6675973,4.9622016,4.250355,0.06530282,0.13365311412412992,4501.147594915891,4261.959620465636
4-180453-A-17.wav,pouring_water,-482.5999,66.155685,-25.419163,10.9088955,-6.927561,12.442641,2.6433938,14.001001,-3.456032,8.330852,-4.7482724,6.062136,0.3912968,124.521385,34.12587,37.462154,24.081406,30.429588,16.053604,14.3005495,16.062994,13.649884,14.898554,13.471442,9.352045,8.412517,0.005462229,0.10972053545533643,5258.026463435763,4918.06365526981
4-181035-A-38.wav,clock_tick,-590.6317,66.97538,1.8491143,7.938527,8.566327,12.474885,8.658919,8.236686,10.883152,6.574706,1.3052095,0.11989725,-0.9348942,148.95746,72.05547,41.96131,17.813925,14.879891,6.3357315,10.105135,8.597464,6.1351957,4.0673294,7.9125137,7.4140763,5.937148,0.0097648725,0.04335960158062645,3489.46463525683,4592.122694144363
4-181286-A-10.wav,rain,-113.8089,68.36215,-14.683913,27.25986,-6.6410656,7.311912,2.3208418,12.076004,-2.863409,8.535469,-1.509141,7.406095,-2.6123784,9.368298,4.985138,5.860164,4.4424872,4.0864015,4.586261,4.1795363,4.200489,4.362334,4.0526776,4.1004734,4.1229186,3.936767,0.053143956,0.19321889501160092,6164.1546654976655,5480.29527875505
4-181362-A-13.wav,crickets,-451.48187,79.65752,2.9542382,20.464005,-10.500426,24.266356,-24.345451,8.945307,-14.323015,-5.4243493,-12.566689,-7.5887165,-14.790507,17.764395,20.296919,10.852694,6.487576,10.044869,10.547258,7.0902376,5.184711,5.10387,5.579358,4.4333253,4.3753276,4.034512,0.0032731355,0.14577064602668213,5784.141304551525,5273.049099333132
4-181563-A-12.wav,crackling_fire,-262.90527,110.01062,21.014084,52.08843,-8.088472,38.134533,-17.235987,21.670805,-4.927116,2.283396,3.0031602,5.7400784,-1.7057655,38.059166,32.051525,13.779111,10.09547,9.50053,8.645161,8.0145,7.7872825,7.045371,6.183183,5.701476,5.7014813,5.3539777,0.041298885,0.04699508773201856,4180.310848475743,4735.6794927896035
4-181599-A-26.wav,laughing,-259.79443,93.8487,-58.440228,18.521952,11.80391,0.73872167,-10.382221,8.201612,-6.094045,6.6041536,7.075827,16.815186,-8.749351,59.331093,20.49068,33.964848,14.888801,10.782627,11.395104,10.228101,8.757661,7.5831842,11.9131155,12.717807,11.817756,10.725233,0.15914948,0.011162494562064966,2159.566312305455,3293.1971997368114
4-181628-A-17.wav,pouring_water,-364.65118,72.02263,-42.537354,20.723259,-0.9395228,16.38445,6.335623,18.155554,6.080141,15.410675,3.022704,8.61276,0.6476206,111.42794,32.34032,41.76618,22.35026,20.751736,24.324127,28.583975,13.998682,15.002894,17.611025,19.299505,13.167834,10.1384945,0.02237894,0.0858457348462877,4570.613430800651,4098.700187058417
4-181707-A-32.wav,keyboard_typing,-461.7176,114.42815,-83.39642,45.664036,-25.558784,17.967627,-7.339774,-8.685092,10.873789,-18.756495,2.3612163,-3.445581,-4.145212,103.99653,15.455924,44.00233,11.126635,16.545845,10.340166,11.518826,7.9923086,8.289335,7.1545525,5.942129,6.785445,6.451723,0.007814665,0.1295984538138051,3913.035874466012,3136.7092692674937
4-181708-A-32.wav,keyboard_typing,-393.49158,134.96954,-80.44158,35.493305,-24.17396,12.590562,-6.059787,-13.393176,6.956032,-15.956488,5.1811695,-5.941943,-5.5973725,111.7442,24.105457,41.559834,13.05649,19.68665,10.690207,11.0613575,8.333015,8.467661,7.4183,8.834857,6.0245495,6.212154,0.01503051,0.09626164624419954,3285.9944636858104,2864.674931228952
4-181865-A-38.wav,clock_tick,-452.39005,151.14233,23.041674,24.789915,-2.6536434,17.222223,8.989931,15.24748,5.003378,6.969045,5.9877534,6.809496,4.25561,55.17017,14.821026,22.009314,6.828563,6.2012477,8.24267,4.5242095,4.2969327,6.5150895,5.9297028,4.2128973,4.3626637,3.623118,0.03125609,0.007277769721577726,1124.2452505238439,2555.780470796695
4-181955-A-3.wav,cow,-245.46907,189.5389,-29.085032,-4.5614457,-2.0424883,10.94274,13.440472,11.102394,3.8342078,8.215876,9.018924,7.657033,-4.354455,59.662605,22.27005,18.830986,11.844948,16.574678,10.360064,11.088307,6.8524265,8.709927,9.896831,7.858394,7.7383056,6.9232407,0.096820354,0.034109447505800465,1500.7312836967178,2254.8274675286125
4-181955-B-3.wav,cow,-275.254,203.94307,-20.161366,-2.958522,1.8977317,7.0822644,7.509257,10.802067,10.25493,10.238769,-0.19294289,7.273673,2.3611448,30.364351,15.604703,14.126305,10.199037,12.882632,6.916423,6.825627,5.2961435,4.912216,6.093769,5.480318,5.7868323,4.570621,0.084517084,0.020158878335266823,1172.3506014942366,1982.5154717888847
4-181955-C-3.wav,cow,-301.8278,190.13965,-12.13879,-8.618671,13.213296,9.316786,17.580912,16.344776,11.280046,12.857032,9.434445,10.963205,3.771307,24.848825,17.697798,16.271036,12.6695795,10.710487,6.6853685,6.033899,8.409499,6.986175,5.837718,7.447455,6.1467957,6.682219,0.06945295,0.01994136093387471,1151.8297728692576,2110.30189154213
4-181999-A-36.wav,vacuum_cleaner,3.4148238,100.79441,-56.079475,37.87117,-14.357823,27.945135,-34.399364,6.4808097,-15.379674,-0.048901904,-18.832825,-5.82832,-0.0029052948,5.738446,6.1094584,5.0305867,6.6574664,4.9409614,4.3474708,7.392796,4.114785,5.3937035,4.0312805,4.7148747,4.475553,3.8638246,0.25781095,0.1793555593822506,4348.2870661696015,3842.6845847819554
4-182034-A-30.wav,door_wood_knock,-461.67917,50.096394,32.02894,26.20913,10.552662,14.963534,6.545077,12.899009,5.577262,10.640872,3.063032,7.4505534,2.2392516,61.223076,58.223145,32.974876,15.344242,8.002755,7.649522,5.5691905,6.008526,5.4028716,6.1615663,5.298651,6.1835437,4.2992587,0.039412912,0.09786470417633411,4753.428205734431,4538.70274177054
4-182039-A-30.wav,door_wood_knock,-498.56512,34.400116,23.95281,16.698896,12.166895,9.721316,7.6288915,7.2860594,6.123309,5.16519,4.81168,4.534819,4.704747,56.09179,58.182873,35.09337,21.490156,14.562026,11.114028,9.434824,8.427644,7.473899,7.088663,6.5881605,6.4218736,5.8171988,0.033473123,0.013558584686774943,1350.3006304230998,1928.7265155582124
4-182041-A-30.wav,door_wood_knock,-545.0622,37.63944,19.845617,9.573104,-0.057312932,1.9720399,-0.24441785,3.2852602,0.14176063,2.6261523,-0.30223995,2.5309632,0.35271075,103.46645,69.91233,35.87447,16.777668,5.293268,4.845431,3.0635526,5.817942,2.8286233,5.3259497,2.6169128,4.8226914,2.2910542,0.023208143,0.007093106511020882,512.7533529302414,956.6556970268094
4-182314-A-7.wav,insects,-328.5356,125.91718,-3.8864458,35.07421,-5.9391427,28.199627,-4.7171507,27.59229,-8.024993,15.575766,-6.609349,11.752977,-9.2585125,30.154343,8.6179695,12.046428,6.4467764,7.0558424,7.3375006,6.6294823,7.0352793,5.510572,5.8929253,5.3344483,5.5741496,5.7842073,0.017804587,0.04690898709396752,3362.028343329342,4458.294706000872
4-182314-B-7.wav,insects,-329.68756,130.38072,2.1318445,35.31561,-14.27982,30.852694,-3.9863758,23.67337,-7.51821,13.653123,-5.7150345,12.725472,-10.926947,23.471615,11.267722,5.467608,6.273351,10.74876,4.957088,5.3644385,4.600277,5.177784,4.7030272,4.506234,4.79898,4.231805,0.018976826,0.0402452508700696,3176.2663879606457,4374.792166528637
4-182368-A-12.wav,crackling_fire,-422.3015,128.66173,2.539076,55.183037,-19.045958,35.357365,-20.157772,23.051085,-8.688964,8.700433,-0.7487926,8.186028,-3.2494419,46.442093,34.197258,16.866968,11.693489,8.006366,8.50912,7.8827047,7.144595,6.2240977,6.843373,6.081915,5.7207174,6.5054584,0.008189844,0.05141680865719257,3589.4750905793408,4133.512806810848
4-182369-A-12.wav,crackling_fire,-320.352,121.73683,18.047777,52.307625,-12.341271,40.61529,-19.91568,23.512598,-6.0940065,5.000391,1.497973,6.577701,-1.7963146,44.45285,35.999992,12.515478,10.475146,8.678711,8.396206,7.1119256,6.417559,6.2838874,6.0759406,5.8047757,6.3605237,5.987825,0.026728135,0.03974903929814385,3730.4744319777847,4347.350945251727
4-182395-A-0.wav,dog,-562.47534,22.827345,11.125082,4.626622,-3.7844145,-0.86252594,0.15626206,-0.43841553,-2.3635864,-1.0920428,-2.1166062,-0.5655829,1.1428267,76.64831,55.340645,25.564217,11.283138,17.325768,5.2156754,2.0826542,2.511009,6.932614,3.2016575,5.894313,3.7383378,3.144998,0.008541221,0.009558303726798143,546.2980876448232,749.7384774571669
4-182613-A-11.wav,sea_waves,-86.39003,169.84462,-43.837383,48.0015,-31.217957,25.346678,-23.22514,14.242102,-14.451854,10.992937,-11.061354,5.4416213,-3.5817413,20.999775,9.557282,7.6137767,6.2727327,6.351041,4.4628615,5.039672,4.832514,3.8929555,3.8510146,4.0542827,3.7905238,4.2113395,0.16721123,0.053638431699535964,2494.5660304453218,3128.7624767989682
4-182613-B-11.wav,sea_waves,-125.8748,171.36392,-26.74275,49.2228,-27.800428,21.099937,-21.329538,10.968231,-14.866669,8.079907,-11.171308,4.276551,-5.4564414,31.296318,9.174035,5.6961117,9.333602,7.666542,5.473571,6.0775657,4.3109894,4.2025557,4.320584,3.8212216,4.0580697,3.7999403,0.13468967,0.045419219475058004,2296.008677426127,3133.6302857833384
4-182795-A-14.wav,chirping_birds,-422.26413,152.03697,-64.932106,59.788147,-11.348102,11.841756,-23.300686,-14.11218,26.874237,-9.835876,-4.8296084,-9.481685,1.8499886,13.652463,5.564099,15.157992,5.836862,12.204155,6.738708,10.726975,7.5482583,7.6628156,7.0495496,7.4065924,6.5597873,6.729143,0.008597558,0.09467898056844548,2923.108965783067,2710.6761704034016
4-182839-A-17.wav,pouring_water,-233.26987,125.05142,-37.546543,6.637376,-73.53962,-1.0842348,-34.809875,-6.813651,-15.477063,-40.458126,-20.376926,-21.581203,8.241439,30.588308,21.132244,15.674362,14.143319,12.280853,11.181284,10.078481,9.03725,9.6425905,10.728514,9.0577545,7.1917195,6.5554585,0.07677348,0.06793566922853829,3065.859664010289,3362.941678906029
4-183487-A-1.wav,rooster,-430.18387,36.78997,-11.613569,-1.3322093,-20.964685,5.3206625,7.057816,2.3691661,-14.370062,-3.7141654,7.676254,7.8283854,10.51037,140.82057,39.890602,33.31741,15.763688,37.477165,9.090332,9.537274,10.8323555,26.504402,12.01463,8.736303,9.291043,12.5720005,0.035972133,0.04302199644721578,3369.154201460134,4044.0198722352
4-183882-A-28.wav,snoring,-286.6716,116.1737,22.344385,57.53801,-9.365413,22.519518,-3.9987643,17.457064,-18.336164,12.883999,3.456534,12.167656,-13.332024,73.0856,19.52753,14.186452,23.193579,15.804279,10.335158,8.609994,11.234843,26.788929,10.760517,7.4938564,4.968482,8.556119,0.047391508,0.05304365755510441,3345.3223508755295,4433.695952472093
4-183882-B-28.wav,snoring,-362.80725,108.050705,29.347235,46.00038,1.5928265,28.980074,-0.53399575,15.539827,-12.410044,16.07762,-0.42807955,11.064677,-6.8218064,64.129036,11.581442,8.376931,17.818094,11.69593,9.89145,6.843383,8.31946,21.900215,4.9583526,4.482501,4.689641,6.638308,0.027038876,0.03877927421693735,3494.95586761301,4975.122045405343
4-183992-A-0.wav,dog,-428.13614,144.66365,36.40188,4.0729227,3.2457247,10.258676,-0.008900229,-9.664075,-5.3948116,-6.892867,-6.4637036,-0.53987193,0.008831901,83.12277,39.6111,26.407114,14.679949,23.691246,14.933696,14.242838,15.437245,6.139666,7.819185,6.560042,6.028555,5.272248,0.028881572,0.021201149216937356,1124.5448061199459,1994.7420278392028
4-184235-A-28.wav,snoring,-497.44852,123.22429,11.86236,40.321663,-12.563847,19.718855,-4.05746,21.980518,4.0441303,16.457174,-7.435919,9.834502,-11.58257,65.74191,18.436293,14.276714,7.767155,14.171159,7.5033464,4.8755293,7.074911,8.132855,4.588914,5.8761873,4.416203,10.83296,0.005178011,0.033327744344547564,2952.0107822096193,4412.289461934427
4-184237-A-28.wav,snoring,-430.44308,108.01084,8.019543,44.912468,0.2896618,14.89056,14.699794,7.0949736,9.948745,20.630903,5.7928042,6.724329,2.3378866,103.00956,25.663944,27.864183,22.948292,14.2240095,7.7156625,5.5636177,8.461735,6.8940196,11.3089905,4.0705895,5.719243,7.0020247,0.0250588,0.03136329031322506,2293.816511302642,3343.4312412191625
4-184434-A-21.wav,sneezing,-474.4142,26.296022,-1.4607508,4.7494965,0.882316,4.0815005,1.3484243,1.9913825,0.5600216,1.894894,1.2457777,1.4588561,0.60597104,115.555176,42.802288,22.996763,10.717401,18.387508,6.579193,8.337247,7.438708,7.4325614,5.335448,6.554112,5.4778004,6.699797,0.0153914895,0.07867219221287702,4071.2094437243068,4643.6205547577
4-184575-A-0.wav,dog,-444.50662,108.070274,-9.721491,-29.379519,-27.893406,2.1295958,-1.0854447,4.0803776,9.063112,2.9175496,8.505081,13.552559,12.22424,129.71951,48.817043,48.89597,30.586243,25.105412,11.637442,21.98608,15.244835,8.8755245,11.714639,9.307831,8.095281,8.567291,0.038556907,0.04236717843677494,2025.0112498850135,2737.8830445387157
4-185415-A-21.wav,sneezing,-545.19476,11.496432,0.9073807,4.412531,1.5853351,4.5966277,2.104644,2.3218591,2.0401418,2.3544807,1.3893003,1.934996,1.1795104,114.068344,27.820742,15.035329,8.392785,9.289511,8.364484,5.909264,4.7475553,4.5697412,4.19808,5.668933,3.416759,3.423923,0.011616254,0.016359121229698376,1348.4574450091002,1965.4034565413508
4-185575-A-20.wav,crying_baby,-270.69888,112.52157,-49.008286,18.371447,-12.772114,7.1893234,0.7329116,-26.806982,5.277979,4.1682796,3.1972747,2.996991,-11.031751,50.989098,15.9571,18.009409,16.163637,14.483814,9.936863,10.608356,12.811321,10.57142,12.538774,9.512815,6.38318,9.1807,0.05416658,0.0961846088312065,3055.2890715241397,2779.689948881817
4-185575-B-20.wav,crying_baby,-263.01776,131.76562,-52.23566,18.856821,-22.747616,5.430407,-7.69133,-31.080875,-4.410117,-3.6750448,-3.8748345,0.09794967,-6.580935,76.26986,22.039677,35.40146,17.740332,18.80664,10.942962,15.265706,18.556255,11.5040865,11.562407,9.140107,6.753589,8.153205,0.08088462,0.0714748586136891,2607.668462650767,2618.1926715632776
4-185575-C-20.wav,crying_baby,-306.36566,111.52855,-54.6422,9.549032,-23.062038,1.819953,-4.786191,-25.56416,-7.3197994,-8.457247,-5.9666877,-8.854196,-7.7105446,67.03191,18.440254,33.591454,21.386242,17.475313,15.979055,16.687693,19.597836,18.074553,12.100669,8.764036,9.82172,10.711576,0.064261764,0.07452916545823667,2682.4300045055884,2622.60861098956
4-185613-A-32.wav,keyboard_typing,-363.14453,71.02448,-33.129288,25.557838,-19.438017,24.40691,-9.800141,28.915457,16.61151,21.753843,0.5634827,13.623314,0.31276336,111.33661,32.517178,31.605036,18.499296,21.62398,13.590769,16.68573,12.478479,18.22001,11.878031,13.481418,10.468229,11.775526,0.020116076,0.09222397948085846,4774.016080339203,4386.533563041674
4-185619-A-21.wav,sneezing,-439.46802,37.135326,-1.5947894,1.518744,1.5651876,3.7550225,-1.458263,0.5156205,-6.5643034,-2.901212,-3.2586012,0.35598925,-1.4707558,143.74608,56.113464,20.837597,9.21719,6.729525,9.658978,8.3454895,4.699827,13.8417015,9.226364,8.06179,6.6968427,7.8524613,0.02985819,0.024403866371809746,1576.6753856369485,2235.9733376400427
4-186518-A-30.wav,door_wood_knock,-436.3661,145.42186,4.353931,-9.053585,4.0859327,5.0680037,5.6541224,9.489605,7.986422,5.6819925,9.822409,7.613712,3.733834,148.87286,98.238914,26.547344,27.976187,14.04703,11.259135,7.660407,5.8888783,6.8990088,7.6416564,7.3310757,6.654956,6.0783854,0.040288784,0.03876567937935035,2343.920295761257,3041.649452519272
4-186693-A-17.wav,pouring_water,-300.68173,63.647877,-86.30405,15.123776,-28.121061,17.195698,-15.804758,5.8480334,7.4454565,-10.580538,6.9407783,-9.110482,2.3559244,71.186485,27.966064,39.764236,27.783455,21.770475,19.98321,18.80945,15.345751,19.51384,13.810581,13.500206,10.822438,11.166712,0.036905594,0.14497648093097448,4591.749832507799,3112.7922978179918
4-186935-A-44.wav,engine,-298.7778,115.68374,-50.526264,13.331916,-16.90214,34.31568,-21.65313,29.423157,-20.02701,17.968576,-6.141022,8.700049,-0.10435684,266.85406,73.83708,32.687763,9.498952,11.883067,22.267986,14.327716,19.081516,13.154489,12.076526,4.9861364,6.3816824,2.826767,0.06787055,0.05647522114269141,2198.160162964189,2578.572490360887
4-186936-A-44.wav,engine,-190.79192,145.57764,-38.604603,19.067965,-6.546717,22.7408,-5.3143897,13.032473,7.0625863,16.320227,10.682787,13.25951,8.430275,30.293388,9.304214,9.852234,11.472602,7.466112,5.8689322,7.486459,4.2710114,5.2516074,4.463994,5.8716497,4.5793023,4.949432,0.12744148,0.02978515625,2209.117275776258,3148.4188476473355
4-186938-A-44.wav,engine,-297.91934,84.13137,-21.13753,12.481305,-1.8791752,13.346661,-2.33069,7.002079,3.099572,8.326361,5.649573,7.4913173,5.2724767,187.20291,72.47812,20.31651,12.585444,6.352953,12.270111,4.9397306,7.258662,5.054266,8.026023,6.1021833,7.565039,5.5545077,0.10512274,0.016649144431554526,1322.0270654832725,1857.816542505364
4-186940-A-44.wav,engine,-147.91096,129.07426,-37.361057,17.284145,-21.965075,10.896142,-15.081714,21.762693,-5.5947304,20.568285,3.1671944,5.5228314,2.7632713,198.96394,70.16033,20.904474,9.918726,12.505859,6.6880293,9.008991,12.1437,4.78762,11.6421,3.6598442,4.381206,3.3563967,0.23213267,0.037038002102668215,1853.3101063581814,2368.97895069216
4-186962-A-44.wav,engine,-43.19902,141.9267,-42.51799,24.150024,-2.6490836,29.830427,-8.110081,15.504585,2.6053016,16.702091,6.951822,15.8753195,6.3447876,43.10354,7.0322757,12.014147,9.551924,6.225974,5.1670237,6.700483,5.4055896,5.074539,4.579988,5.2814617,4.7758503,4.819255,0.41000757,0.04153902624709977,2546.141393623318,3372.5735494880323
4-187284-A-30.wav,door_wood_knock,-502.0363,147.35272,32.37215,0.51683265,-1.9632666,13.641411,3.9021716,10.051712,5.8593874,8.504787,4.4767604,5.398995,3.1594675,121.86888,17.804296,19.537226,9.3790045,9.627966,9.201282,8.007065,4.3156385,8.0647135,4.198391,6.1878123,4.516111,4.285447,0.009707821,0.024812844402552204,1886.153536155281,3619.34790255439
4-187384-A-34.wav,can_opening,-658.51245,5.047293,-8.814965,0.8842793,-0.38547462,2.6405652,-0.22021739,1.7779425,0.03281586,0.201994,1.2312002,3.6738176,1.7223488,115.044464,15.134266,27.532955,5.8089566,10.861675,9.305405,7.8458047,5.848052,4.122997,4.502463,5.2156134,8.507935,4.690999,0.0043799104,0.025526573375870068,869.8302742434804,735.1210174079152
4-187504-A-17.wav,pouring_water,-419.78247,55.08666,-56.405342,-9.2121935,-21.753521,2.2302136,-32.833004,0.6771636,-21.838266,0.2734494,-19.764288,-6.1114607,-14.171513,140.27855,53.76853,39.27608,28.75776,27.146944,19.859,24.675526,12.8182335,17.953064,15.69676,18.146994,12.903431,15.27277,0.011729551,0.13860616661832947,5372.90789085299,4562.832257212525
4-187504-B-17.wav,pouring_water,-394.41235,21.227932,-58.623898,-19.090054,-34.974014,-5.6959934,-12.104177,-9.484731,-8.038217,4.073764,-0.46863735,5.7910366,8.4648485,90.97634,40.220535,27.793379,25.898544,28.769417,24.174524,26.271889,11.931679,13.041719,13.321449,12.320292,10.507373,13.456033,0.0203111,0.18150807533352667,5863.580099746671,4117.49431303912
4-187769-A-14.wav,chirping_birds,-341.74588,176.4765,-23.723536,18.212952,-7.3654246,28.638563,-6.598845,24.282125,-4.2846475,14.515842,-9.178603,8.897731,-2.8006608,22.875792,12.855736,18.608467,21.310703,9.142168,9.245917,7.9493885,8.355751,5.149035,8.224226,5.750116,6.387525,6.2345033,0.018826116,0.04045030633700696,2062.0416116608844,3008.2874492901883
4-187769-B-14.wav,chirping_birds,-314.91898,156.74591,-42.55222,24.80175,21.428564,17.404417,-6.601694,15.892998,5.9303803,12.182722,-7.4093475,5.777243,-0.8985876,32.994553,13.339266,32.116825,20.441084,21.408182,15.289261,19.209103,14.629802,15.050663,11.423696,12.385594,10.23178,9.315704,0.04079011,0.09406381416763342,2571.2627633848388,2594.1880793412797
4-188003-A-34.wav,can_opening,-539.601,24.260931,19.04672,27.044174,8.711696,18.59673,10.292366,18.294497,11.313941,9.157867,8.810525,10.629798,6.5119753,123.82867,22.31245,27.840595,13.408368,14.867811,8.973237,9.531054,11.020596,8.554656,7.2116327,6.7691503,6.1008887,4.578501,0.018137628,0.06949227813225058,5519.563868904129,5477.447064911965
4-188033-A-38.wav,clock_tick,-742.47766,18.662258,-4.2051153,-1.5518918,3.4165149,-2.684273,4.3402205,-0.5165454,2.4481142,-1.1495652,1.4666882,0.9950904,0.2648721,131.15376,65.78784,28.34428,7.1047587,3.6485908,5.6806293,6.382038,5.7714458,3.4673207,2.7714005,2.4336736,5.0748334,1.8752291,0.0034380762,0.5454226181844548,11465.523131275826,4307.497965852422
4-188191-A-29.wav,drinking_sipping,-500.02936,94.14343,-14.77257,13.746855,-7.8744392,1.0234079,-17.63795,-16.598827,-7.5603566,-10.392494,-11.967636,-2.9106917,1.9955868,132.44241,40.178036,27.374212,28.471022,15.492397,11.052469,18.19557,13.7500725,10.011026,9.785084,11.454891,9.91445,9.678347,0.009682878,0.10372974369199536,3947.2605704170483,4160.038528377865
4-188191-B-29.wav,drinking_sipping,-489.97833,91.2542,-7.641189,16.690317,-4.3096404,2.2074413,-16.236034,-12.394449,-7.5605435,-10.977128,-15.557116,-8.083674,-2.131599,143.92638,46.12669,32.277367,22.257542,15.498139,11.111612,18.662796,13.216372,9.632297,9.962822,13.197276,7.964,7.5835357,0.013486817,0.09842209251740139,3918.378862634379,4232.688818479445
4-188191-C-29.wav,drinking_sipping,-473.52777,86.72836,-10.385548,13.964448,-2.3092008,2.8509417,-14.749214,-11.09184,-11.360979,-11.662311,-14.342975,-9.289139,-3.4694462,153.64671,51.043877,29.320982,22.767097,12.717245,9.323733,17.885672,11.3623705,11.1311245,10.548682,14.543391,10.246883,7.2235107,0.01785248,0.10018375688805105,3990.521780721719,4206.871236566663
4-188287-A-9.wav,crow,-433.0571,84.72502,-51.905952,-64.34776,-2.7440538,14.184873,0.70881623,6.5333266,6.6172934,-13.954749,-19.373472,-5.2791014,-1.1232792,100.92205,63.29162,53.658504,51.95842,10.006242,9.514855,15.432806,5.686898,7.256436,12.302366,13.015787,6.2842765,5.916062,0.05497629,0.05275816596577726,1428.02209660824,1132.5557988461987
4-188293-A-15.wav,water_drops,-604.2053,99.94274,30.1582,24.491186,17.193388,15.628179,14.726221,15.873706,13.549128,11.110664,3.780014,2.4962986,-0.38900435,68.58869,19.300474,24.041664,18.85337,18.763624,7.360945,9.326521,6.372798,9.679105,7.3816524,5.215838,5.423391,5.575583,0.0035412898,0.02685886745939675,2769.6261250009948,4419.646153957672
4-188293-B-15.wav,water_drops,-607.6936,102.16078,32.467007,23.448689,17.98376,17.884645,15.050536,14.284272,13.665574,11.289642,5.02813,2.6168737,-0.5771109,64.277885,19.16177,23.52795,18.81464,16.5581,7.037818,7.422434,6.6310444,7.6950574,6.8730793,4.880333,6.199741,6.6459584,0.0033920107,0.02499977341937355,2621.45034188572,4331.307104490715
4-188595-A-29.wav,drinking_sipping,-556.31976,68.367485,-2.4778886,-1.2140194,-12.946446,-1.2546062,-12.95951,-0.16488832,-4.812371,1.0116296,-3.8679605,4.607019,-0.64346206,161.36873,65.167305,31.438728,14.206756,19.92908,11.86201,14.420499,6.025988,8.4247875,6.890656,7.442304,5.547553,6.2981377,0.007548437,0.07047790385730858,2705.4365170065103,2760.5333854931528
4-188703-A-8.wav,sheep,-300.77896,182.21886,14.808336,-2.4209495,18.146936,-1.8421905,-4.1400485,7.8759456,4.5941887,2.2964125,5.8852363,6.0157347,4.6992764,59.732315,28.039812,31.897596,8.132268,8.887344,14.802398,9.264508,13.589051,14.147571,6.9983935,5.618265,6.4961267,8.118968,0.07288274,0.02318259679524362,916.0755230193462,1263.934580798955
4-188703-B-8.wav,sheep,-249.44809,201.74518,-6.406819,2.5962505,30.546335,-2.79066,-7.315141,7.1390276,3.4905725,2.3064928,8.438124,7.3346596,7.728996,79.92576,23.132908,50.462845,10.213468,14.664545,17.4003,12.973215,14.27381,14.604507,5.5733395,9.235147,5.5627775,5.9830956,0.15620412,0.021826511745939674,935.8071904580661,1204.7442150079205
4-188703-C-8.wav,sheep,-319.0699,212.39658,15.035704,5.852144,31.518246,4.8446813,1.0105927,11.878327,1.9264618,-0.86434996,8.257657,5.7378964,3.7489707,51.61757,17.14806,31.92022,8.645684,7.8105927,10.145512,9.18597,11.925392,11.107861,5.9903164,5.795306,4.658268,5.202103,0.091545634,0.015167307134570766,679.1171274778926,1107.9985629364328
4-188703-D-8.wav,sheep,-338.25003,211.12837,-8.534565,-2.3044531,22.463743,-7.4681745,-1.478911,9.622113,1.6390582,2.8020425,4.3471413,-0.07526506,3.9161808,56.716892,15.786459,33.531612,10.07931,7.301155,17.457668,7.3477798,16.805347,12.856719,5.712893,5.6659713,5.819505,7.48949,0.051767442,0.02624936557424594,1013.2950159427025,1363.1775484964253
4-188878-A-30.wav,door_wood_knock,-509.4236,86.29221,23.614552,7.0969057,12.619595,12.150221,3.6129005,6.137168,5.9791093,4.6855493,2.6030784,3.0320623,-0.6975246,65.21854,64.45618,19.54208,10.705054,14.054454,7.7346425,4.9648433,4.9286294,4.6400785,5.204626,4.699084,4.497802,4.412432,0.013847461,0.12191737057714618,4677.793111522076,4812.275783901176
4-189332-A-37.wav,clock_alarm,-457.60202,11.14578,-37.507557,16.728228,15.581368,41.0184,13.514485,-4.6728764,-1.2373189,20.020468,11.673738,4.816841,-6.822984,108.722534,22.461145,60.05102,11.029809,9.493184,27.84755,4.7988396,16.942266,10.22242,14.14186,7.094045,4.428033,10.809915,0.08452539,0.06960670134860789,4070.6598641920787,4205.405149461157
4-189828-A-22.wav,clapping,-125.465004,157.46431,-97.11259,8.704469,-44.925755,21.9036,-24.762802,2.072412,-20.197977,8.088583,-10.183649,-2.4276156,-7.9618006,26.412745,15.445856,10.114837,9.766869,7.3056397,6.5452514,6.153033,5.8656297,5.4506593,5.3163466,5.723253,4.4995484,5.365744,0.10783802,0.0847660781612529,2774.4403596574302,2681.888067994431
4-189830-A-22.wav,clapping,-229.08563,166.7918,-57.637306,20.20771,-30.51191,22.23944,-18.862423,10.033829,-17.975233,2.3494031,0.8393224,1.3012477,-2.2033708,35.048985,16.96363,10.621439,9.032898,9.771829,7.6985145,6.322931,6.419884,6.5813713,6.691131,6.7911344,5.473049,5.9389725,0.04040601,0.0618213910237819,2491.5223208966477,2884.431899261675
4-189832-A-22.wav,clapping,-111.340324,156.66553,-101.0562,12.483634,-41.358364,22.837175,-29.47807,6.065313,-17.731142,7.7294736,-11.1361885,-1.4873956,-7.992199,16.751577,11.170884,9.146462,8.630606,6.4598937,5.091131,5.3104467,4.9066725,4.87655,4.49808,4.814167,4.108036,4.6420975,0.11689601,0.08799032047563805,2816.5917680431526,2670.8650098553853
4-189832-B-22.wav,clapping,-142.71469,159.2976,-100.407196,13.182062,-48.87578,22.364716,-28.485199,3.2694142,-20.693918,7.0932374,-10.696085,-1.9898177,-9.396507,18.239208,12.672578,7.917501,5.7067895,5.988698,5.9874535,4.730586,5.40726,4.9555163,5.331989,4.68305,4.5406013,4.38637,0.08784664,0.0845780162412993,2780.6257824096365,2660.066234081957
4-189833-A-22.wav,clapping,-114.5529,156.95021,-104.92121,10.241393,-46.701885,20.00474,-31.212542,1.6453354,-19.035069,4.0683804,-14.829612,-2.3965447,-8.331259,18.33028,9.8823,9.909085,8.690865,6.2821164,5.701456,4.8619213,4.796336,4.9949555,4.9110246,4.5646477,4.630145,4.5379415,0.11829465,0.0869899670098608,2779.4367538171573,2620.704783176495
4-189836-A-22.wav,clapping,-251.2261,156.31093,-93.46478,5.614514,-36.267826,18.028782,-23.659678,0.4410312,-17.638315,5.0604954,-10.209611,-4.5348244,-7.9395485,51.45745,13.734823,15.877754,9.658758,8.466781,7.0391474,8.147089,5.483189,6.070403,6.014507,6.8280153,5.312011,5.097553,0.0334536,0.08434577109918794,2713.367476255741,2629.217026367156
4-189838-A-22.wav,clapping,-177.21695,156.63272,-90.947716,5.008062,-41.82225,23.457693,-27.144337,0.4806718,-20.963947,7.3258486,-11.337655,0.18826512,-9.973787,21.804895,17.19782,11.965403,9.218512,7.9303546,6.122841,6.013486,5.237505,6.2942824,5.414062,4.776262,5.0257607,4.91518,0.061589576,0.08255465124709976,2782.4562016773393,2784.3694264187666
4-191015-A-43.wav,car_horn,-273.13153,125.140465,-17.897608,29.604412,7.2105494,41.21412,-13.006522,27.08325,12.963363,18.123762,-15.48353,17.878101,1.2491621,34.3491,22.098282,8.636099,11.98143,9.986286,5.400249,11.638359,6.1117225,5.9191694,5.6105943,7.5566673,7.195629,5.6237855,0.046199825,0.044012153784802784,2983.141494388531,4026.7657375917856
4-191246-A-7.wav,insects,-211.44446,102.18817,-10.432434,16.580864,-42.756485,16.024174,-21.216768,7.6473393,-25.590944,-1.0315719,-20.990355,-5.632672,-18.900682,56.81059,33.000698,12.962236,9.612913,9.3974905,8.560142,9.31441,7.067347,6.955211,6.482655,6.435948,6.2945523,6.144056,0.040940385,0.11697338130800464,4848.234360506373,4626.352228546861
4-191246-B-7.wav,insects,-322.73935,111.19458,14.836221,18.490746,-19.447289,1.7811157,-11.08372,-4.1809993,-17.0388,-9.334261,-20.120928,-13.745382,-16.274525,102.66017,37.06367,12.368214,10.300478,18.511501,9.509641,8.856022,11.320402,9.80548,8.107021,6.101578,8.122566,5.367883,0.028044734,0.07211834759280743,3621.823406796702,4054.880622629271
4-191297-A-28.wav,snoring,-345.28015,163.28365,1.7841874,36.3592,25.051497,7.3577695,12.769039,6.531263,-31.223358,11.464928,19.35314,8.40084,10.527767,124.77426,59.97295,20.851158,14.321138,10.27721,12.707937,9.138454,10.120865,25.595917,12.554606,6.4307203,9.900258,4.9568205,0.104788885,0.008843441850348029,1133.2098596808912,2352.6532637234745
4-191327-A-38.wav,clock_tick,-480.32315,114.43267,-48.526016,34.15407,-12.827728,6.1686397,-15.287274,-0.9656232,-9.644548,3.6985917,-0.14671879,-9.055398,-7.9987593,72.50609,11.453166,44.614136,11.305594,11.0923,8.134113,6.831353,9.227014,7.1056476,5.664051,6.9078765,6.040918,4.773916,0.0061293757,0.10532033968967518,3650.7668276545355,3493.325526338308
4-191687-A-0.wav,dog,-393.34003,78.33951,4.843547,-7.677365,-12.608695,-4.106794,-6.1957536,-4.1847205,-0.3469483,2.4927154,-0.46151727,-3.7944372,3.9439654,120.78064,72.75753,25.945341,18.06165,17.25816,8.471442,11.287136,10.131527,7.5330276,5.6372423,7.4416404,10.449221,4.9785104,0.057197455,0.028622797636310905,1886.065054266109,2775.2777069818453
4-192068-A-31.wav,mouse_click,-576.0601,-19.648764,15.390257,85.58144,-12.604288,16.92096,-13.242523,46.3754,5.0185766,18.5486,-0.41295564,3.3622022,-7.459041,134.91168,28.480816,16.738592,44.595966,19.977894,14.165483,19.661419,25.703234,12.628683,10.856044,17.280796,10.363326,11.950883,0.010311058,0.33479100203016243,8089.878651140999,4424.88328579614
4-192236-A-0.wav,dog,-393.53412,93.14242,22.991766,3.1493855,-9.233455,-12.371769,-16.261059,-3.052344,-6.020661,-12.74774,-2.9380686,2.0472045,-1.1577747,98.58378,52.99287,36.07766,26.697117,24.751635,19.480852,21.733229,9.844608,10.298429,14.851367,7.7976694,8.7119875,8.721318,0.04159134,0.02812432025812065,1629.2316747398897,2607.9131640435266
4-193480-A-40.wav,helicopter,-162.70157,217.17949,-52.548054,39.8777,-12.923963,11.233881,10.356029,-6.310327,4.514193,0.7627287,-0.18361449,4.3234825,-5.2202663,15.755878,9.286415,9.748202,6.4821224,5.513789,5.1251497,5.73474,5.973045,5.354813,4.703471,4.619167,4.6644,4.602277,0.13398997,0.031412005147911835,1522.8116041248873,1978.1660331066546
4-193480-B-40.wav,helicopter,-168.28958,199.3177,-47.91042,54.06617,-37.190353,37.292057,5.1213293,-3.0033517,18.956636,-18.361748,10.556838,-5.8916197,-2.6838615,40.83832,6.3969073,11.462258,7.6632304,10.931392,7.9707794,9.963527,5.810538,6.8856936,9.312334,5.451276,6.671088,5.7255774,0.11915532,0.04898333272911833,2081.444585950952,2702.236185230792
4-194246-A-13.wav,crickets,-393.0497,57.27237,49.324265,25.290987,-6.3193455,46.85198,-16.399313,31.886215,9.085077,12.456068,15.421113,8.918934,13.026238,11.732816,12.563979,7.290328,6.0483475,9.356728,8.163454,5.8341107,4.412253,4.2121735,4.6540203,4.3695765,5.115369,4.587302,0.032699995,0.06517591719837587,5745.652424910222,5732.17621791398
4-194680-A-36.wav,vacuum_cleaner,-176.41985,111.3546,-29.268984,48.34423,-37.857502,25.897783,-23.762968,15.429297,-24.639967,12.764712,-9.423892,15.037814,-4.636989,25.943537,13.297117,8.382646,7.052412,6.834067,5.934557,6.070747,7.4184656,5.404953,4.7915435,5.4019923,4.748983,4.7596316,0.040837873,0.13922020011600927,4543.600753844001,4234.644354180528
4-194711-A-38.wav,clock_tick,-518.2837,56.014328,-7.596113,51.152363,-23.842083,28.679815,-6.8129253,40.58871,-22.877207,23.53053,-13.867494,9.777994,-2.8361683,49.00415,39.646576,11.06189,16.86523,10.162175,7.583451,5.6813965,11.315238,10.352012,9.149218,7.277271,5.494234,6.6459947,0.0034362008,0.1890815327726218,6658.3959195940915,4861.414451683142
4-194754-A-0.wav,dog,-371.793,148.77872,1.1826541,-6.767583,4.3808565,5.0601974,7.4778223,1.991001,6.7222123,14.447098,8.971587,4.404069,2.299873,74.525,44.291817,23.156597,22.591352,18.812853,6.0128345,8.2949095,9.261871,5.766869,8.698719,5.647988,5.054869,5.5447793,0.03245885,0.026242568155452436,1399.4564202828315,2170.3341067264328
4-194808-A-29.wav,drinking_sipping,-469.36588,40.49575,-7.629722,7.2381086,-2.8668761,4.235079,-3.153296,2.4057481,-1.4370432,3.429032,0.9125635,2.83867,3.1145794,157.86366,64.37407,21.409883,17.830097,8.36172,8.34524,7.0746064,6.0645714,5.951135,6.9033227,5.3614707,6.5016065,6.8400245,0.017904807,0.027092245504640372,1189.8893947103156,1223.5140056195005
4-194979-A-25.wav,footsteps,-273.52084,101.518265,-37.49471,17.063576,-30.91814,11.201794,-21.993666,12.890238,-16.073572,12.73498,-14.506425,12.01454,-12.831445,38.842144,22.958323,10.319405,7.5350037,8.217095,6.1325665,8.021635,5.1812606,6.6763377,4.7556276,4.974057,4.5556836,5.2483826,0.013585638,0.14556898926914152,4801.85771931702,4576.964956251292
4-194981-A-25.wav,footsteps,-321.50137,163.60695,-10.195419,19.45282,-4.8934774,7.267636,-3.504505,3.685245,-2.8413436,3.057664,-2.5886574,1.3338226,-1.5886147,56.12186,20.417698,15.146367,11.742502,10.027455,8.478703,8.14012,6.844199,6.7778544,5.221594,5.8117228,5.2596617,5.5084276,0.026673196,0.042143996519721574,2093.7885902894977,2983.400644011637
4-195305-A-31.wav,mouse_click,-550.54346,98.266136,18.155697,22.4546,-7.474537,2.5099316,-14.24326,-2.4774337,-0.2574219,-3.8468435,-16.854254,-2.285945,-11.700279,138.82924,47.581364,9.673296,9.629075,15.656713,9.330206,14.144787,8.113198,7.0906234,9.028145,14.912671,6.4272757,8.703746,0.010541829,0.10234760187064965,4636.0855447485055,4469.884331141575
4-195451-A-44.wav,engine,-62.847458,118.774826,-31.857191,41.237385,-21.773546,26.60526,-18.171583,25.95509,-25.149466,17.405293,-6.4717007,13.871683,3.3154435,12.960068,9.202386,7.319951,6.594157,6.8039517,7.9482183,5.835673,4.198627,5.38087,4.1615257,4.201269,4.9417357,6.0265255,0.15629804,0.09068323122099768,4077.004586339638,4219.312134510619
4-195497-A-11.wav,sea_waves,-162.9892,145.78008,-60.878036,26.052284,-39.20628,29.859148,-37.271885,20.390005,-19.69751,5.86122,-12.078167,3.1702867,-9.17611,85.11038,9.433753,24.461298,12.579466,7.537677,6.4404707,9.744155,6.4496827,7.22591,4.774092,6.2776294,4.1925883,5.24464,0.0706334,0.090815780887471,3346.0035001491606,3566.836422757884
4-195497-B-11.wav,sea_waves,-223.01323,140.61528,-39.69368,15.723116,-29.776066,21.26377,-26.38612,11.733738,-12.291235,0.13620456,-8.438095,-0.80847543,-6.3103147,92.62873,13.373639,23.688263,14.418456,8.122187,9.605193,9.665193,8.245582,6.8408294,6.2563868,5.2082233,4.4919295,5.1418324,0.044742767,0.08402062790023201,3200.5652676165632,3569.544441053212
4-195707-A-13.wav,crickets,-287.89166,-16.165068,32.84075,50.24679,-81.035385,47.630478,-37.818707,-20.523039,-1.3636205,-10.850321,-17.442442,17.701351,-37.734512,11.983935,12.072619,5.427924,7.839243,7.43331,5.193806,7.074656,5.7280216,4.930266,8.698122,8.169657,7.669708,4.8305497,0.0829398,0.38847135114559167,9261.104999304927,3308.3322978952883
4-195805-A-13.wav,crickets,-130.04391,36.678314,19.75393,42.25779,-49.833565,58.308113,-17.104065,21.611187,14.628006,-4.7250905,11.473058,-10.867262,2.323089,23.527796,23.659101,9.771978,6.9801106,9.608041,8.924908,6.5334163,5.598134,4.967438,6.444179,6.671624,6.7580647,6.765382,0.19899252,0.37216774216937354,8178.8893008022,3596.413578053281
4-196671-A-8.wav,sheep,-286.20612,167.93076,-56.819878,8.592703,21.655272,11.742399,-13.407401,17.772215,-2.8558996,5.2332416,-9.517319,1.8098727,-11.366857,43.54107,22.939318,37.634594,14.584058,14.284375,8.831976,9.475366,12.443003,11.096792,7.599218,8.6922,9.954722,6.5074625,0.04108279,0.06105894721577726,2258.349290259002,2562.7691456541406
4-196671-B-8.wav,sheep,-302.63208,161.66815,-60.545837,6.8410726,30.691298,17.289171,-16.529318,24.345068,0.53808194,11.468153,-6.2132435,5.0804915,-10.699329,45.774513,12.763155,36.02515,11.35375,9.884369,9.612837,8.587523,8.071222,10.665427,7.0071425,7.7033935,7.0899234,6.709862,0.03320859,0.0698083581061485,2459.4857674738932,2809.471206276907
4-196672-A-8.wav,sheep,-224.20734,57.289734,-50.226425,44.080055,-36.38948,17.890594,-26.03696,-5.7626686,-18.378613,13.4167185,-13.941883,6.7369437,-8.7772665,31.899961,20.104809,17.108562,12.5496,8.767411,10.535138,7.177503,12.029733,10.586953,6.3083735,6.5464993,7.044591,5.506379,0.030893832,0.21324069206786542,5778.814184306538,4024.8411073061907
4-197103-A-6.wav,hen,-364.56598,120.15482,31.030054,24.833239,-0.33412457,15.999547,-2.385762,12.385844,17.441486,18.604393,15.414135,13.557959,8.287497,90.024445,35.595463,29.703516,29.863955,22.751392,14.039569,21.025202,11.421818,12.568494,13.448553,11.753355,11.324309,11.655248,0.11569206,0.013511002755220417,1095.8786111085033,2328.8365926353945
4-197454-A-28.wav,snoring,-378.63998,130.54103,8.5788145,37.25277,-9.279301,5.7013836,-4.454794,1.3942307,12.769934,20.110378,2.078103,6.9735885,2.1212406,172.72234,34.358223,28.851439,23.054935,17.964949,11.266397,11.23356,8.731286,8.053946,7.7334743,8.685874,5.822823,7.837277,0.041737907,0.0398442031612529,2758.542562013491,3954.041020087512
4-197454-B-28.wav,snoring,-410.26022,124.760414,2.01597,32.394707,-10.212279,6.7596354,-5.066277,4.182218,16.291815,18.000784,-0.4326423,8.490989,2.4269874,151.0912,39.761925,23.78139,14.641925,15.222475,7.726792,10.077011,7.281897,10.244318,7.214948,9.045278,4.379296,6.555865,0.028549872,0.05220644214037123,3154.32294480536,4110.0273501231395
4-197871-A-15.wav,water_drops,-745.5309,-16.480791,-17.36058,24.05342,0.9548521,1.7148393,-7.2190356,8.944517,6.5097322,6.609179,-4.791267,3.0727496,0.5464003,109.53905,25.338003,25.629387,29.868244,11.7189865,9.895623,13.288385,11.987182,10.100362,10.213056,8.036235,6.550066,9.577525,0.0013583332,0.10609411252900232,3278.470605022231,1900.410434351388
4-198025-A-23.wav,breathing,-313.66443,101.97602,-43.77661,29.976107,15.203102,13.905022,-4.384744,22.578886,-4.3250403,4.7484026,-3.7808108,18.286339,-5.66746,100.56614,30.609922,35.686584,12.667519,9.069785,6.5591507,5.1867957,5.5583014,6.5522313,7.4629393,5.59108,4.5464516,6.81679,0.02619495,0.08674979154582367,3984.1622592196604,4296.248100690869
4-198360-A-49.wav,hand_saw,-88.995316,75.20197,-39.638165,10.090899,-26.104223,23.267937,-31.843967,25.644299,-26.114693,21.360777,-27.599972,15.610824,-25.799797,64.835045,21.779032,12.094783,7.0202327,7.52448,6.8869395,7.074392,4.9059353,6.60006,6.418266,5.7659883,5.6968427,6.7108216,0.09728057,0.23212732018561485,6597.365523273905,5422.811975769133
4-198360-B-49.wav,hand_saw,-207.14894,97.43201,-13.753957,15.143677,-13.721927,16.072203,-20.678555,18.588177,-18.91034,8.496547,-22.839249,6.535962,-18.369076,99.527306,28.406914,19.36294,7.5996866,11.675386,5.7742844,12.251507,5.7853074,9.075897,6.7628055,10.221257,6.946674,7.3781567,0.04399362,0.15539125942575405,5376.5424434336055,5192.329488658199
4-198360-C-49.wav,hand_saw,-242.01001,97.950935,-14.044675,11.672996,-12.916835,13.62391,-20.836256,16.753458,-15.445369,11.133753,-16.968649,9.547138,-13.553415,126.72322,22.630163,21.02461,8.871128,11.490691,7.409137,12.588208,7.560523,11.411428,5.8547597,11.571926,6.292149,9.602188,0.03920122,0.14453691451566125,5254.617322974633,5227.872455522669
4-198841-A-37.wav,clock_alarm,-229.96516,35.06252,-36.21077,-8.662804,-34.401493,8.567028,-30.266172,23.338614,-17.172823,-4.840348,11.587687,4.115301,-5.2232227,173.08228,13.803376,31.617832,22.370085,27.851233,9.256141,21.654505,7.3910933,10.061653,6.666034,11.161157,5.4107275,5.277408,0.19574203,0.40522698847157773,7636.064819795639,4551.9811839693675
4-198962-A-25.wav,footsteps,-561.00903,101.143005,53.107544,25.448336,13.275962,11.480065,11.354202,8.14839,5.2392735,5.104039,4.198092,3.9627445,4.157149,60.67252,50.31239,16.388248,13.464459,12.141598,9.043915,5.816832,6.69472,7.3040075,5.92895,5.259971,5.8940873,4.364778,0.005689788,0.020574653784802784,1701.2212978716725,3449.485723130077
4-198962-B-25.wav,footsteps,-556.4216,159.74509,42.447556,15.188386,16.616266,17.163828,16.236458,6.496881,5.478583,7.8604684,2.2969663,5.8952584,4.5725465,83.05852,51.641766,23.76374,14.905894,7.8966494,6.8334093,6.67804,8.527938,6.007445,5.3879004,5.348672,5.8701234,5.1114316,0.009974774,0.014937327798723898,1280.3679941420678,2779.6538418681143
4-198965-A-38.wav,clock_tick,-467.89108,82.06466,20.614836,15.8092375,11.811901,23.129328,-1.6944104,4.5610766,2.3643773,8.017362,-2.5808253,-1.6578826,-12.017349,115.14199,26.503239,21.224575,10.376014,8.954035,18.286541,12.2657175,10.770354,10.415338,6.6330786,7.9168725,6.0143285,11.182133,0.008272705,0.12416844910092807,5802.994125823492,6018.605745513537
4-199261-A-0.wav,dog,-430.74515,94.61778,11.175371,-7.4471664,-2.9301307,-3.7369313,-8.832236,0.19566926,-0.32373893,-6.488664,-3.9246256,-3.7611065,-3.7815895,118.48404,77.171745,34.537857,32.505615,16.609343,13.231056,18.590067,6.0536284,6.9018874,12.136764,8.955982,9.718575,10.617496,0.053251535,0.044161696998259864,2494.183345210339,3434.3997099667686
4-200330-A-6.wav,hen,-300.26257,113.281555,-10.3645935,10.154705,-53.205894,7.958954,-27.240791,23.286589,-19.060425,17.102312,-8.355765,1.2840306,-16.350447,37.66998,25.681274,13.635265,14.209616,15.52329,13.055153,10.8588915,7.2597127,6.230804,8.110322,9.416368,6.6277127,7.508905,0.029243778,0.11780379930394431,4472.545029431566,4718.741534622973
4-200330-B-6.wav,hen,-363.80685,93.50575,-15.9663925,22.430397,-42.535538,17.59745,-24.39697,23.101727,-21.25533,13.575887,-15.408138,-0.4353484,-10.071414,102.18566,35.030903,12.398189,12.346146,16.017447,14.420835,12.381961,9.857585,8.494277,6.573945,8.159016,5.514756,5.595903,0.012614902,0.1753983287412993,5162.605396497569,4615.5659397939735
4-201300-A-31.wav,mouse_click,-809.84406,20.773935,3.2397835,5.04959,0.5803072,3.328704,-2.9808729,4.5908484,-1.5690494,2.9954712,-1.951293,2.3154373,-3.4925537,257.07013,36.232048,8.027424,9.673356,2.5974135,7.2425127,6.03958,8.050785,3.455232,6.1536927,3.9942477,4.6309295,6.340093,0.0015178955,0.0453138594837587,1822.9164045369541,1672.3207206814707
4-201800-A-31.wav,mouse_click,-627.2571,19.033947,13.173664,10.937171,1.7872963,7.309752,2.0647595,9.64326,8.642845,9.40911,3.5457819,7.2968397,3.8435555,161.09026,22.889515,12.886871,12.033837,10.947647,6.739228,10.062912,9.023902,7.2161365,7.998889,6.276287,8.20875,6.0250115,0.011040104,0.09756335194315545,6723.763571870482,6047.634303797324
4-201988-A-44.wav,engine,-245.05388,129.93832,3.8730285,62.307613,3.5036867,15.982428,-0.6052491,37.513134,7.985868,19.320467,1.7723954,7.3919983,0.9330984,36.377163,12.812025,16.073833,11.322808,8.3785305,9.536558,9.65814,6.3964496,9.908236,7.2681417,6.4778194,7.123767,8.01404,0.092832506,0.01941116226798144,2358.1150519037674,3632.0881720064185
4-202298-A-31.wav,mouse_click,-579.57135,55.100487,22.35862,12.917822,-6.2453923,4.712045,-1.6746583,10.644729,6.977846,11.039586,1.0877551,9.334033,0.2367318,166.69826,37.191116,16.73188,12.517241,23.96051,12.505691,21.155632,7.278215,8.294837,8.429701,9.811791,8.833107,11.638684,0.00744734,0.1056613435324826,5916.5464162292155,5535.081701123897
4-202749-A-13.wav,crickets,-431.52176,61.886578,-8.553473,36.07844,11.83768,-6.2546,-38.669895,46.709732,-8.892875,-10.636311,-24.71184,39.71268,-30.893185,9.438802,7.7106028,7.319249,6.4924965,4.7024236,4.598868,6.4189506,4.800963,6.470621,4.845685,5.8591304,4.308371,6.3480434,0.008130037,0.1786769504060325,6183.482647582273,5257.633891645941
4-204115-A-39.wav,glass_breaking,-766.39136,28.024788,-20.605421,18.187382,-5.3065834,3.721435,0.6419362,1.5915631,-0.072434396,0.16274239,1.2974508,-0.16264032,0.18102568,231.36754,46.71663,34.76497,30.16913,13.303509,8.001378,8.136659,4.666013,5.2602925,3.06501,4.0126715,2.9713664,3.0015612,0.002291619,0.0465883755075406,1223.1459021315106,904.2835454696245
4-204119-A-39.wav,glass_breaking,-698.39886,10.667169,-20.09762,16.374538,-8.334931,4.6028514,-2.2341983,2.958508,-0.6558339,1.8905171,0.8239389,0.7571784,0.63891405,200.73083,21.532068,39.40721,31.047188,16.82984,9.46579,7.0336623,6.382656,4.074911,4.255127,4.2054334,2.428724,2.9580302,0.0048845573,0.051943608613689095,1240.5292243999183,683.7741437747077
4-204121-A-39.wav,glass_breaking,-705.74677,33.38309,-22.559103,23.053686,-4.7855983,3.1881588,1.7259121,2.6777809,1.6611373,1.7425023,2.7156272,1.8983234,1.0118711,210.90356,46.42615,36.442844,30.005505,19.101204,8.246064,12.93776,5.669181,6.6669106,4.8596845,5.3210154,3.7486653,3.7684731,0.0035320378,0.06022626341357309,1917.4964116179376,1603.6660968581486
4-204123-A-39.wav,glass_breaking,-718.8923,24.380472,-20.04559,20.963503,-6.219578,4.049912,-0.3904147,1.4799422,-0.15695427,1.7907618,1.9788156,1.1314368,1.440245,210.75586,41.424564,37.345455,32.368397,17.091898,10.884104,9.6790285,5.8923187,5.304097,4.946113,4.2776,3.89703,4.659818,0.0037492365,0.05681509208236659,1590.450896196684,1186.7334886332399
4-204202-A-29.wav,drinking_sipping,-615.33246,30.636644,-11.930123,7.334047,9.78882,2.522316,5.0424542,6.682515,3.7379766,10.596163,0.6554754,7.910726,4.3992934,161.50491,49.06548,51.918365,34.13399,18.392927,16.672857,15.309661,16.846897,15.418924,16.624393,15.230061,16.060614,15.453206,0.009820428,0.05379024071925754,2303.045594045196,2377.5001443332885
4-204612-A-31.wav,mouse_click,-542.95874,83.996544,14.007337,12.902375,2.838813,5.9912624,19.153059,12.01589,14.836817,16.832123,10.695768,15.30869,10.3488455,97.26348,22.78965,38.796032,12.685008,17.748137,19.87265,9.75969,9.2863455,6.20999,6.8197727,11.913545,6.469308,5.7954497,0.008637004,0.042349051986658934,2487.4726763787226,3400.9070751603786
4-204618-A-11.wav,sea_waves,-192.20842,225.52121,-137.89735,20.625498,14.808583,-55.70085,18.125177,-14.768004,-24.703056,14.422226,-20.588402,-7.141451,5.231357,39.331028,16.63968,18.235428,5.6514297,6.1337147,9.991483,5.346919,5.695436,6.2421184,4.2796226,6.329151,5.0164165,4.1822505,0.102736995,0.10454543394721577,2495.4369368567077,1664.9333702499946
4-204683-A-31.wav,mouse_click,-513.2867,132.16782,-29.443024,28.217264,-4.0677967,20.79208,15.400664,16.107021,0.026650308,29.165249,7.093131,22.367632,3.6062448,34.529007,10.028253,11.372265,15.377136,9.591206,13.959143,5.2433248,7.469201,4.866816,4.791445,6.163328,5.403034,5.4445124,0.005430195,0.021962460121809746,2560.2678552836182,3608.050017588251
4-204684-A-37.wav,clock_alarm,-224.58727,-32.941578,-4.8273673,-4.6153855,-15.896762,9.1587,-25.15554,-12.763568,-16.761637,0.30649695,-16.787539,-9.170128,-16.46119,9.048175,9.040001,7.3433633,6.163101,6.0299296,5.079841,5.249543,5.2234898,5.3075857,5.181222,4.87818,4.762445,4.3990283,0.072786085,0.5708087115719258,11021.318433996024,5197.92804349963
4-204777-A-39.wav,glass_breaking,-111.305664,40.148575,-58.843998,35.686035,-16.367975,13.797817,-6.819101,5.2356052,-2.701987,0.13191503,1.8237419,-2.2215114,0.24334869,191.2039,28.488949,31.059454,22.830769,16.893703,14.764431,13.753873,11.896675,9.12798,9.499216,7.480961,7.4797025,7.408372,0.2958204,0.22478044337296985,5653.499106416941,3762.3119981091954
4-204777-B-39.wav,glass_breaking,-120.62322,42.178726,-34.425964,30.518688,-16.945911,14.237393,-10.258914,6.426344,-1.7084556,3.535635,2.2643352,-0.24499576,2.8699634,215.28258,26.367128,32.287025,15.947623,17.715229,10.256262,13.1984215,8.0661335,7.786522,6.4578137,7.259544,6.5999722,5.93925,0.28080717,0.2335978284512761,5943.758379080958,4178.902529471813
4-204777-C-39.wav,glass_breaking,-180.55591,37.072437,-26.784702,19.257858,-12.146985,11.804228,-5.9484973,3.4346137,-1.8536513,-0.78253543,0.17754687,-0.33436796,1.1996225,273.47192,37.18585,27.504126,19.306908,15.160278,14.974493,10.009121,7.986161,5.6146636,5.1551437,4.4480934,4.5975766,4.6479855,0.28457543,0.13839544663573086,3974.117992836846,2931.2920122730065
4-204830-A-6.wav,hen,-401.35977,91.318825,-36.194427,8.188097,-39.375504,13.269225,-24.265385,7.6264386,-16.84259,-0.064607516,-15.103525,-7.2576857,-10.004493,67.594986,26.414268,28.022953,21.506737,11.995791,11.583651,12.027677,8.916031,8.595956,7.099571,7.9711013,6.979085,7.6952696,0.00946035,0.15432519757830626,4687.486268357576,4160.932146638606
4-205526-A-23.wav,breathing,-265.42548,134.6443,-57.505096,7.3084865,-55.41609,6.308174,-18.40375,16.104277,-20.545021,-1.1265855,-18.443972,1.3225648,-11.266121,58.05265,10.648698,17.129644,9.382992,8.945234,7.321712,7.382413,5.292326,9.485869,7.022579,5.853519,6.356778,7.10538,0.02961665,0.08316302022911833,3210.064303102343,3472.12365577797
4-205526-B-23.wav,breathing,-230.7868,128.38763,-57.415176,2.366244,-52.187283,3.782149,-12.055715,11.880388,-13.979322,-3.81334,-12.588679,1.3626914,-8.746788,65.84259,8.350613,22.076475,9.359164,11.9359455,6.649145,7.4684615,6.290811,9.6978655,8.161731,5.578104,5.719536,7.0966105,0.043786585,0.08378045243619489,3191.825271839195,3370.4703813960514
4-205738-A-22.wav,clapping,42.344627,83.694115,-81.67811,-13.430765,-32.016006,14.455752,-17.806221,-6.1193876,-9.16607,0.50891805,-6.208922,-3.5977304,-5.5663247,53.367966,18.560993,17.044107,10.506469,12.676422,7.9550514,11.040012,7.361521,8.493942,6.457128,6.540269,5.324451,6.5009212,0.45957154,0.11880755147911833,4296.292542234357,4004.469927026925
4-207116-A-23.wav,breathing,-479.65225,167.77698,-20.324337,6.428479,8.764375,32.578014,0.7301507,11.989469,4.2146344,8.984506,-7.8190293,10.469031,-4.0295286,102.95111,37.22768,28.829185,12.185677,13.931496,10.528827,10.481886,9.572969,8.579416,9.496448,8.521414,5.879704,5.8772874,0.0068112304,0.03814938007540603,1977.4094243471077,3035.249760705033
4-207124-A-0.wav,dog,-420.4275,106.55811,15.5540085,-14.627363,-20.384594,-16.877205,-14.146435,-13.631684,-15.532919,-9.996541,-5.883713,-0.37485054,3.538061,101.01876,61.544582,31.595037,26.89994,20.9388,13.03323,10.757296,10.291123,13.02049,9.019928,7.9933686,8.805482,10.515853,0.04585228,0.047585330263921116,2121.8587700803428,2987.224880512927
4-208021-A-1.wav,rooster,-395.24982,60.324215,-7.14573,1.9997537,-20.058558,-4.7680235,-3.303859,2.1833344,-7.565366,-5.7122583,-6.5487146,-1.6367319,1.4782338,155.35796,70.61405,13.419117,10.2754,25.12465,9.1555605,6.9628234,7.891819,10.343658,8.148973,9.108504,6.8312597,7.459761,0.08709306,0.02583359012470998,1370.5615091140864,1700.4155993351637
4-209536-A-37.wav,clock_alarm,-329.3328,114.73671,-90.66628,67.42676,13.396954,-56.396236,18.969143,4.7770753,-7.4009457,4.9128385,-5.6719384,18.513222,-0.20450969,85.39418,32.7605,31.823559,21.234821,11.086604,19.954119,9.710841,8.48637,10.468994,8.5770645,7.7470818,8.0271845,6.5222015,0.12978806,0.17209704901392112,3935.7475388281496,1572.4947639162338
4-209698-A-37.wav,clock_alarm,-504.0989,6.04547,-33.89547,8.216135,-28.033478,8.172218,-9.842037,16.918531,-14.999855,-10.183752,-7.326715,7.1439567,0.21616928,205.5475,10.244489,44.84835,11.99979,37.98617,12.886392,15.245024,22.156849,21.666569,13.7490635,10.107524,9.811502,5.5383515,0.03613241,0.10099944714327146,2802.014124725644,1704.1651883508202
4-210000-A-23.wav,breathing,-526.03906,96.1728,-44.929607,-17.659088,-38.83205,-9.257782,-23.975883,3.2561185,-23.405888,4.80027,-5.504644,-1.0949162,-8.519026,105.83891,39.8957,28.673761,16.688227,17.98857,9.028201,7.175983,6.2146006,9.873061,5.745805,6.617334,8.668381,4.8974247,0.0037218994,0.1595116281177494,4760.175018607379,4366.292989610816
4-210000-B-23.wav,breathing,-508.35193,96.7448,-53.1209,-14.700902,-42.587097,-7.107181,-25.470783,1.4898306,-22.936129,5.071974,-6.3490286,0.25700077,-8.668354,121.65277,40.372044,38.128597,15.804922,21.592518,7.258212,8.367936,5.2571397,9.214932,5.269476,6.3859053,6.0561585,4.2123747,0.005251552,0.15801393017691415,4732.916892975073,4256.126614363172
4-210309-A-31.wav,mouse_click,-640.846,51.497738,-16.165047,20.184713,-15.46604,8.605812,-6.715321,2.433371,-0.21461502,-1.8686807,2.392741,-3.9336195,2.3571978,158.62825,50.607567,17.805721,21.837385,19.625177,9.849938,11.224205,7.839359,7.8055763,9.450313,5.499352,5.56897,5.73146,0.002100832,0.08203918032192575,2437.9313892395194,2074.819282146452
4-210593-A-29.wav,drinking_sipping,-388.63016,112.924355,1.1338204,22.542332,1.9241923,15.92518,-1.0672584,12.851995,-3.0285752,12.396134,1.0596387,9.298326,-2.1222026,49.777393,33.105118,17.063128,12.482496,8.475807,7.6141644,7.3050823,6.75683,6.4279437,5.790181,5.442272,4.9191957,5.094273,0.011678855,0.07241630111658932,3947.968725460173,4726.535486594306
4-211502-A-30.wav,door_wood_knock,-494.49564,48.686493,14.754925,11.230108,3.6141427,8.96534,1.6545378,3.9307299,2.3045268,5.9191594,3.1260314,4.2213974,1.8808625,151.65947,75.21416,26.427713,17.199633,14.520211,13.323297,10.413019,7.0560493,7.4962363,9.02915,6.269448,6.2867556,5.5434685,0.04334314,0.00568264211136891,534.4257845377122,1027.0501671859397
4-212604-A-15.wav,water_drops,-450.3028,131.73595,42.79759,36.00142,25.228264,23.220726,6.40519,4.934515,1.5582628,6.3908486,4.913628,11.800009,7.213601,34.678856,20.523275,12.83658,13.877741,10.770175,7.772504,6.701355,8.15072,5.1786294,5.758502,4.3185935,4.4315968,5.2861276,0.016937116,0.01302498731148492,1940.1544608776371,3780.5733800293115
4-212604-B-15.wav,water_drops,-366.39566,91.30737,40.583363,39.25701,14.869251,18.913168,14.048456,6.584886,3.2309344,12.402331,7.5388036,11.560003,10.748084,89.49759,24.886091,28.832788,24.220366,19.721054,14.376296,15.269254,13.508779,11.812109,14.924013,8.838954,8.49669,8.655215,0.04719005,0.024223734773781903,2958.860489581022,4190.013486020925
4-212604-C-15.wav,water_drops,-394.044,84.57553,42.868484,26.855541,11.281272,17.144955,9.426145,4.623784,4.144049,12.289707,10.261463,11.649814,10.095207,73.48553,25.822115,22.369387,20.658796,19.023668,12.353495,12.479161,12.880772,11.473439,13.133452,8.622948,7.733772,6.2409797,0.033262838,0.022254749129930394,2817.995552280007,4223.791094470557
4-212698-A-39.wav,glass_breaking,-532.87933,25.06812,4.4847198,6.3744574,-4.067122,2.4241893,-0.29626048,1.906942,-0.5771523,2.0654564,-0.16185929,1.6942674,0.13359356,118.94493,32.563427,16.761576,9.511918,10.102052,5.697545,5.568792,4.8286715,5.744036,3.9151857,5.5652943,3.9410317,4.6499014,0.0058018137,0.07805815871519721,2647.8979093609196,2413.348486158427
4-212728-A-34.wav,can_opening,-574.9923,11.9049425,-7.0822988,10.666675,2.0647984,9.695396,2.847394,7.2693253,1.1097968,4.8568554,0.69030493,2.3989694,0.18059619,168.08585,34.03254,25.184813,18.124334,9.222847,14.6052265,7.5190687,11.983875,6.1856956,7.6847515,6.297227,5.2859154,5.46543,0.015641326,0.05341411687935035,2113.0339716439944,1686.644209025127
4-213193-A-29.wav,drinking_sipping,-656.2809,92.95808,1.723296,5.2296166,3.0137613,0.046196744,5.2586417,2.5278978,-3.8162727,-3.5558736,-0.95455545,-3.5865777,-4.2886086,113.48644,71.50092,28.264235,17.272142,12.79874,11.923331,10.465633,7.6408954,12.813024,8.594318,8.432704,7.526383,7.6555924,0.003057647,0.1427548578886311,4980.2107869239,4589.59435931372
4-213915-A-3.wav,cow,-201.61311,233.75128,-3.015809,-14.714388,12.698266,-3.301126,-12.206697,-6.2414217,-5.13126,-10.9402895,-13.037989,-6.994776,-2.200079,23.83041,9.785865,10.193386,10.976526,6.409582,6.6848207,4.835264,6.348309,5.6110744,5.382896,8.250988,7.400668,4.7955704,0.23212717,0.02256063297563805,885.7807053048631,1179.9847716126565
4-213915-B-3.wav,cow,-213.23993,231.19435,-25.400938,-9.605131,14.16315,-5.531837,-10.294693,-2.0984771,-2.6891592,-8.784727,-13.858217,-10.256434,-4.4856067,38.27066,13.534502,22.689842,9.709124,8.601457,6.8577523,7.9327354,6.643275,6.1462083,5.912868,6.3805914,8.845328,4.7488484,0.16258778,0.030366335556844547,1090.7449384757458,1305.329464072931
4-213915-C-3.wav,cow,-190.99521,201.71231,-12.001617,-24.043745,10.405079,-5.63256,-13.694059,-4.446907,-6.304072,-12.250052,-11.8448305,-7.8392105,-6.0148244,44.31735,14.196163,28.591564,11.0101385,9.44115,8.947298,7.037385,5.284023,5.1151247,5.8493853,4.909338,8.143994,6.7833047,0.21188484,0.02642836426914153,1079.433028763151,1260.9158453302152
4-215635-A-34.wav,can_opening,-593.4504,14.9855385,-23.79884,20.381363,-3.469261,7.2800465,3.334611,10.242083,0.28110012,0.31557775,-1.0082704,-0.41749972,-0.55962616,179.33195,30.336742,39.26794,24.66361,14.8998575,12.642933,11.58019,13.100083,9.264515,8.4349575,6.9735646,6.6136565,8.173026,0.009942033,0.09914715052204176,3091.807433996882,2147.226458957763
4-216211-A-14.wav,chirping_birds,-423.86346,-63.844105,-109.34449,46.291668,-43.54395,-4.8913307,2.8382454,6.9307446,-14.206526,21.970196,-14.607855,6.5712156,0.7959693,72.11911,17.023106,7.5191975,37.181767,11.147433,6.4914265,7.5457115,8.06483,9.222369,8.376639,7.7844243,6.6535835,6.1098375,0.033584174,0.26690857924883993,6451.0315414773295,2952.6812166245118
4-216349-A-34.wav,can_opening,-729.8182,2.6669836,-13.521396,3.402418,1.0286046,2.2438507,-0.18665673,3.592599,-1.0555351,-0.61326665,0.68423843,1.8748775,-0.6006937,119.791016,15.679151,33.492916,10.648482,8.689243,7.6139874,6.393152,8.881072,7.6413484,6.297558,6.1476326,5.621137,3.8848717,0.00200431,0.04789121410962877,1550.9829357796846,1044.1131353543342
4-218199-A-35.wav,washing_machine,-240.06541,152.89278,-36.039234,44.215977,-27.387932,28.04619,-9.612132,6.7096877,-5.957517,7.804987,-1.5969851,0.6880636,-6.3911133,9.677256,10.233823,6.391321,6.0803657,5.5209436,6.2305794,5.346744,5.762346,5.3207893,4.7837996,4.388523,4.2302327,3.9534678,0.03809287,0.055338919301044086,2698.460295039632,3230.6798330840047
4-218199-B-35.wav,washing_machine,-217.32635,128.16254,-0.7908378,61.958813,-20.273537,31.838299,-11.910568,9.276227,-11.336036,9.973592,-12.736195,0.48829544,-3.5256362,18.064966,13.896702,8.10239,7.487938,5.640522,6.4126506,6.305253,6.8132644,5.585268,5.3015294,5.1934376,4.9956827,4.8147025,0.06099445,0.054643316777842225,3168.81276760936,3921.7784088035505
4-218199-C-35.wav,washing_machine,-157.0483,144.06885,-5.127169,40.987244,-20.176292,34.76669,-22.04762,19.001106,-9.23477,16.437683,-21.061684,20.847214,6.430654,5.974104,6.901851,5.974207,5.566836,5.520235,5.615503,4.452991,4.342714,4.425568,4.168866,4.3335176,3.9370809,4.0023212,0.09434689,0.09507889537412993,3306.056432996662,4241.726097655957
4-218199-D-35.wav,washing_machine,-131.7272,142.74501,8.002534,35.639538,-28.14294,29.920263,-9.872734,17.134003,-15.042372,34.53763,-14.394525,5.0510616,12.079349,10.201476,7.947566,4.1787286,7.6690507,6.2673736,3.7882564,4.524868,3.8852477,4.59095,4.6619716,6.1103263,4.4355655,4.2431912,0.15935422,0.13117885368329466,3458.2925560132617,4448.799688304373
4-218199-E-35.wav,washing_machine,-303.28564,168.04999,-30.60775,29.034803,-32.01375,18.106014,-24.561281,17.679926,-1.1408811,14.118108,7.6590905,4.073439,-6.7309923,12.148541,8.963917,9.725256,7.281767,8.002606,6.8215995,6.383329,5.752632,5.791408,5.483524,5.8997188,4.96992,5.1552234,0.021280244,0.05135563188805104,2379.4369235894087,3133.475882701735
4-218199-F-35.wav,washing_machine,-235.68727,150.16838,-25.394985,44.188725,-25.05867,13.685033,3.4811156,-1.2234728,-7.2409124,6.5570645,-6.593734,-1.0536084,-1.9131469,19.222256,16.392052,5.888468,5.599875,6.11119,5.0509114,6.362998,6.053534,4.6942153,4.3881717,3.7920105,4.4213457,4.9066477,0.04251951,0.05315694786832947,2613.368508142604,3118.7191153246363
4-218199-G-35.wav,washing_machine,-280.63422,156.49402,-28.434568,67.88923,-16.462255,22.790348,-26.35696,7.9763784,-10.749299,3.7387516,1.340289,5.9260516,4.0341234,20.763916,10.616916,11.757988,10.17933,8.473395,7.767958,7.023117,6.1350436,5.983927,5.540545,5.9819784,5.647033,6.458845,0.032245684,0.04638332004060325,2523.531714666246,3204.0290882917648
4-218199-H-35.wav,washing_machine,-308.05292,85.50898,-35.935863,92.54578,-16.842693,54.20653,-6.576519,13.199479,-44.67696,6.9980435,-27.183752,-6.221479,-18.918365,7.6882343,9.518471,6.2456574,5.110192,5.8617954,5.118138,5.1370926,4.430003,4.972108,5.5611362,5.277085,5.801379,4.825947,0.022115218,0.13725348027842227,4618.320377467987,3985.7360487735214
4-218304-A-25.wav,footsteps,-424.8861,94.8088,-15.85015,25.285587,-4.5906787,8.917268,-4.128732,10.257503,-1.7352569,6.5500493,-1.2850577,7.419727,-0.6366374,103.53779,20.600658,27.294554,21.834375,17.711578,8.202819,9.746198,6.301979,7.9209676,6.6378026,6.4349017,4.989471,5.371812,0.0062539824,0.0996898111223898,4540.927565006137,4833.314237327976
4-218304-B-25.wav,footsteps,-353.49588,82.30209,-35.952045,7.4459686,-18.89712,11.926715,-4.7024603,10.172188,-2.8866868,7.5581737,1.1671268,7.979824,-0.7142228,104.27276,46.657707,15.894579,17.37533,17.791853,11.152443,13.348072,6.8053093,7.7490845,6.9741797,8.540413,5.6084223,6.53008,0.012813957,0.14453464870939675,5039.564410459757,4462.695358871009
4-223125-A-14.wav,chirping_birds,-287.77853,110.28756,-59.527122,62.070408,-0.93529046,-4.42599,13.789395,-20.576405,4.212911,23.578201,-42.0685,47.2803,-56.993786,14.410227,9.586047,7.912488,5.961055,8.695219,9.088182,8.726589,9.895434,5.5100737,7.8604555,8.069341,9.266742,7.6653357,0.020587372,0.2174346994634571,5270.803267115618,4141.902784087679
4-223127-A-14.wav,chirping_birds,-366.7083,152.78052,-72.591736,72.01933,-11.237629,18.719473,-23.30976,-10.18044,22.62674,-12.67216,-6.594658,-10.723771,-2.6807268,29.432636,16.805252,16.038494,13.847003,12.14051,7.768389,9.018483,8.444624,8.24892,7.1431313,7.961273,6.8354235,7.785182,0.014383383,0.10430979009570766,3051.9717510632295,2690.876725240215
4-232495-A-6.wav,hen,-209.28676,138.60529,-92.327545,-6.213228,-47.124527,-29.078161,-16.566189,-7.748932,-8.409296,-15.419441,-4.224452,-4.8270125,0.6710381,68.94277,30.47305,35.04821,14.973565,15.431352,14.995511,9.698852,13.726067,9.261967,8.421449,11.183507,10.237046,15.198627,0.13859807,0.06224396389211137,2377.448471457618,2205.910167647512
4-234644-A-2.wav,pig,-263.28845,180.57758,-50.070477,19.412254,-0.4639938,16.788704,8.424102,5.171986,9.687088,-4.3321915,-5.8634467,6.724963,3.2586594,78.49186,24.314325,24.433804,16.753912,16.570913,16.947453,10.795484,11.273903,10.382144,8.90165,8.822264,9.250236,11.659646,0.060360577,0.048779410165313224,2000.8266531147342,2284.43295120294
4-234879-A-6.wav,hen,-347.25015,130.79247,2.3595114,15.825062,-14.489217,5.3834467,-9.183811,16.379189,-8.301005,1.4426668,-6.0561895,10.254588,-2.8237123,30.865816,18.337421,15.175426,13.408125,12.649978,10.639537,7.612616,6.7392373,7.975749,9.940212,7.8079896,9.402798,8.111979,0.014387332,0.05799217843677494,3196.8458960035323,4226.354419815341
4-244318-A-6.wav,hen,-316.4354,105.60697,-4.5427055,4.2287087,-23.320747,-9.577586,-11.17527,-2.1719558,-5.5039015,-0.47541863,-0.14936167,1.9229196,-1.5779221,97.612114,34.365574,37.354355,20.150673,17.271366,12.557638,12.639664,12.841513,8.457706,9.557022,6.6800246,8.091606,8.020391,0.040546484,0.09207896787993039,3726.595304407444,4016.3704630118004
4-250864-A-8.wav,sheep,-306.73398,125.84455,-67.64198,8.764452,-12.12914,-9.711982,-14.169867,-0.94103867,6.1510296,-4.4253144,-3.840962,-6.7133975,-7.9996977,126.832375,26.343456,63.862843,11.5324,16.018953,6.9687195,15.112313,8.46616,13.345596,14.365009,8.691237,8.020002,12.754122,0.07185362,0.0759770156612529,2617.285701883974,2575.643707111169
4-250869-A-2.wav,pig,-139.98451,136.2467,-32.458,56.006035,-17.193687,21.687263,-18.18796,13.726561,-3.4482648,4.6894937,-4.478933,7.9953756,1.0635287,76.67585,44.042645,16.68058,16.32178,15.548502,11.110467,14.305271,9.149426,8.99281,7.1271925,6.9850264,10.406027,6.42624,0.12747213,0.0940456877175174,3276.9160132082225,3302.3006693308566
4-250869-B-2.wav,pig,-78.75279,101.649216,-102.92061,53.850266,-22.128286,18.442831,-10.037852,17.879332,-10.323786,8.3330965,-0.11634717,8.161639,-2.0652547,63.165817,28.60107,16.91004,20.82903,18.190268,14.35257,16.002165,9.298192,12.773257,8.677898,9.876551,10.875165,9.338773,0.22425999,0.15234375,3963.551995252028,2711.7877146141927
4-250869-C-2.wav,pig,-120.4457,104.711044,-109.474045,44.979984,-3.2612474,15.778943,-12.100367,8.831234,-2.7595744,7.2781596,-4.6713758,5.8884816,4.1560626,74.716805,46.119637,30.6744,24.642426,17.683464,12.45481,14.553319,10.779504,11.369638,8.538981,8.476415,12.947548,8.00925,0.22353616,0.12709926950406034,3489.3681476601214,2376.9737884202113
4-251645-A-49.wav,hand_saw,-285.695,103.4528,-26.770998,-8.221839,-26.915405,2.1610272,-18.540947,-7.137261,-16.813437,-5.7683764,-16.680485,-4.0536895,-12.865096,111.32368,23.73626,25.644667,12.81206,12.29782,7.911716,8.780719,5.7788563,7.5494256,5.795815,7.110083,6.431113,6.472427,0.026341973,0.09193848789153132,4134.842575901569,4654.125814502801
4-251645-B-49.wav,hand_saw,-316.52878,100.9584,-35.87882,-3.4945188,-28.656368,3.2324862,-16.909956,-2.25085,-13.177608,-3.8345196,-18.203663,-0.92695534,-11.417976,128.98116,21.876495,29.68679,10.653729,13.356431,7.930322,9.882689,6.00825,8.800438,5.6251717,7.021559,6.0450687,6.8408265,0.02244987,0.0963772023636891,4034.5884810543257,4372.133318228942
4-251959-A-47.wav,airplane,-149.23705,187.02524,-43.10391,43.664165,-26.466093,20.177673,-4.6542506,1.1583767,-3.299071,3.3050683,-4.579032,0.76708615,-3.297612,66.21086,30.6187,9.677917,11.957957,15.293731,10.621932,10.924694,9.292398,7.5160275,7.5390415,6.3349013,7.256977,5.7267475,0.11228232,0.05308557497099768,2218.2542161161296,2653.3042952688443
4-253649-A-6.wav,hen,-545.9337,105.733406,31.820442,-24.629513,-43.884693,-36.674942,-21.891905,-11.246449,-7.0509477,-5.6771855,-5.5278077,-6.4256535,-5.5463085,64.36606,63.39772,24.056332,26.583681,29.230433,22.670788,16.34764,11.783801,11.166797,10.589083,10.901772,11.897636,12.63772,0.030718489,0.0326208127900232,1871.736923419767,2400.827970175337
4-255371-A-47.wav,airplane,-221.64847,219.41872,-16.488829,-15.494084,38.84974,25.334198,11.160959,14.18249,3.304653,-3.7780068,1.4054875,0.2906929,0.18419065,36.83658,18.783457,18.285234,9.191717,7.732572,10.291874,6.1735463,5.790472,7.5428104,5.2131433,5.689924,5.599676,5.308838,0.19958372,0.015732625797563807,932.3582795259333,1326.6045130991683
4-261068-A-30.wav,door_wood_knock,-465.3862,46.917027,24.890108,22.13057,18.762215,14.127597,13.281202,11.459055,10.91832,10.339885,7.4847918,6.166332,5.986582,66.582016,56.962193,24.854809,21.156462,17.373955,12.792937,11.857099,9.92508,9.723207,9.429726,6.718562,5.438113,5.401123,0.066688985,0.1286264229263341,3863.691218051097,3396.3338102366033
4-264453-A-34.wav,can_opening,-494.1024,22.13347,3.070313,19.094053,-1.154313,13.191327,0.25359526,21.398,8.996391,10.417985,3.8409631,5.731588,-0.9860079,155.52272,28.50313,25.631527,19.606665,13.363504,11.853599,9.582084,18.42242,11.370678,9.896601,7.124859,7.839929,7.4125957,0.024367148,0.12077313841357308,5051.797276215865,4114.845143373365
4-59579-A-20.wav,crying_baby,-261.10675,54.48823,-70.21897,19.131771,-22.254396,15.125273,-9.513667,-9.447128,-16.334948,12.15018,-2.9196727,-0.027963448,-5.102573,174.90599,37.20248,53.507694,28.52105,17.642363,20.224825,15.62107,18.545734,13.77272,10.041825,12.22011,8.918117,13.19714,0.14124668,0.09304646715487239,3596.1373482028903,3035.2486454798513
4-59579-B-20.wav,crying_baby,-380.30194,50.221706,-14.376421,1.354652,-9.378175,-5.4695215,-11.01791,-13.0910845,-11.337969,8.775669,-7.387573,-2.1259196,0.64311093,137.58325,56.954678,28.948814,9.844846,14.603222,9.161194,14.309894,17.08431,15.569583,11.718979,11.353342,6.1325555,6.2929716,0.05969396,0.029018180829466358,1343.9399253941929,1592.3018740974728
4-67358-A-42.wav,siren,-348.52313,83.90173,-116.64847,-59.41866,1.92921,-3.895496,-24.2659,-3.763946,24.143162,15.540505,6.3753386,9.0942,11.1378355,102.53013,42.649418,59.23744,31.981766,9.978171,9.257231,20.557095,19.755596,18.820538,17.07306,19.9843,15.162573,18.241064,0.19710101,0.06900739559164733,1739.0946835196812,929.7212994567026
4-80761-A-42.wav,siren,-224.69647,197.72955,2.2030773,-16.829672,-9.295509,-12.832731,-12.923088,-17.466524,-24.152662,-17.98008,-13.874709,-18.308409,-15.803815,61.440296,22.902588,53.251575,23.340767,9.628964,15.876927,9.615307,7.7516007,12.544998,8.373942,6.0815773,10.408838,11.8356495,0.3481378,0.02072079828886311,833.4513341852568,1099.9227638239313
4-90014-A-42.wav,siren,-332.18234,202.3805,-39.54214,24.72157,-4.4151244,6.553243,1.189961,11.293773,6.8823304,-3.8535666,-2.8651135,0.6774548,2.2588775,10.586098,6.752155,7.1153264,5.4683576,6.9605,6.880031,6.0789213,6.714695,5.079931,5.8991504,6.936121,5.032302,4.9616904,0.03829614,0.04535464399651972,1436.1857232677505,1843.5849307706728
4-90014-B-42.wav,siren,-301.27814,183.1414,-40.75753,24.26959,-1.5110588,10.343553,6.8811145,7.4307523,6.6237063,-3.2332263,-3.2114182,-2.351404,-1.2945343,23.465202,9.815203,14.061088,8.132756,8.722418,8.148861,6.0276556,6.083532,5.880285,6.603702,7.7409887,6.58434,5.095523,0.0540617,0.051397549303944315,1657.4716912550687,2016.7290247263638
4-99193-A-4.wav,frog,-292.26453,197.1652,-55.809086,-45.07119,3.5100691,-1.3394903,-1.4503154,-9.989183,-25.393417,-12.873509,4.469335,-8.524076,-12.8186245,55.322292,20.795841,37.707195,16.661196,12.345633,9.144017,9.458978,7.716559,10.548002,8.858568,6.9666123,8.106425,6.745535,0.077121116,0.06072020917923434,1699.8074216837156,1702.8514343849154
4-99193-B-4.wav,frog,-291.79526,188.37555,-54.837555,-44.75236,4.6382103,3.6162546,-0.81942713,-10.823868,-25.813755,-12.55952,4.254029,-10.132919,-10.691859,61.77223,20.068195,37.85214,14.51455,11.239298,8.834302,9.244186,9.16535,8.310088,11.412474,7.2513037,9.624799,7.8764815,0.07358313,0.06410192502900232,1779.69838521745,1764.3407888950162
4-99644-A-4.wav,frog,-440.62888,169.1792,-34.02795,-43.846645,12.271395,24.027466,-5.7531643,-0.093269646,11.547102,15.737132,4.979891,-7.115136,-7.275035,50.020893,29.329868,23.047344,12.90335,13.692096,17.844046,7.768704,12.213671,14.374391,18.104952,4.875979,8.714034,4.724662,0.016774613,0.0553729063950116,1829.1192511148713,2308.081614309494
4-99644-B-4.wav,frog,-329.51233,146.82188,-119.657715,-75.11626,-3.3761895,7.256871,0.16258138,-1.4511636,39.092136,42.161346,12.682642,-1.2673813,-23.159527,43.042545,11.009874,27.313225,12.817841,9.695275,8.091879,4.5431447,8.868702,8.000906,6.837246,6.3650756,8.762573,5.80048,0.09872633,0.08880261202146171,1978.778048907756,1114.5067275657711
4-99644-C-4.wav,frog,-327.76892,148.82117,-112.019325,-71.728676,-2.0031834,9.400634,1.3103019,-0.32254675,39.36335,41.89521,13.343435,-1.6016165,-25.208868,48.929234,13.704561,33.181892,15.474215,13.407068,8.295651,4.925821,10.362445,7.5519495,6.954479,6.5510483,10.985522,5.4924884,0.10250557,0.0879982507975638,1980.357296045525,1219.0773545599727
4-99644-D-4.wav,frog,-417.1535,144.65564,-50.018017,-43.202885,12.964765,22.680218,-3.1369083,-7.276774,28.514889,32.512856,7.0449095,-7.2832575,-13.791456,76.50571,16.257101,55.706684,14.932559,17.988825,13.327373,8.596774,7.737649,13.682891,8.921839,5.1083975,9.8638315,10.076534,0.042824842,0.06700442285382831,2018.051387494086,2271.3940230286735
5-103415-A-2.wav,pig,-205.5717,171.96043,-31.56149,10.908532,-8.812979,2.8404565,2.5893922,2.4877348,-0.45925203,-3.133442,-2.397266,3.8050923,9.063624,92.3253,30.560492,22.785519,10.850861,21.037453,9.283548,9.192402,14.413618,9.450716,7.7714987,10.415282,8.501548,6.6964974,0.12878853,0.046455825841067284,1831.9999772532794,2286.926390406835
5-103416-A-2.wav,pig,-368.87048,38.49668,-26.125553,6.716496,-15.3936,-0.6928278,-0.06938716,1.1152939,-3.395086,0.6368924,-0.070550926,-1.3849518,-2.4784484,212.58534,57.99545,39.652176,11.582949,23.905958,3.1614227,3.2784932,4.2708206,6.2523856,3.702676,3.3109424,3.915374,5.5727034,0.10831365,0.02420107671113689,972.0536237062728,903.3709902913796
5-103418-A-2.wav,pig,-399.63776,80.16638,-5.3449855,12.079604,-4.4380603,2.2680757,-1.5529981,6.663094,-3.5864096,-4.43076,-1.3479831,3.4305782,4.2985716,178.10677,88.15203,27.077314,16.281006,14.453623,8.520436,8.56174,11.614616,5.807601,11.101771,7.100495,6.555408,6.555409,0.063066565,0.01832470816415313,952.5750106077443,1334.6228697485033
5-103420-A-2.wav,pig,-503.39868,11.908342,-12.044517,3.6546996,-5.0882993,1.2455993,-0.15493862,0.87318826,-3.9166958,-0.66995,0.65479976,0.54186827,-0.10189882,178.80191,31.298094,30.771463,11.60173,13.542817,5.130062,2.7462945,4.014369,10.755522,3.3090093,2.7397418,2.3966095,3.0592146,0.04275835,0.021832176261600927,673.8971520869999,530.6753558357776
5-103421-A-2.wav,pig,-198.56566,109.802505,-38.07411,17.958633,-22.170897,-4.650089,-0.5434381,13.374737,-4.390804,-9.004617,-5.0826454,2.3371663,4.920181,153.39777,57.058296,43.02164,16.42826,20.9045,11.776678,9.977129,14.205357,8.342248,13.871727,10.172872,7.097743,9.349601,0.16670088,0.07296915784512761,2764.137334011061,2799.0124070283114
5-103422-A-2.wav,pig,-534.8996,13.54339,-1.9015021,2.136615,-0.8911657,0.61913013,-0.5082734,2.8843517,0.9424695,1.5208272,-0.63825434,0.33047423,0.8084404,129.71172,45.92832,7.477015,8.32843,4.4743533,4.127275,3.7371986,10.168722,3.7866929,5.4962416,3.328253,2.0134327,3.0133235,0.020178864,0.003741979045823666,224.98985149811247,290.51595340360655
5-117118-A-42.wav,siren,-228.45914,211.89809,-44.02552,-47.18263,8.372751,-16.06532,-18.151752,-2.6529717,-14.563197,-11.688201,2.349995,-2.0003715,-7.236263,32.800964,8.279199,34.05543,7.3709745,13.276901,8.09867,4.950839,8.283708,4.429983,6.3993278,6.307485,4.6756625,4.748576,0.2442559,0.03666187826276102,1121.9698160943353,876.8508777840321
5-117120-A-42.wav,siren,-187.71622,48.082005,-120.16671,19.697,-40.146084,5.246752,-19.066525,5.6053987,-5.2953143,9.422513,15.884463,11.839814,11.7501,40.120213,27.772192,19.694548,18.89423,11.267213,8.353976,10.084356,6.7716994,5.988669,9.877749,9.002389,11.5419855,11.318806,0.25660107,0.10667529183584687,3508.358486932763,2595.123930133989
5-117122-A-42.wav,siren,-253.13704,205.88889,-26.294773,-36.533012,5.5156617,-18.736174,-18.920946,-3.9493847,-14.42753,-12.905407,-2.6473663,-5.614342,-5.8534036,55.28169,24.298283,43.0029,17.353964,11.987039,7.358892,5.3577266,7.658845,4.4845767,4.798855,4.7065063,4.038525,4.212595,0.18377972,0.02998114849187935,1012.7810538846367,917.0251338580173
5-117250-A-2.wav,pig,-461.8514,36.53304,-4.678383,3.1836271,-3.1600838,-1.0290788,2.4719942,0.69906807,1.8906335,-2.025965,-2.0774324,0.916481,0.7410904,143.62367,83.03111,12.6086445,8.373701,9.319909,3.7815642,6.5651503,3.3138134,7.5413837,5.5603967,6.6970525,3.4294474,4.3022337,0.054076716,0.00625022658062645,248.4367530136642,318.64007550048035
5-117773-A-16.wav,wind,-259.1527,144.70357,34.44875,29.44044,21.792881,37.440987,4.9639783,10.428303,-6.161827,8.224833,-1.0490353,12.5400095,-1.2707075,6.874297,4.477295,3.862818,3.846331,3.7134268,4.0461264,3.7671795,3.6455758,3.8730416,3.8990097,3.8619897,3.7376595,3.7426982,0.11011346,0.012749691850348029,1633.2626625040489,3682.9455012620356
5-127990-A-2.wav,pig,-194.3793,142.83913,-19.253315,41.463543,-9.09478,21.850868,-13.847905,16.6288,-8.659673,0.38948035,-2.295794,0.96229106,-3.4643283,55.507187,29.679543,21.68116,14.500706,15.162446,11.824553,10.134086,10.513899,9.912431,9.447125,11.809075,11.740752,7.972393,0.08445572,0.058954013196055685,2969.784321433376,3502.2681120389716
5-133989-A-42.wav,siren,-290.27505,153.17603,-54.00214,21.926144,-20.412962,-12.962861,-17.5394,-27.609222,7.7868543,3.970804,15.297937,16.275955,19.297382,53.194675,28.987316,11.969858,9.971782,8.874392,5.4387174,9.441135,9.180645,8.345747,8.599841,6.9773884,5.3037047,8.15001,0.15593867,0.03461698810904872,1570.4581466731015,1718.1362973872388
5-133989-B-42.wav,siren,-262.101,160.39282,-39.665638,22.959818,-4.672312,-7.6178446,-8.329376,-32.16648,-7.628036,-7.5190907,1.3991654,11.665074,12.022318,28.501188,16.244654,8.610916,9.4976845,8.240228,7.7224765,8.998982,6.591895,10.309713,13.310107,10.973396,8.493884,8.897151,0.18402784,0.03091919228538283,1450.7594627020378,1623.9685933214332
5-141683-A-35.wav,washing_machine,-337.97513,164.73956,28.451548,63.057777,-4.914398,17.924309,-12.853472,26.962187,-1.3847399,6.662393,-6.337127,8.481886,-10.907457,4.944733,4.870648,4.9276423,4.1056013,4.565905,4.647966,4.0000157,4.393577,3.5675125,4.049886,3.9261212,3.771145,3.7648969,0.03927885,0.01916192357888631,1485.3552425815346,3015.6488767713936
5-147297-A-27.wav,brushing_teeth,-400.04294,86.497734,-63.610672,15.531194,-43.518173,21.073736,9.2754755,34.370052,10.228062,17.210682,-4.809782,10.178078,-9.037365,47.795376,21.186312,21.475828,13.532273,15.299668,19.54072,12.201928,9.053214,13.739126,11.597617,9.829663,10.008566,9.076229,0.008110098,0.0940479535237819,3999.625121489145,3781.5590055894113
5-150409-A-42.wav,siren,-195.23198,203.6277,-21.743057,18.92306,-5.688386,2.2445445,-11.397653,-12.492033,-10.318897,1.7814803,7.8947763,0.82735384,1.0548803,22.08797,18.91978,8.959148,10.77026,8.051354,9.202981,5.9453845,7.546463,4.9348207,4.7553835,5.7484612,5.94452,7.5633516,0.19142999,0.032351181844547564,1311.0094820603938,1833.933063177009
5-151085-A-20.wav,crying_baby,-220.53416,89.493164,-84.215485,1.0788037,-50.837906,6.5323114,-20.624926,21.002733,5.0815554,3.473076,-10.436827,10.126338,-12.190105,112.537346,30.418673,44.32685,19.723932,16.963337,13.336275,13.199751,10.390154,9.78389,10.648807,20.642717,15.224306,9.608184,0.08184739,0.0923769214037123,3768.3652419342643,3388.5841415795053
5-156026-A-4.wav,frog,-463.0992,158.78687,12.90637,-27.199497,-5.081995,6.7044473,11.087614,16.539654,5.3154693,-6.4282765,0.15349379,4.2688804,1.7914283,84.975975,51.46873,36.24756,34.88401,17.099386,13.802148,14.0040455,8.053798,6.384864,13.055388,6.130198,7.2263374,8.875104,0.024181414,0.03854589617169374,2150.6659683974954,3457.180305309167
5-156026-B-4.wav,frog,-510.473,145.33978,21.63618,-11.842985,8.414132,13.272526,19.069881,15.058942,-0.59849364,-1.854759,5.9387326,11.63541,5.7286754,40.81211,31.648659,9.8614,17.12661,15.140615,12.8003235,8.222197,5.694362,5.252737,5.2096043,4.832675,6.481235,7.855173,0.008041275,0.02841547636310905,2351.6283700267513,4110.61523104544
5-156026-C-4.wav,frog,-494.4575,123.37371,22.795834,-9.586626,9.915523,23.156282,19.882713,9.656818,-1.9455353,-2.1411955,9.6896515,14.456825,6.8706446,37.296967,25.375303,11.741078,14.6278515,11.74744,10.660109,7.3381543,5.3325047,4.346372,6.679229,4.848302,5.593751,6.1789775,0.007375616,0.030676751015081206,2425.303443101677,4162.027894189832
5-156026-D-4.wav,frog,-435.24747,154.60411,4.9423523,-32.9357,-2.1075225,14.89368,14.88462,13.052052,0.20879713,-7.6864715,4.844103,10.7270975,3.4794564,77.80859,48.32415,32.525604,28.675137,16.862736,16.568523,13.591391,7.4218254,5.605156,10.781631,5.9783096,7.1748395,8.616846,0.02712112,0.04032002247679815,2003.4138456086494,3139.1075467103997
5-156698-A-18.wav,toilet_flush,-197.1043,49.451828,-22.3675,6.6432533,-35.57527,5.6772437,-40.32652,6.780577,-27.73535,2.1901014,-28.059868,4.0563054,-25.992496,57.145752,20.45576,14.537166,10.630249,10.874121,9.052191,9.621133,8.121485,8.148947,7.144878,7.129395,7.6928945,7.5249557,0.037429918,0.24271996447215777,7415.388107723419,5513.236699264545
5-156999-A-19.wav,thunderstorm,-257.0719,175.36652,10.843612,0.68962985,17.413351,8.819307,6.347074,5.5955896,4.8232803,5.3046646,4.7007337,4.5606995,3.9702175,88.63545,51.71988,25.420547,16.757122,9.607731,9.096644,9.709296,7.512224,6.8504143,6.8606157,5.741541,5.370802,5.50436,0.11600023,0.02025064348897912,1116.5283261205625,1645.905413710394
5-156999-B-19.wav,thunderstorm,-281.34915,178.83102,83.67775,23.079912,9.743527,14.946627,17.987507,14.577022,8.514655,5.8070226,7.5314345,9.105226,8.000396,34.76274,26.505733,13.8104105,15.356948,16.485378,9.61763,5.417159,5.32693,7.387471,6.427124,4.6513677,4.5501328,4.5086985,0.46034068,0.005926216284802784,296.25617659252845,768.4915332335044
5-156999-C-19.wav,thunderstorm,-220.75656,205.44725,43.31342,4.2423077,18.727995,16.77669,10.2244835,8.541256,9.141251,8.55944,7.008901,6.0291123,6.174236,42.43581,17.88639,28.692112,13.065782,13.168501,7.917914,6.709675,5.968862,5.7469964,5.492177,5.312456,4.962845,4.6796393,0.44213212,0.0065878317140371226,459.73238364118555,999.8011772451812
5-156999-D-19.wav,thunderstorm,-291.4991,167.01909,79.47464,30.40175,20.229301,19.878168,17.120243,13.3165245,12.123022,12.059449,10.360044,8.020799,6.917383,50.104485,42.62975,16.607292,6.826214,8.633568,8.538242,6.8926845,5.892937,6.158967,6.533366,6.59218,5.6708694,4.8723307,0.405105,0.00443304995649652,295.9625162031158,990.7197816284189
5-156999-E-19.wav,thunderstorm,-132.87073,224.95879,1.1968035,12.226989,7.3783197,1.5901244,6.8225036,2.773172,2.2169292,6.982469,5.736237,0.64452726,4.681869,66.57277,26.97863,33.97036,19.142416,11.269076,8.122828,6.872335,6.459963,6.2178345,5.234893,5.0746837,4.7476125,5.383414,0.4074474,0.01769254821635731,927.969810018375,1433.692741189303
5-157204-A-16.wav,wind,-263.08078,169.58827,-40.30891,39.33068,-0.6369161,-4.0544276,25.461868,16.253952,6.286978,8.716644,9.491742,-6.450403,5.3439784,17.79322,6.5575614,7.0579267,9.304564,5.5077515,4.388488,3.9836478,3.8952153,6.7462573,3.987763,5.031505,4.7867126,4.2877593,0.084614746,0.029733042705916472,1665.1232345036622,2275.464415812954
5-157204-B-16.wav,wind,-265.6423,173.3472,-44.672817,43.144714,-3.7228763,-2.6624782,24.258198,17.92138,5.0401025,7.970234,11.253893,-7.4984474,5.0279317,14.93063,6.539034,6.578622,7.4819794,5.2888293,4.236812,3.8418846,3.7412817,5.8470435,4.081276,4.6924496,4.716836,4.1257205,0.081364304,0.03573063188805104,1723.9460871235015,2294.7215930998655
5-160551-A-42.wav,siren,-189.81995,164.74861,-31.37031,7.229508,-14.032759,8.715209,3.6514018,14.184232,7.18347,0.8277078,-4.672731,-0.028642057,6.631156,10.390402,7.6111827,7.067618,6.9291844,7.2761006,8.0812235,7.9580564,7.9489865,9.156545,9.957175,8.408486,9.439169,10.22406,0.15249886,0.05571617604408353,1966.5598398535135,2461.6720887436304
5-160614-A-48.wav,fireworks,-368.196,138.62338,-64.17154,39.404774,-8.878259,31.76634,-12.265385,4.674019,14.010441,-6.76564,-5.513635,2.8720386,11.1212435,86.83635,24.861685,35.115963,22.251774,17.104969,10.832792,10.738369,8.212744,13.632349,9.687787,7.9383006,7.6376877,10.055579,0.018474823,0.11900354372099768,3076.1454527966175,2751.0547228644864
5-160614-B-48.wav,fireworks,-262.17166,159.21329,-94.66829,29.624685,-28.777702,34.09824,-10.326896,-0.19401933,0.3747888,-7.5711026,-9.069956,-2.323978,5.7535024,73.821014,16.4015,9.507766,9.646461,15.614171,8.731435,7.0293145,7.9809923,15.769929,5.948079,6.447296,5.9151993,8.898898,0.03652415,0.10747512144721577,2885.390267702608,2509.299831403376
5-160614-C-48.wav,fireworks,-393.72595,131.87598,-53.208744,50.42017,-7.3395095,28.865238,-10.867791,5.1595936,18.38155,-1.9747626,-8.543399,3.9883623,14.738173,60.14102,35.296844,18.701893,26.507153,14.045727,14.697023,16.854717,9.549718,11.238596,8.206649,8.78749,8.062742,10.049705,0.01428126,0.11915988435324826,3352.2057439724617,2887.011129345519
5-160614-D-48.wav,fireworks,-323.05176,107.605125,-62.728756,27.701996,-6.9797482,25.706764,-5.6126323,-0.038031593,17.770666,-5.5249867,-2.8522909,0.74680746,11.495661,74.17073,18.330587,11.958948,14.40783,16.486399,8.545264,9.670787,8.2028,11.369738,8.358881,7.173429,7.689696,9.781597,0.020046683,0.13846002211426914,3688.6885736106588,2993.4904119642406
5-160614-E-48.wav,fireworks,-342.03973,151.56438,-43.375507,45.01359,-9.1318865,27.300596,9.388855,4.350735,8.673364,-1.2101989,2.9175096,4.830271,5.761136,89.399155,23.540178,25.862274,14.431965,23.339008,12.088046,11.660024,8.606112,9.424816,7.085548,6.3556104,5.645126,5.941399,0.0195742,0.046228112311484916,2566.0724510730183,2845.819105439758
5-160614-F-48.wav,fireworks,-361.85208,153.37193,-68.49206,40.845287,-3.3171782,36.35287,-0.1453189,3.4401221,19.03226,-0.7224024,-1.7923815,2.8820767,13.298848,66.89108,17.542587,17.877121,17.908785,16.699142,10.246624,10.399431,8.706772,13.985552,6.595083,6.591542,6.5370874,8.827269,0.017314969,0.08493488072795824,2616.284511777123,2602.9132899957376
5-160614-G-48.wav,fireworks,-360.29645,166.56581,-59.8186,24.664207,-0.91147214,26.795946,6.70768,1.1604797,12.323387,-3.7344217,-2.1141129,2.5732312,7.8631616,85.10346,21.42294,22.534332,15.337003,22.84532,9.355815,10.385776,9.756737,14.796823,7.4326973,6.797359,8.383823,10.3340435,0.019317463,0.07630215886020882,2280.8765496947804,2340.44430238531
5-160614-H-48.wav,fireworks,-298.93555,150.71092,-73.32857,41.09706,-13.793239,29.885561,0.569775,-1.2958124,8.819697,-4.808157,-2.7895348,-2.310227,8.804437,68.854576,15.489807,17.824057,12.91285,18.685598,7.7519617,9.615864,6.2029643,16.091276,5.6546044,6.6122494,6.254817,11.050362,0.022865498,0.0922047201276102,2874.1776879215736,2638.664678732359
5-161270-A-33.wav,door_wood_creaks,-346.03748,166.54419,-8.879659,29.024965,13.275556,16.77408,-1.7328078,13.460088,3.3301053,17.405733,-2.8028584,-0.5273336,-12.876588,70.522766,34.762226,34.230114,13.947871,8.346098,7.2410827,7.4654355,5.1346583,4.200964,4.4165053,5.015675,5.834608,5.6701865,0.027687019,0.028776872462296984,2011.0308333035048,3137.4561933123823
5-161270-B-33.wav,door_wood_creaks,-352.4776,169.4566,-6.566356,30.000206,13.967896,18.03419,-2.1064968,10.977323,0.6936913,17.25596,-2.70166,0.2079564,-15.885934,86.75711,43.25182,39.96664,16.217344,9.159391,6.8080645,7.600987,6.613381,5.1209173,4.2429805,3.8546188,7.69894,9.218388,0.02996034,0.028151509933294662,2058.39484836087,3151.221275909296
5-169983-A-5.wav,cat,-348.54105,132.65376,18.18751,35.827442,3.9052894,22.479902,12.534925,18.49904,2.8535833,7.4725003,-2.4233341,10.573881,-0.96370006,35.79743,20.682362,24.224215,15.571164,14.029852,10.982065,7.5165052,9.810228,10.379631,8.342231,6.141706,6.8843756,10.19824,0.038724814,0.026492939747679814,2211.959292035196,3950.3795095528108
5-170338-A-41.wav,chainsaw,-139.91464,171.3069,-56.43849,53.09605,-2.5799959,0.9565585,1.0037545,1.8165915,0.6584345,2.5876777,-0.68580353,-1.7978765,-0.7236303,42.2552,5.5141425,17.111876,9.153299,9.688583,4.6125774,5.2788806,5.6732655,5.053187,5.550234,4.363945,4.56309,4.394496,0.12653221,0.05251119308294663,2251.3762793055184,2449.404473517831
5-170338-B-41.wav,chainsaw,-86.67202,121.23463,-62.30989,52.78774,-29.93867,21.622295,-16.214203,17.61695,-11.909921,13.896609,-8.603286,-0.28905287,-5.5981464,21.46189,7.9436064,7.1715555,4.885978,4.870609,5.7378964,4.6817336,5.6083655,4.506091,4.6493354,6.424137,5.2298512,5.870535,0.1472581,0.08954013196055685,3710.2779391674044,3456.098542567696
5-171118-A-26.wav,laughing,-444.47476,113.69242,-16.475235,16.482262,-6.4010563,7.7194104,-3.342689,1.880517,-7.181089,-5.628497,3.4106944,-1.0065295,-2.101227,149.50912,71.30191,19.526222,14.343833,15.171982,9.180423,10.002985,5.491792,7.4750705,7.909987,6.684579,5.3814354,7.0070333,0.013383372,0.03785369235788863,1833.5068678232715,2277.7336585069634
5-171653-A-41.wav,chainsaw,-221.8043,82.21044,-12.313349,30.809433,-13.885491,8.918193,-5.9753685,5.8201222,-11.842238,9.3347845,-11.663518,0.1324053,-6.383584,226.45552,47.90679,17.693289,17.371357,15.314069,8.5511,7.5211306,8.272025,9.05151,9.985576,8.983489,5.8360925,8.088905,0.10774223,0.0862286561049884,3809.3409841058965,3995.3230057138294
5-172299-A-5.wav,cat,-316.9149,80.10374,-41.6534,-27.149237,9.02022,25.297533,5.790823,-3.5992985,9.491238,13.803052,-0.6691102,-6.7413936,-5.5947866,97.00061,23.640627,50.32599,30.678032,28.585188,17.179422,14.181685,10.05733,13.288349,12.915674,16.225855,9.543856,14.319078,0.20475732,0.07047110643851508,2064.7825559432877,1821.4440624096296
5-172639-A-5.wav,cat,-359.80692,71.32418,-24.432758,28.616901,2.6800735,8.814888,7.0100703,-2.274736,3.3036938,0.088404536,3.9911385,5.2468863,9.84386,130.88474,49.435116,46.747395,20.03938,18.835194,16.546944,13.596208,14.909877,8.57183,10.597631,9.618723,14.597766,12.118864,0.076529,0.06061031757540603,2828.1140832489577,3029.2425807346067
5-173568-A-33.wav,door_wood_creaks,-525.5539,11.809149,-4.369643,12.5416975,-5.7592626,7.2702336,-3.5875843,2.1441102,-0.6444057,4.972901,1.1730969,1.7009852,-1.238529,157.64517,29.51708,13.454735,25.171043,14.254462,14.825917,9.056621,6.1378546,4.766967,12.134586,5.7465487,6.6768627,6.8420935,0.021822086,0.03865578777552204,1110.88394888402,817.9980265535067
5-177034-A-18.wav,toilet_flush,-274.19635,125.39946,-31.766563,32.677933,-7.462399,13.986987,-19.483612,3.2394192,-4.6358314,-2.7578278,-2.6916854,0.35514048,-5.8720875,132.37065,24.575876,44.049038,11.338217,17.998665,6.935205,21.550177,6.1028347,10.581214,7.03813,7.990515,6.757818,6.176844,0.04262248,0.07294536687935035,3219.9442104324116,3729.097098880749
5-177614-A-5.wav,cat,-449.5262,37.628994,-11.749421,11.145323,13.02012,6.1422987,5.864579,2.4855354,6.149326,6.4876323,1.5333191,0.6510156,-2.221567,96.96747,41.23923,37.643703,15.714954,14.68055,9.563331,11.21303,8.036704,8.752612,9.349777,4.7719207,5.1707263,5.878963,0.027132574,0.024061729625870068,1110.8461895851704,1208.296501698222
5-177779-A-33.wav,door_wood_creaks,-472.48065,112.63769,-4.0609727,40.154194,-2.0637093,12.824173,-8.400309,0.9368806,-0.8877408,-0.12631923,-10.283024,-0.41337427,-8.832518,193.78035,32.801212,32.364014,12.909758,15.635997,7.4668355,16.062115,8.591727,9.851041,8.53398,13.004528,5.9369445,8.251735,0.008541218,0.03262534440255221,3627.1395182365613,4295.419244551352
5-177957-A-40.wav,helicopter,-254.54314,152.48454,31.947773,46.077644,12.050225,27.977621,15.936263,17.47151,11.402294,13.661903,-4.4641676,10.476489,15.945745,18.93983,11.7369795,4.4078574,5.8368764,5.5297885,4.274871,6.142198,5.0261235,4.64152,4.5155797,5.80239,8.319597,4.332448,0.2584265,0.005665648564385151,869.7633228908207,2319.126768728648
5-177957-B-40.wav,helicopter,-211.52025,159.95374,23.033009,62.73707,-9.195278,29.868883,13.76508,12.894714,12.038259,-0.36990774,12.415734,10.425532,-13.427684,19.864468,14.232828,4.8218117,6.830464,7.8749743,6.567494,6.0877137,4.723559,5.1415596,4.584467,5.0224967,4.0810604,4.746006,0.23921375,0.013213049231438515,1313.807139980687,2703.112405311868
5-177957-C-40.wav,helicopter,-230.98415,150.67973,21.894377,68.192024,-19.45148,39.597755,13.374076,9.392751,8.745688,11.338767,21.02273,-15.186463,14.770446,23.937252,10.802866,4.8236284,5.5062566,10.026786,7.5428677,7.639207,4.8389997,5.3745584,6.4799075,5.6867776,5.6562996,10.113229,0.2185119,0.0134770156612529,1484.4531724663207,2903.191034898549
5-177957-D-40.wav,helicopter,-249.03531,205.18689,27.847563,45.585392,8.793227,24.10303,23.979923,1.8840364,10.678029,8.351783,4.6923723,-2.853988,5.8043737,7.978518,5.8251767,4.8903646,5.7801514,6.4241924,4.623339,4.956424,4.270104,4.5227227,4.5293617,4.840133,5.30722,4.6094995,0.29140544,0.007001341357308585,530.1698325807075,1402.5588273515025
5-177957-E-40.wav,helicopter,-244.31036,191.76706,22.701645,51.58779,6.17375,32.91493,17.678574,1.662755,15.471854,7.0316195,-1.6629293,4.493212,5.022057,11.751801,9.787665,3.9796371,5.1185484,5.774645,5.3353453,4.3946404,4.4967527,4.0602365,4.2968693,6.073972,5.9055295,4.029157,0.2727134,0.007202998114849188,650.3575880031128,1706.4836558198854
5-178997-A-24.wav,coughing,-327.6936,46.267582,-7.563233,24.821758,3.833181,14.976146,9.365498,9.162339,-3.3285482,10.105718,-2.6634343,3.191593,-6.0765333,110.57881,16.016687,28.398972,14.517164,8.106039,14.255268,7.8689103,8.304159,11.144168,8.92882,7.646742,8.4762745,10.5115595,0.030709835,0.1997228918938515,6598.676518122497,5510.148075453177
5-179294-A-46.wav,church_bells,-310.95932,229.3691,-55.853058,16.935633,3.4517999,-6.5484295,-6.9790154,-2.7918432,-1.2957845,5.9848332,-3.788645,0.0009878916,0.8073534,19.069479,11.567489,9.371799,6.1107755,6.9662404,7.3016906,5.3729463,6.113378,5.1605973,4.246247,4.503991,5.296366,5.005512,0.0342403,0.0456095472012761,1447.4494444078043,1681.9440436513614
5-179496-A-16.wav,wind,-257.83157,198.75185,-21.998432,33.936626,11.663965,0.19917351,-5.9290943,-10.231518,6.1758113,3.8622718,-3.4289947,-10.609079,-1.086649,35.706818,5.777556,13.586266,6.9623027,9.894437,4.0742526,5.0423875,5.3415594,4.777294,4.6117606,4.4152894,4.7620163,4.0080886,0.098288536,0.02103574535962877,1170.471559512636,1837.8443559333064
5-179496-B-16.wav,wind,-164.1722,182.80144,-28.334753,39.190777,10.321923,-5.130046,-12.393224,-17.346495,7.617006,6.7539005,-3.1284008,-13.769368,-0.9322999,11.855527,5.0425434,5.4590573,4.298566,5.6607556,3.9632838,4.952726,5.057621,4.315993,4.085196,3.9594123,4.108472,3.9729998,0.29511887,0.024392537340487238,1322.5178618439497,1882.1456408856336
5-179860-A-43.wav,car_horn,-574.3029,51.271694,-8.989694,8.451548,-1.8456362,-1.1691381,-2.8872573,6.8218646,1.8505421,-0.5816934,-0.04105511,3.9513733,-0.60313064,170.63548,76.58556,19.436926,16.709251,5.7490597,3.5965326,9.538637,10.667819,4.2169876,3.6913252,2.7459702,6.59834,2.332528,0.011395427,0.024615719257540605,780.6180536029581,923.0195120218499
5-179863-A-43.wav,car_horn,-523.01245,63.023746,-7.3799553,12.504398,-0.29175302,0.31226742,-5.9717298,9.747511,1.4674118,0.5298151,-1.200258,2.8101797,-1.3099327,196.50185,82.190605,20.983091,23.86176,5.0572953,4.3261223,15.518164,12.590183,3.8201976,3.974529,4.332539,5.315418,2.7189307,0.022859719,0.030572523926914154,1110.2256538489758,1319.9230393602977
5-179865-A-43.wav,car_horn,-495.69086,86.28471,-16.921785,14.110653,-1.4486786,5.4906282,1.6058121,5.9823112,2.4542828,4.502374,-1.3559346,1.858686,0.34968874,187.45168,86.68321,21.38944,16.262062,9.085812,7.1081123,4.8838277,7.3301773,3.9824183,5.433714,4.830007,4.432458,2.7925308,0.022375729,0.023274361948955918,963.3986124698829,1270.203633203183
5-179866-A-43.wav,car_horn,-608.3095,62.319595,-5.668747,3.0405014,-2.4656923,5.367506,0.8354297,2.8946502,1.279958,4.621131,-0.24210806,2.2766,0.05906813,175.77171,85.053764,25.283007,8.65061,7.321385,8.212011,3.6710641,5.3254642,3.7081447,6.8117127,4.257991,4.165674,2.815162,0.0080306055,0.013659413065545243,671.0492402323222,1020.0121723063264
5-179868-A-43.wav,car_horn,-334.8275,183.54184,-16.077448,11.587664,-9.170152,4.150511,-3.1207924,7.9858036,5.653305,2.8550453,-3.6814022,2.0969677,-0.22599304,39.5347,19.278889,20.093542,16.86788,11.746183,9.369883,8.890518,7.124364,7.7816105,6.284987,6.1519303,8.695301,8.626348,0.033643905,0.04480858468677494,1718.0520384992783,2493.8271189369243
5-180156-A-43.wav,car_horn,-127.03464,192.10796,-61.803707,35.17652,-12.512806,3.2028446,8.785299,5.663977,10.091183,3.2727408,6.559161,4.9617443,2.0332313,24.872879,11.482781,8.624849,8.021793,8.289458,6.955215,8.384826,4.9849887,5.187111,5.4942822,5.0051517,4.6033044,4.783563,0.15643133,0.048956143053944315,1906.9296161910468,2177.736241285082
5-180156-B-43.wav,car_horn,-132.23894,184.0894,-52.55853,37.08931,-10.96087,11.426306,4.440404,12.59147,9.972788,-2.0073931,3.8676507,9.352681,1.3827049,42.640453,23.249512,13.364474,11.886331,11.9811,11.886013,9.404313,10.020637,6.249128,6.3972206,5.9158497,7.727211,5.8391967,0.17660686,0.05788002102668213,1986.9529478279442,2328.6168001789233
5-180156-C-43.wav,car_horn,-136.56267,202.57751,-58.415813,33.140663,-15.088082,11.418959,6.383946,10.88024,1.5900557,-0.2967334,1.3699772,4.018023,2.4838676,23.423126,15.372858,8.702944,8.539255,7.066453,5.602256,8.051902,5.599436,9.394609,5.5729585,7.2701697,5.9717574,6.559966,0.19160931,0.05736568300464037,1719.9687636636772,2036.9087811811846
5-180229-A-27.wav,brushing_teeth,-405.24384,55.18226,-48.42526,59.008976,-45.596268,7.3392262,-21.818146,34.20339,4.6105475,14.619968,15.471805,25.57081,0.44296485,77.71722,20.656374,25.018097,26.669146,15.805242,15.537116,18.698914,13.762277,14.548269,12.768453,12.161022,10.047246,10.442412,0.009090645,0.13511795787412992,5118.937683086505,3901.2814689509073
5-181458-A-33.wav,door_wood_creaks,-580.4459,95.952126,-17.140781,10.446868,16.288664,10.520412,8.165043,3.1918807,8.978941,7.5552087,4.889134,9.278942,12.031013,86.075264,35.94053,40.63147,16.824371,11.780652,10.305676,6.727044,6.7670765,10.333402,12.612231,8.36084,8.8965225,14.166449,0.006673588,0.03858214907192575,2261.4480718782947,3075.205760907172
5-181766-A-10.wav,rain,-148.86678,119.522766,-65.91586,32.742718,-57.536396,40.22506,-37.878456,28.154829,-23.466133,20.476925,-25.561413,10.835417,-9.720545,19.308073,22.176397,16.528845,13.646769,11.852442,11.439931,11.0896635,9.94603,8.780649,7.324669,6.6683974,5.7698655,4.992564,0.051643893,0.14826643162703015,4840.442009378561,4326.781506417027
5-181977-A-35.wav,washing_machine,-249.55981,150.3652,-54.35421,40.54209,-45.929977,29.79454,-29.82919,2.8843458,-13.544557,-14.13526,-11.051371,-20.573856,4.6942134,77.78649,24.083813,12.096787,10.187263,16.40052,6.9133096,7.818414,7.1132917,5.270756,6.145634,5.603949,5.7528925,4.4058366,0.035748422,0.07285133591937355,3135.4360022742317,3405.562815140815
5-182007-A-36.wav,vacuum_cleaner,-12.237456,74.259895,-26.151567,35.47979,-17.527267,17.669477,-27.674332,23.047985,-21.241499,-1.3839238,-17.288286,10.613719,-1.8584844,4.5161643,5.0050817,5.08908,4.7605047,4.8321834,4.74697,4.558688,4.348793,4.64612,4.2856236,4.7094355,4.209092,4.6558547,0.21130864,0.21508619127030162,5802.683334671,4724.702456323526
5-182010-A-36.wav,vacuum_cleaner,-0.44038126,59.012363,-19.857466,43.595036,-26.964985,23.870104,-36.859516,20.643335,-14.114258,9.878,-11.023347,-6.7187705,-25.871166,4.9671636,5.6528296,4.8922944,5.0201173,5.055205,4.8363905,4.8757854,4.842289,4.7732844,5.5149856,5.390107,4.7217793,4.763344,0.28422883,0.2922924068300464,6675.162335658984,4696.185739484955
5-182012-A-36.wav,vacuum_cleaner,-6.935436,59.01794,-7.261505,44.10057,-19.602142,22.991907,-38.80001,10.818245,-13.077758,-1.2748245,-8.838488,-10.190615,-23.153658,11.937406,5.803574,5.5143633,4.7504306,4.920924,4.8008466,4.3341393,4.2168283,4.2317724,4.934706,3.7954774,4.3817554,5.0266314,0.32319766,0.3452952798723898,6706.311741507246,4752.6225602461745
5-182404-A-18.wav,toilet_flush,-124.10923,118.695656,-65.24534,21.35823,-49.13418,19.926094,-23.6709,-0.17790304,-5.282571,-12.931459,1.9072067,-18.64362,-0.15031345,170.5462,32.57128,44.44481,20.717136,28.442684,14.358327,12.881515,6.651863,8.237145,8.624756,8.406019,9.776012,7.2903266,0.19670911,0.10865787231728538,3605.414219583161,3309.164226345599
5-184323-A-42.wav,siren,-349.35428,160.6137,15.094084,-30.721048,-21.164017,-18.19816,-15.694225,-9.805598,1.1680006,15.388275,20.43484,17.154375,9.200754,16.732788,6.576404,11.909956,6.975418,6.2491126,5.539389,4.577475,5.3686223,5.43069,5.1855264,4.630138,4.7625804,5.96761,0.12430253,0.03593908606438515,1182.5834292169498,1681.8717813395901
5-184871-A-24.wav,coughing,-329.89777,65.531,-7.220206,6.4879413,-19.860798,7.567784,-0.6962167,2.7336426,-11.075195,-4.767522,-7.634121,-9.009492,-4.36656,184.11266,54.726917,23.563519,14.948918,25.477173,10.127295,9.732155,11.283851,13.750684,10.611645,10.5963745,12.639414,11.157422,0.07247964,0.06289991480568445,3165.4394223555164,3477.5963706402026
5-185516-A-27.wav,brushing_teeth,-313.75595,59.412323,-65.40703,63.868782,-21.333187,40.51828,5.061692,18.30419,2.8828034,2.2486622,-7.289448,8.971534,-5.755642,52.65449,18.916561,24.916107,12.763854,13.314175,13.19784,10.566162,10.917441,7.9386373,9.0733595,7.1382914,6.719944,5.6747184,0.016464842,0.1971002211426914,5308.209026072714,3541.7101524483123
5-185579-A-41.wav,chainsaw,-116.770195,118.539734,-41.701885,39.101944,-39.74627,36.15799,-30.742899,21.417791,-24.898378,9.640867,-10.173955,2.6270523,-9.484025,91.87372,22.923056,27.157291,8.195454,15.286419,12.588915,7.831828,12.959587,11.160691,6.122411,6.5206847,6.503499,6.9752088,0.12047044,0.11941818626740139,4327.039237838901,4114.2351890545815
5-185579-B-41.wav,chainsaw,-71.33733,110.03511,-56.14839,38.06646,-33.782204,44.5612,-30.861513,19.269016,-27.003166,20.788546,-1.8389516,10.077189,-3.106964,34.961594,10.712354,13.316098,5.6264787,6.973311,6.328938,4.91871,7.12728,4.7434688,6.000581,5.260618,6.563819,5.9974184,0.2106164,0.07171390117459396,4202.945895981919,4170.600924787007
5-185908-A-18.wav,toilet_flush,-184.96208,92.61689,-65.92605,12.766626,-31.186815,-2.9985046,-27.193012,-5.520325,-20.59023,0.2694868,-17.631178,-2.8810196,-13.827842,93.6586,17.02783,11.811882,8.494612,13.566437,6.7975955,11.744123,6.938096,8.323197,5.67409,7.8699045,5.7240453,7.530956,0.053312555,0.12640253407772623,4251.47051984201,3950.2649478294743
5-186924-A-12.wav,crackling_fire,-118.65665,141.62207,-13.002311,68.34033,6.0077453,27.019917,19.167873,27.044065,10.826065,8.534876,4.2776637,8.321781,4.1441402,23.323833,17.193132,11.4927,8.960011,8.126213,6.8631396,5.7282643,5.8884034,5.0300627,5.0080814,4.8517804,5.060742,4.2118216,0.51550657,0.01174027515951276,1581.6518370541287,2797.43098393793
5-187201-A-4.wav,frog,-328.60782,113.691795,-48.049614,17.428612,32.986954,27.663227,-7.0831847,35.2896,26.74165,15.346359,-22.392807,10.707869,28.226639,26.542686,6.938387,26.101416,13.104229,10.487194,9.489316,5.9404216,9.773032,7.026925,8.311266,10.457775,8.407198,9.4465685,0.06474921,0.041118719185034805,2334.1814096142193,2903.1724549949336
5-187201-B-4.wav,frog,-322.87177,98.240845,-38.258625,7.890456,48.09346,20.993238,6.685533,31.41843,36.225235,7.5519996,-15.317891,5.18778,34.622887,24.300856,7.628306,22.454603,11.1113205,8.26058,9.869005,6.360922,9.13933,8.227921,9.437293,10.736042,8.976174,11.109448,0.12728144,0.02441066379060325,1835.4626918821693,2641.136943275604
5-187444-A-33.wav,door_wood_creaks,-187.01024,98.181694,-79.12591,46.155815,-31.838625,21.177292,-11.537659,20.654316,-11.2193775,10.084903,4.6265335,-0.4465683,-2.1512,55.13081,20.862192,12.392794,15.737783,11.667196,9.81663,9.162723,8.156523,8.273197,6.7994456,12.14203,9.221892,9.22524,0.075170696,0.10523537195475638,3721.597403174281,3284.2235428012364
5-187979-A-21.wav,sneezing,-541.3274,26.741009,-2.1722045,3.7430136,-0.31625798,2.2090008,-1.9541899,-1.2712852,-5.0589995,-1.8981298,-2.3311222,0.87375927,0.9019729,126.49665,41.47083,22.988111,8.470406,8.24765,6.584606,12.334729,7.159663,12.688343,5.4324193,5.2959633,3.8123956,5.1757812,0.010777393,0.058661724187935034,2022.686507328843,1849.8424604210745
5-188365-A-36.wav,vacuum_cleaner,2.483459,54.408154,-83.158,13.525514,-35.092133,19.159046,-32.558975,-2.0574553,-34.836884,-2.6988974,-27.9239,-7.9256377,-33.03853,3.884973,4.0804334,4.0483994,3.6582258,4.428174,4.0183067,4.1254816,3.9121282,3.520014,3.495383,3.5421126,3.3988106,3.212395,0.3131634,0.12472697034512761,5075.99252726221,4164.670474863776
5-188495-A-19.wav,thunderstorm,-494.86572,168.69882,87.003624,34.443264,12.489085,10.763676,16.442814,14.257826,8.0268,5.555737,6.476087,7.856945,6.679224,32.973072,32.325382,10.615938,15.718581,15.207578,6.8208895,5.1801534,4.614088,6.4574323,6.1459007,4.549809,3.763144,3.880211,0.03758729,0.004974577653712297,523.0325238641221,1823.4991232240272
5-188606-A-33.wav,door_wood_creaks,-677.56396,43.592537,-23.112532,7.524439,-4.451842,-2.72948,-9.786422,-1.0757873,-1.4037055,0.9096943,-5.516957,-4.719613,-4.1241794,227.40096,67.045944,45.972065,15.840307,11.616758,7.136491,18.254356,5.501213,3.6819031,4.3532405,8.9681,7.889281,6.785223,0.007860562,0.028042751232598608,1161.2925778586643,1062.4632719441956
5-188655-A-10.wav,rain,-163.04681,113.27482,-34.465908,74.13136,-56.157185,44.996143,-32.262512,34.666058,-18.120718,23.6519,-10.258613,10.076962,-1.8198364,14.42405,10.966781,8.280933,8.434425,6.7128553,5.82925,5.5297327,4.7745514,4.7725196,4.5011234,4.6379714,4.300553,3.9282813,0.05197431,0.16490537993039442,5402.936778742776,4459.104563458473
5-188716-A-46.wav,church_bells,-245.36525,229.28378,-59.127384,-4.3926644,2.5878038,-10.887338,-5.1091943,-19.152477,-17.965017,-15.269101,-11.65134,-8.131188,-5.066972,39.159798,10.924662,18.00696,12.738969,15.929983,6.9686623,6.798356,6.367266,6.485043,6.0648527,7.802188,5.5655456,6.014276,0.12281351,0.041719157845127613,1280.6985980708496,1242.45090658084
5-188796-A-45.wav,train,-119.897026,220.71332,-30.45554,24.61159,-11.586105,-4.2346416,-11.768098,0.30219954,-3.6921935,-1.2782049,-2.457664,-5.541489,-1.4432937,37.559128,11.545962,12.428428,9.453443,7.3595047,8.547586,5.9559965,5.599729,5.8155656,4.7110705,4.4891596,4.014586,4.5943966,0.24560124,0.031125380655452436,1312.9392934274663,1829.8192565350635
5-188945-A-45.wav,train,-109.90551,221.6532,-47.75721,19.576212,-15.714912,4.4839106,-12.618696,12.010906,-0.331709,4.2670183,1.4948499,3.0212197,2.8838475,13.301817,7.988027,6.807436,4.9163895,5.9357386,5.06819,4.792504,4.677418,4.7145243,4.3633785,4.545634,3.9734027,4.207219,0.2104982,0.03883365356728538,1477.0001809319044,1898.4270557198074
5-189212-A-12.wav,crackling_fire,-356.62946,90.965,55.63681,53.810867,-1.2979118,45.106747,-0.88499784,34.99726,2.9898531,17.405394,0.8548388,7.9535418,1.8512046,46.557533,33.84365,15.396699,10.342817,9.100043,7.0336633,7.974387,7.3856845,6.63708,6.0270743,5.63279,5.5504575,5.94603,0.041821074,0.032037367676914154,3704.4517463978123,4968.512583261626
5-189237-A-12.wav,crackling_fire,-609.3623,114.32679,20.260887,32.34883,-13.555352,1.3421043,-9.0858555,-1.0070692,-15.712843,1.2151686,-10.564503,-2.1653981,-9.677844,96.79088,30.072824,36.357113,12.714218,11.469495,10.147937,8.917208,7.310967,7.443435,6.536482,6.0200176,6.1506333,5.4848485,0.0018692221,0.06238897549303944,3829.7939547968645,4697.857493835522
5-189795-A-4.wav,frog,-204.89496,107.2354,-98.93888,-24.153515,5.976729,25.22465,-10.733197,-5.1302114,10.032904,10.799274,-1.7015265,3.2203074,-0.12399432,73.621735,29.337425,34.337624,13.777219,14.062477,9.457285,8.327867,11.545639,9.549221,13.7331,11.672679,7.7644715,9.241539,0.18531133,0.09378738580336426,2863.3472420189046,2489.4179207573216
5-191131-A-40.wav,helicopter,-257.97113,226.42137,7.324056,36.454887,2.076793,25.153944,-8.669038,-7.5426755,5.850652,-6.1942,7.3261175,-6.5420218,7.0562553,11.628335,10.344414,8.888508,8.741467,8.548705,7.49175,5.961214,5.412516,5.445598,5.5721445,5.104396,5.4968905,5.6229978,0.11595056,0.01556608903712297,831.2536566730678,1545.5148653443573
5-191497-A-33.wav,door_wood_creaks,-404.23038,141.44376,-17.819012,15.870226,0.6894592,8.352841,2.3502939,12.115759,0.62833446,4.790172,2.7908769,1.8051198,6.905218,112.56213,28.53343,49.986217,9.87985,14.426836,7.1843777,9.295884,5.686304,7.0321236,10.551002,8.360441,7.8593035,8.38383,0.020377485,0.03715015951276102,2420.274425296305,3464.046176579859
5-192191-A-19.wav,thunderstorm,-328.4726,187.77576,51.47084,33.34732,-1.9966218,-0.92122144,14.620439,3.865188,2.286485,2.2012513,6.212817,7.606369,4.3761306,40.71577,39.882126,12.745497,10.356042,11.720263,5.5037913,5.9073277,4.426473,5.160946,5.4064665,4.3551893,4.5525804,4.5525074,0.0929254,0.01120781068735499,851.2827347222151,1867.4420477220604
5-193339-A-10.wav,rain,-149.517,104.21957,-49.80931,91.62762,-36.963005,44.711422,-15.831206,24.113066,-11.453653,13.706931,-5.215357,5.3119144,0.12726022,12.864096,8.2297,8.8591175,8.081978,6.2514777,5.9401155,5.4669657,5.177762,4.979078,4.766482,4.456451,4.248331,4.3129444,0.06805202,0.15366811376160092,4830.722915399465,3707.8449855884915
5-193473-A-12.wav,crackling_fire,-357.13406,10.568219,14.199803,32.82279,-5.9466586,20.739393,-14.518373,12.682307,-9.859719,0.11364714,-4.2074246,1.6868435,-7.9681077,79.66545,21.751284,18.724234,10.491199,10.647518,10.037396,7.587408,6.181847,6.6309433,6.807764,6.9401593,6.3351088,6.863052,0.008531984,0.3504987039588167,9359.76690443572,5266.70761271218
5-193473-B-12.wav,crackling_fire,-408.34766,-3.9520583,9.462936,30.477066,-9.067827,20.295937,-16.665903,11.747006,-10.393906,-0.7109276,-4.8704357,1.5159218,-8.213326,61.998222,23.894396,19.214771,9.937376,9.994432,8.39012,7.2401843,6.009904,7.1415153,5.8987746,6.2673683,6.373478,5.4984646,0.006512483,0.40512389428654294,9752.439031966927,5048.651161199062
5-194533-A-21.wav,sneezing,-464.95093,37.584957,-7.298258,14.133508,-7.2129364,3.6860237,-1.314909,4.016271,-4.3648405,1.4299133,1.6570212,3.706129,-0.087218046,141.63368,35.98832,18.940947,16.459045,20.978212,12.941155,13.854296,8.628954,13.645987,6.9968476,5.9864283,6.172985,8.126602,0.01488513,0.08309844475058005,3506.0002992386044,3300.8652971399783
5-194892-A-10.wav,rain,-76.808334,130.91649,-60.885155,86.97984,-46.132545,42.52245,-17.281567,12.296957,-5.415603,7.9670076,-3.0959206,2.359105,2.9892,14.429102,13.1697035,10.444966,8.035765,6.216255,5.1964173,6.1100483,6.3666754,6.556153,6.989317,7.0308766,6.8853874,6.1969743,0.14141956,0.1432680630075406,4183.196330075693,3420.112246375249
5-194899-A-3.wav,cow,-406.28552,88.01559,-8.959952,-6.4146075,-14.893038,-12.472115,-14.518501,-8.216675,-7.958495,-4.974074,-2.611886,-4.271645,-1.3012956,138.31438,65.00494,28.196312,14.467024,14.913885,14.768023,16.36216,7.711563,8.83581,8.289898,7.0904236,10.225047,8.412098,0.040451176,0.10681463892111369,3829.0330604476826,3744.888237289401
5-194899-B-3.wav,cow,-355.45068,152.3966,-7.1167073,-26.158882,-13.253351,-11.453606,-6.972163,0.13921821,1.9250581,0.59241754,-1.0941595,-4.642279,-5.390302,132.80435,88.27828,28.042187,27.832153,16.033007,12.813818,9.682026,10.83402,10.992875,8.056353,6.5607824,6.5254536,5.4157057,0.10595951,0.0472692502900232,2316.3901640208774,2614.163312354398
5-194899-C-3.wav,cow,-447.01776,95.953445,-13.537198,-7.40977,3.1305103,-5.337965,-0.73763776,0.4905428,-4.3690133,-6.41246,-3.295686,-2.5736268,-6.475814,155.50555,97.570854,38.738773,23.61492,13.000022,19.51576,14.952233,10.1664915,10.448159,12.144425,8.962394,7.731394,10.127361,0.0508145,0.039711653494779585,2472.5140591707004,3021.060291407271
5-194899-D-3.wav,cow,-407.21207,133.06209,-41.564217,-17.15315,-20.94616,-12.032044,-18.75122,-10.513936,-6.754796,-12.527312,-4.013299,-7.727614,-5.356758,149.07253,80.06173,19.790346,22.290668,15.343848,14.881248,15.733663,7.9796114,11.194727,15.947711,10.340697,12.760515,7.7250013,0.043456767,0.06158008265661253,2396.6959111921196,2422.151419268476
5-194930-A-1.wav,rooster,-437.04102,70.09291,-6.266459,-13.03919,-14.132128,-5.4525948,1.0956992,-2.9304817,-7.779568,-5.5961666,-2.4719868,-1.4245231,6.089633,117.76725,65.07481,40.271927,35.18663,30.879826,16.752058,10.522804,13.241845,16.288841,11.456088,8.139787,11.582808,8.303088,0.065561034,0.04693617676914153,2762.684366422946,3805.1406326214037
5-194930-B-1.wav,rooster,-404.16895,81.24431,-24.587708,-16.182476,-10.025348,-10.780965,-7.011267,-6.2915545,-5.613275,-4.9772344,-2.1656568,5.573153,16.409996,114.20465,51.414955,58.823917,32.919308,20.357342,20.255764,12.891329,10.567657,9.847585,11.010979,12.027926,13.814564,17.672428,0.0889416,0.05347982526102088,2591.31546773428,3343.6766028048605
5-194932-A-7.wav,insects,-309.73047,136.85353,4.39241,28.756205,-14.993731,15.625559,-2.3551137,4.970036,-10.98077,5.008011,-19.40484,-13.364965,-13.146428,46.222885,25.53804,14.445012,12.572138,7.0643077,6.140183,8.653966,5.6797504,7.368001,8.51198,5.792397,5.1068306,6.039423,0.05809328,0.023199590342227377,2153.7813632034126,3286.6549437433337
5-195517-A-7.wav,insects,-427.38855,73.80736,10.855528,26.955347,-9.036298,30.105473,-11.119134,13.589137,-9.571137,16.821268,2.9734917,4.796889,-13.267839,69.087364,19.15825,10.318949,8.1859255,11.878221,12.075981,10.039186,5.6642175,8.239298,8.624245,6.642899,5.604896,10.525499,0.0062527116,0.14174317539153133,5853.533761247196,5314.6397888447045
5-195518-A-7.wav,insects,-189.11427,69.05258,21.548191,37.64479,-15.130642,20.337444,-20.678543,16.146841,-2.64285,19.28125,0.6824594,-1.1638905,-11.958409,29.306444,36.34775,12.673878,13.560249,10.452713,11.22751,8.382576,7.5800514,8.804952,9.894326,6.616743,5.637375,6.888786,0.090609945,0.13413912956786542,5738.072393481837,5033.884455193623
5-195557-A-19.wav,thunderstorm,-279.63586,210.37366,22.280512,14.316037,6.00363,7.72983,10.079616,-2.4629655,4.3336353,-2.3561032,-3.1591234,5.318856,2.7660797,41.63157,27.899645,12.015537,9.96323,6.0689354,5.001636,5.974771,7.026423,4.5710034,4.4903936,4.3663907,5.310689,4.7265673,0.10525757,0.01633193155452436,848.762170818351,1542.3565694657802
5-195710-A-10.wav,rain,-210.04253,123.36047,-43.367123,51.317604,-27.141485,44.361736,-19.24511,22.06766,-11.2786875,12.8157215,-5.6329174,7.2434635,-2.489971,10.078705,6.210703,5.937871,5.1457767,4.9814286,4.799245,4.631146,4.4185085,4.3260694,4.702793,4.0885754,4.230429,4.301174,0.03766343,0.09379191741589327,3863.5749838837805,3955.2114052834813
5-197118-A-45.wav,train,-232.63762,134.01675,-25.342518,55.8751,-20.898561,18.697573,-22.681274,16.185696,-8.420542,8.061863,-3.8398778,1.8346018,-3.3757088,55.978985,39.83828,13.61452,15.507852,8.994654,9.2616005,6.8734727,8.22534,5.285392,6.2568555,5.7330356,5.450688,4.861328,0.039249014,0.09357326711136892,3383.215761907614,3541.9662032237243
5-197121-A-45.wav,train,-218.20297,122.00122,-31.121605,46.60877,-19.811695,15.119531,-24.858587,13.739381,-8.533328,11.541834,-6.647014,0.9339826,-9.326719,39.621597,21.85296,15.144694,11.408492,10.732892,6.1455083,6.2787976,5.36155,5.936763,5.209689,5.043368,4.788115,5.5898805,0.032085795,0.10965142836426914,3886.4544311303057,3998.3655464556477
5-197121-B-45.wav,train,-219.05986,167.98775,-43.628876,34.035946,-19.275406,-0.21109845,-12.692165,0.6546948,0.7196456,-7.942607,4.940974,-10.0959215,-5.2373943,54.15657,15.703722,8.950885,8.763646,8.455289,6.9071817,6.7290745,5.603277,5.827583,4.781346,4.536353,4.262894,4.5705805,0.05476259,0.05664628951566125,2276.2580076023,2623.623018015794
5-197446-A-7.wav,insects,-192.94225,125.17196,-6.0630665,11.702586,-19.882994,8.789175,-10.634496,9.867355,-15.253513,-4.3115573,-17.476118,-3.380553,-14.508975,37.783073,14.759154,11.719521,9.069268,6.225886,5.834582,5.817408,5.3477554,5.5959344,4.9181633,5.194191,5.0943966,4.5398493,0.05346426,0.06568798941415313,3558.308531320122,4465.360349075474
5-197913-A-18.wav,toilet_flush,-196.76686,92.07402,-24.55732,24.032967,-12.990522,20.072092,-18.468676,13.74074,-10.903883,2.1156466,-4.5100765,-2.815931,-10.4091835,144.7363,26.395123,22.957165,17.099283,18.190449,12.494503,13.294777,9.398513,12.12297,7.9630046,7.424072,7.7110543,9.050917,0.084395155,0.11633215813515081,4671.541787360234,4489.720228303634
5-197988-A-46.wav,church_bells,-246.8461,141.98863,-7.0527954,0.53840065,-5.26582,-3.0960464,-31.240692,-2.2296698,-2.8622139,18.558567,3.953827,11.065412,3.3447132,42.05723,13.686723,37.14094,11.020177,7.6021013,7.4087677,7.819506,11.728344,8.329237,10.589703,5.619441,8.239846,6.162756,0.080974326,0.04428744924593968,2345.3933723397304,3583.793524898096
5-198278-A-7.wav,insects,-117.10345,104.9911,-19.0605,38.104908,-41.027397,27.52331,-30.733894,16.216162,-24.164131,5.652374,-21.91066,3.9426968,-19.8601,26.08545,15.304576,7.73177,5.615542,5.835235,5.3661594,5.731002,4.9079266,5.1517816,4.7647457,4.620074,4.549836,4.752673,0.09229511,0.11443227958236658,4794.272694616309,4579.794247746693
5-198278-B-7.wav,insects,-134.20595,110.74393,-15.789743,32.787086,-36.14108,25.630342,-25.402464,14.900336,-19.058887,4.9127164,-17.585855,3.7104127,-17.557219,15.222167,6.918174,6.1796775,5.6217914,6.8371816,5.916496,4.7113357,5.156835,4.5807667,4.5577517,4.884644,4.666075,5.1012635,0.07897836,0.09520691342807425,4398.183473989529,4548.920218276652
5-198278-C-7.wav,insects,-140.93088,112.4634,-16.132364,36.014618,-35.63644,27.789248,-27.421171,18.109907,-20.743238,5.125033,-19.307007,4.386154,-19.015553,12.350991,7.1648865,6.0001407,5.198666,5.948697,5.9496384,5.5156603,5.6546054,4.841756,5.037324,4.4598603,4.6929073,5.1273293,0.07666053,0.09056427639211137,4393.719581923033,4569.960383567428
5-198321-A-10.wav,rain,-118.45461,130.19318,-73.32835,62.8235,-48.079132,44.50162,-41.69909,37.69458,-27.555725,14.760123,-13.636831,5.9098496,-7.4094763,7.862577,6.6534433,5.6367283,5.8338113,5.250581,4.513114,4.81147,4.875572,4.548745,4.4220343,4.1539054,3.8719294,3.8367372,0.0713601,0.14819732453596288,4480.884229291454,3907.1835447579165
5-198373-A-46.wav,church_bells,-248.58092,236.61902,43.72436,0.4856415,15.680861,7.4514165,5.5529394,7.444787,2.8121212,0.7527064,-2.6884127,-4.1127696,-0.6761844,27.482231,15.293949,13.415197,7.9699416,6.013799,5.7148266,5.474383,5.122949,4.5636373,5.5501146,5.8744216,4.8739343,4.4219465,0.24800773,0.01736174050174014,565.0447834135166,895.5139565880017
5-198411-A-20.wav,crying_baby,-316.65045,83.05376,-68.35038,22.267992,-18.849312,18.793592,-11.415158,5.3741536,-7.1480637,4.3309484,7.734881,-1.5622411,7.961416,129.23883,29.736889,54.177814,20.03538,16.271729,22.82707,17.420961,13.600702,12.709228,12.36946,13.125999,11.7135315,10.965738,0.05705509,0.07807741806844548,3231.5428976098183,3132.9223801303706
5-198411-B-20.wav,crying_baby,-300.87033,110.82744,-25.600077,34.427864,-7.8947177,-7.1986723,-9.786231,7.416934,-16.328913,10.7807,3.8368435,-5.5129037,18.35467,84.63417,38.672337,41.838326,26.445059,18.305191,23.877584,13.931922,12.776967,18.473045,11.748375,11.5047455,8.6484995,11.864338,0.062884025,0.05871043902262181,2764.139612749628,3156.7538317866465
5-198411-C-20.wav,crying_baby,-327.75644,140.79695,3.2331977,19.410795,-19.789658,-11.829797,-14.54456,-15.05419,-26.837938,-6.437109,5.495998,-5.942534,9.553822,48.277016,22.575678,15.544688,20.921389,16.382685,11.13199,15.144973,11.081793,10.566045,15.892714,10.37501,8.2267685,11.57177,0.069652654,0.03191841284802784,1866.707302748897,2790.0219972051177
5-198411-D-20.wav,crying_baby,-251.43982,120.89341,-58.196243,28.573732,-23.002712,2.5783434,-27.740211,0.25575912,-18.186918,11.007265,-1.4208673,-4.365761,19.1989,114.06307,25.972168,50.37858,22.557386,14.537364,23.71929,15.580063,11.621383,12.2081995,13.658881,8.759025,7.8378386,11.63443,0.084899604,0.07153263667343387,2891.1380231761204,3001.2386998316215
5-198411-E-20.wav,crying_baby,-235.2503,120.55535,-27.499361,38.383728,-19.171873,-20.394608,-14.689122,12.667003,-28.682842,2.4043703,-5.08451,-9.127394,26.564293,51.18539,34.471214,22.061342,18.303854,14.212796,11.8137,12.751858,14.224944,10.245566,12.686566,10.890847,9.851365,11.898032,0.12768619,0.05508741480568446,2735.874940643582,3121.201363177976
5-198411-F-20.wav,crying_baby,-301.8545,58.188736,-77.35039,0.5332369,-2.0817049,21.378534,-13.279893,1.9170791,-7.478348,16.042381,12.895117,-0.527317,7.0365934,93.24079,30.772993,51.2981,16.79932,18.565573,27.17545,13.458187,11.296164,12.969267,13.802456,10.815491,12.400564,16.120338,0.07879295,0.09423941415313225,3516.4232572029928,3170.6347453286317
5-198411-G-20.wav,crying_baby,-347.23636,112.42416,-6.2324247,24.028078,-8.370669,-14.244193,-5.683982,2.079573,-12.580196,7.5292716,10.012786,-4.000151,25.59576,78.32311,25.118063,26.378298,16.393404,19.810043,21.687683,13.607358,12.274327,16.602453,12.375923,8.14687,16.138216,14.011456,0.050929226,0.04556649688225058,2530.111208278929,3198.568228729104
5-198600-A-45.wav,train,-91.23635,191.01787,-23.319666,41.110092,1.7678595,22.343029,-8.088981,8.81384,-5.593331,2.6988358,-0.12649022,-2.2144654,-0.3556718,37.09993,8.25732,11.505973,6.2145624,7.3250594,5.145935,6.127139,6.034642,4.786372,5.944178,4.899216,5.165402,4.8987913,0.3092426,0.02717381453016241,1543.614830920329,2401.0009484485045
5-198891-A-8.wav,sheep,-335.70352,120.35171,-38.69392,12.940159,-8.883297,14.013923,-11.790085,7.707824,4.946037,7.9371657,-4.8120017,-4.220649,-0.63365465,85.02178,28.802345,26.77146,12.357269,14.317623,10.236846,12.580635,6.3424454,7.7013464,11.92893,6.651246,11.462521,9.578138,0.028733397,0.0949214218387471,3521.095247752862,3667.7234257341684
5-198891-B-8.wav,sheep,-343.30713,109.59882,-47.03368,16.577627,-8.425207,15.440573,-21.589817,-1.2295735,3.906196,8.251334,-7.961178,-1.2200222,0.086491704,75.29036,32.523914,33.109367,15.63035,14.342033,6.133036,13.742104,7.7045693,6.9142733,10.997099,8.634672,7.9650493,7.118853,0.022408828,0.1122242513776102,3941.73850591331,3782.5434684219053
5-198891-C-8.wav,sheep,-325.00388,118.509026,-49.17985,2.2859015,-16.189362,-0.4598238,-16.225363,-1.0989821,-0.3983691,-0.92823356,-6.2486734,-2.4649825,1.9955367,76.11962,26.191952,28.872318,15.932719,10.940063,7.0804276,11.907528,9.0077915,7.458744,14.110993,8.179568,8.292829,9.478027,0.02719345,0.08492015298723898,3461.6549676436416,3603.7110758103227
5-198891-D-8.wav,sheep,-290.31403,111.67236,-52.42206,13.004812,-24.077192,7.232033,-19.460289,-3.6482913,-8.364709,-1.6100646,-5.231145,-8.285437,2.212744,82.43515,28.789457,32.952896,16.498894,8.914739,9.090864,7.8689747,7.8368335,7.564722,8.938387,8.318237,9.100277,7.8989816,0.032208953,0.10696418213457076,3725.8458803294084,3479.078917185609
5-199284-A-45.wav,train,-247.24652,162.69537,14.571971,16.241388,17.369982,5.39919,-1.4149371,4.209535,-1.2901815,9.864426,-1.609614,5.9711857,-10.818769,18.400978,13.049657,13.556321,9.798491,8.228371,6.0789695,4.7105117,4.8112054,4.4627414,4.7076483,4.452252,5.131871,5.273209,0.05460213,0.06363290313225058,2829.7477037371646,4694.657850945892
5-199284-B-45.wav,train,-41.679016,105.75792,1.5871425,36.42434,-10.868773,29.290344,-23.239628,12.122075,-22.86237,17.306084,-19.240328,12.796039,-17.763775,22.57021,14.531332,7.962676,8.533152,7.126261,5.512769,4.2808046,4.7048445,4.305468,4.028457,4.38145,4.493922,4.4860654,0.19327034,0.11671961100638051,5006.034172276735,5279.199530809571
5-200329-A-8.wav,sheep,-451.4388,161.73532,-31.472218,12.56407,-10.971449,15.095372,-15.24389,0.9488206,-3.8194127,11.228119,3.622045,-1.4145298,-0.4694204,70.6644,37.034184,36.208164,17.9272,11.359242,9.123121,8.649621,11.19065,8.060088,8.414785,10.852956,7.6137066,7.3947783,0.008392911,0.057344157845127613,2559.8703643548793,3026.083077926637
5-200329-B-8.wav,sheep,-451.72064,170.48575,-31.0048,7.732639,-4.529938,28.098898,-2.4602175,6.519929,-6.0244594,8.57604,5.112709,7.5808897,6.243137,51.968975,23.241367,32.62833,20.846617,9.269698,9.996279,11.227765,9.511775,11.866437,6.735322,6.696717,5.393519,5.608527,0.009856908,0.041867568155452436,1969.691538946327,2701.9379901763045
5-200329-C-8.wav,sheep,-499.6302,169.19058,-34.874702,12.024015,-2.7070417,27.821108,-19.486147,6.3555284,-9.261328,1.1202637,-8.252543,0.7778958,4.8316364,51.55347,26.57333,31.546371,16.46047,12.241489,14.269655,8.431035,14.047401,9.671952,6.9600296,8.545085,6.0671134,8.169622,0.005059312,0.0461941252175174,2263.7856586435446,2908.388230915535
5-200334-A-1.wav,rooster,-399.1321,53.282375,1.6363268,-15.251277,-29.746943,8.365563,-14.652356,-8.271784,-18.269238,-0.39892307,-9.926081,4.2687387,5.202689,144.46272,47.796616,40.280144,31.08163,41.76468,10.846472,15.531411,15.049358,17.242231,6.4144664,9.676369,10.39146,17.08931,0.09992087,0.11119670823665893,3322.390260728537,3121.8209503161333
5-200334-B-1.wav,rooster,-393.8014,39.18617,-0.72345775,-9.141823,-21.02541,4.4115686,-11.097915,-0.98566,-15.31854,0.27394155,-6.764514,11.537198,6.9408917,119.95808,34.327667,40.282204,23.936464,32.253017,10.742815,13.0865,6.7008367,15.964957,6.2573524,7.922589,17.818169,20.234602,0.08032703,0.12712419337296985,3712.0492408393766,3304.2958297703676
5-200339-A-1.wav,rooster,-362.82114,72.88391,-19.625631,-26.916338,-21.066845,5.1840158,-12.285583,-14.946126,-16.852402,-5.962517,-8.649724,5.1452904,1.9774994,130.94463,48.22568,46.01589,30.772057,28.978567,9.982573,12.248139,14.678709,14.692947,6.063944,8.081143,12.502889,13.483431,0.10510032,0.07490755510440836,2580.752603050996,2821.0787622861767
5-200461-A-11.wav,sea_waves,-161.66638,151.56017,-64.1415,27.313007,-44.458107,19.550829,-24.228071,13.75544,-19.076923,9.21256,-13.4838085,1.4846859,-5.060734,36.24117,6.724272,14.671117,6.2548957,7.4979486,5.203119,5.9101157,4.92662,5.2390437,4.4210663,5.245586,3.9678888,4.0181623,0.063206024,0.08007019467807425,3018.736268968362,3234.408011031432
5-200461-B-11.wav,sea_waves,-128.33684,153.23257,-70.5639,31.991598,-51.047535,19.711912,-28.51253,15.318517,-23.566946,8.221414,-15.77876,1.0549015,-7.8918734,26.855057,10.91035,7.19217,6.167988,6.926747,5.1712,7.007424,4.801322,5.016668,5.1394253,5.339191,4.384999,4.6086287,0.08791781,0.08315622281032482,3087.517781412994,3229.574089827603
5-201170-A-46.wav,church_bells,-172.19986,217.27925,-51.285854,-6.2251916,-3.245089,-11.738009,-2.8598201,-5.000356,-5.409663,-0.40703306,6.308191,4.294325,5.3968673,19.784775,10.034236,12.097577,7.770643,6.389562,6.9590535,6.7248554,5.7112436,5.964722,5.6685195,5.3788586,7.1823926,6.2945323,0.17939687,0.045910899434454755,1431.6572385937243,1575.443065053295
5-201172-A-46.wav,church_bells,-188.3341,208.43384,-57.685406,20.602926,-7.5253897,-0.8713458,-8.6932125,-5.5708165,-7.66066,-2.9484854,-0.9386404,-9.718264,-2.0113983,28.895092,12.5683975,16.11456,10.36439,7.783852,7.272767,6.365222,5.948496,6.586744,5.846372,5.4808183,7.7529755,7.710469,0.118862346,0.04597547491299304,1618.917985700845,1852.4984230669477
5-201194-A-38.wav,clock_tick,-522.93774,117.79566,5.081354,22.487104,-16.748299,20.024134,-0.654387,4.403117,-5.8606615,4.000715,10.5949335,-5.6364355,-2.3709567,154.18773,18.557993,58.458355,11.520908,37.403877,10.718242,18.07976,15.325439,11.438191,12.227707,8.6539755,10.987097,10.475223,0.008003462,0.04868198049593968,2648.7528088147137,3412.8362960921786
5-201274-A-21.wav,sneezing,-491.4423,30.436153,-3.2704642,-2.1495101,-5.840291,-2.3862731,-1.194742,2.1114328,4.160074,4.7522383,2.9282591,-0.12629409,-2.7031744,107.99826,41.760128,27.972683,10.843957,10.06313,10.016628,8.940168,9.330938,7.623971,6.3381777,4.197482,3.1227431,4.392536,0.013751306,0.03533751450116009,1569.3206803422154,2089.386199337029
5-201664-A-18.wav,toilet_flush,-162.76503,114.81362,-47.211945,55.543476,-13.905297,27.263052,-24.391014,16.127548,-15.774534,4.37642,-7.3218465,-4.2076907,-7.0306587,75.24959,19.719582,21.940786,17.163332,11.664528,10.761071,14.375208,8.596586,8.734828,7.561957,8.27025,7.671307,7.467396,0.0816254,0.09651881525522042,3748.416625206324,3627.745687934397
5-202020-A-18.wav,toilet_flush,-193.50015,101.10179,-20.261433,5.885567,-6.4928775,17.501417,-10.502009,7.3248715,-3.8849163,4.232805,-11.86758,-1.3878424,-4.929396,121.5443,31.619585,24.457382,14.930036,14.09869,12.493786,12.058694,9.81571,14.344001,8.460345,9.455987,8.413782,8.669781,0.10827414,0.10198733867459396,4227.63879259229,4437.842611496901
5-202220-A-21.wav,sneezing,-420.93048,67.65301,-50.083252,7.208502,14.0865965,7.418015,-10.241554,7.0028267,-0.08356202,-1.7603885,3.1261127,8.260381,4.712323,162.92729,42.14855,53.851414,15.601499,14.743901,12.418239,23.449514,12.357337,11.105265,12.309445,13.067731,11.046343,10.685496,0.030186938,0.08302254024071926,3312.0056655517924,3588.3903083740033
5-202540-A-18.wav,toilet_flush,-233.8145,97.987175,-84.77779,19.899231,-14.239765,11.284932,-13.275033,10.946663,-25.113453,-4.4484267,-11.2180805,-0.914263,-7.2989993,101.65142,21.753109,31.725784,15.124885,13.44265,11.446113,9.988822,8.163221,10.330906,7.841692,9.661546,6.923635,8.268281,0.04860204,0.10228982381090487,3538.6649203142,3280.706140331843
5-202795-A-3.wav,cow,-271.06616,189.55746,-11.726998,-3.5926414,-8.060255,-11.736885,-8.498818,4.0778985,-0.5090382,-4.357098,-2.4976509,-6.7237325,-6.679453,54.51998,32.96599,11.853254,11.025258,10.1902895,7.4776964,7.1345344,8.263097,8.384564,6.881426,7.0302253,13.321946,7.123128,0.09546773,0.03255963602088167,1607.5323250227145,2328.250300213616
5-202898-A-10.wav,rain,-82.56143,-13.8505125,-20.53547,16.365183,-6.2620974,24.88381,-4.8896623,19.68451,4.4418874,7.955119,7.4652653,8.659947,5.1265974,15.767452,9.403212,7.5649033,7.623053,6.480204,6.175082,6.253783,5.9877925,5.4997983,4.9617386,5.5959163,5.9337845,4.975283,0.11224025,0.3343604988399072,8861.268800130461,5146.482322128431
5-203128-A-0.wav,dog,-360.111,96.70459,11.019874,-4.4619026,-15.150064,-10.79757,-11.475422,-4.7843637,-0.800431,0.46271992,4.7173634,7.874298,2.4261148,116.0135,53.40052,37.4257,24.388855,20.455612,13.813392,13.99936,10.440062,8.816159,10.8670225,6.941428,9.509471,9.92943,0.058664255,0.03872262906032482,2085.01647085257,2787.651959348755
5-203128-B-0.wav,dog,-331.0235,124.45006,-20.819723,-29.477537,-36.924534,-7.362142,-16.95549,-7.052091,-2.5750747,-8.872006,-0.7342525,7.77572,-0.95363325,110.69456,42.72343,46.247684,25.263868,23.740105,13.5215,13.770086,10.0423155,9.199678,11.541077,11.581042,12.881011,10.947244,0.07448977,0.05678110498839907,2225.0334167655164,2565.2981998814334
5-203739-A-10.wav,rain,-122.14733,112.82644,-67.76556,68.57852,-40.422592,37.64296,-26.242115,24.03265,-13.036524,11.419977,-4.283934,4.569712,-1.1690121,20.057764,14.678957,6.9658856,9.040146,8.297698,7.2674193,7.2607446,6.033516,5.4883733,5.07309,4.6489015,4.6088777,4.6753826,0.072019756,0.16528603538283063,4587.901093797618,3595.9711406924102
5-204114-A-29.wav,drinking_sipping,-415.58295,87.42593,-22.046558,30.430952,-6.242955,28.535738,-8.809452,14.609457,-10.301137,4.6114936,-9.953281,3.025923,-4.2576656,92.593414,31.383137,28.446735,16.105885,16.136084,12.673975,14.496147,11.475034,12.437596,11.222896,11.48905,8.414492,7.93093,0.008280162,0.08565540712006961,4508.423539834504,4503.663800721834
5-204352-A-13.wav,crickets,-386.71127,39.80556,-47.89366,83.75524,14.952835,-5.509189,-38.937374,34.842136,15.657791,-30.861967,-17.857409,38.200443,-8.096343,20.304882,12.168416,10.636257,14.199166,4.575728,4.107548,7.2335353,5.649114,4.0484734,6.711472,4.0252204,6.2991357,5.738231,0.09654152,0.1500949372824826,4020.9138603263714,2225.9939437190533
5-204352-B-13.wav,crickets,-394.3528,43.022972,-43.824795,77.98877,14.444756,-2.8928587,-38.195187,35.02558,16.485025,-28.432568,-15.905355,35.007904,-4.3468885,25.630123,15.407694,13.039242,16.251867,4.7319155,4.614556,9.661554,7.2050104,4.2192082,9.41105,3.794751,6.9654207,6.1273537,0.085663356,0.14977205988979117,4042.818834799315,2386.3440130645586
5-204604-A-24.wav,coughing,-411.53235,22.77074,-5.3751683,4.3445463,2.3330834,3.388294,4.2282825,-0.48140764,0.8293842,1.9256756,-1.0307486,-0.6106339,-2.4042273,128.1409,50.88264,23.103334,12.119528,5.6097484,8.218688,9.965071,5.897175,6.338287,4.8829803,5.630469,7.3808436,6.80229,0.042879406,0.029014782120069606,827.3458911761957,757.341081114984
5-204741-A-46.wav,church_bells,-427.63928,138.82915,-10.113706,44.574512,2.0156987,-20.807152,-10.837214,-11.801012,-7.1366334,9.029706,4.2481093,4.030273,-1.1471334,84.928566,16.325335,43.74835,18.248959,11.729362,12.276611,12.507832,9.980053,9.580824,5.53217,8.608295,7.3276343,6.5260043,0.046794023,0.029420361441415313,1489.037360818107,2248.407472717061
5-205090-A-32.wav,keyboard_typing,-504.59317,161.11963,3.0380225,0.1622171,11.290425,2.4862635,9.331427,12.069077,-0.55661523,6.6057467,13.131256,9.338,10.079669,37.99114,9.588143,16.053484,11.333953,6.6840177,7.6269655,6.8725157,7.1859646,6.08102,6.6187134,5.5776753,5.2172585,4.5843124,0.008629676,0.02088280343677494,1393.5724215147798,2437.6277995515034
5-205589-A-17.wav,pouring_water,-328.26248,42.291,-42.94623,-0.24513815,-46.846092,-9.851087,-32.97612,-0.5101236,-9.526778,11.848844,-11.919808,-3.1367593,-25.33659,102.60633,42.19593,30.86936,22.228615,21.976746,15.992085,18.300844,15.897539,13.685336,11.152134,12.846041,11.771758,11.98255,0.019451797,0.1373010622099768,6052.995503080733,4666.583655598197
5-205589-B-17.wav,pouring_water,-367.0612,40.16108,-46.110443,-9.029618,-49.2595,1.1509136,-16.267076,9.030643,-1.1568271,8.177654,-21.23536,-12.894057,-27.586065,74.56013,29.41091,19.814007,18.746124,18.69703,13.858749,18.729269,14.877799,10.460018,12.488704,10.523796,8.911033,10.512564,0.01271654,0.13901741045533642,6209.542952692322,4681.466706300254
5-205898-A-40.wav,helicopter,-152.19313,161.3481,13.022753,20.109959,-15.541948,35.91547,-12.982795,26.024464,-13.71254,9.716813,-1.4158051,14.497608,8.260382,8.554247,9.486073,6.399461,5.2613783,4.729224,4.4819727,5.087476,4.429145,3.9675682,5.4499397,5.0813665,5.418411,4.181823,0.16913259,0.0385764845562645,2289.7609399068915,3762.514558686418
5-207681-A-24.wav,coughing,-295.4354,55.337914,-7.656276,22.74555,-5.0972257,0.22563182,-14.390268,-13.575779,-14.905224,-10.6355,-5.9385853,7.2879477,-7.0343633,169.42256,37.727425,17.525757,20.577248,13.809771,11.161389,13.031005,12.775906,10.592457,9.745901,6.9225254,9.070723,9.0380125,0.07549433,0.12957239704176335,4688.454322854095,4217.922063389225
5-207781-A-17.wav,pouring_water,-477.28287,50.892265,-14.314684,11.422515,-10.115263,9.828925,-0.20768082,14.28428,3.1624575,11.064043,-6.3337646,8.54949,0.23726663,196.85736,51.47227,28.61527,24.871534,19.37659,16.124577,13.07847,16.030617,9.886312,13.818163,10.9202585,11.108481,7.6995115,0.01259426,0.048896099187935034,2750.0051040687426,2603.407565411505
5-207811-A-35.wav,washing_machine,-194.55104,163.02893,-43.511044,51.170616,-10.157504,36.13383,-7.5956883,30.530432,-12.437892,5.1486506,-9.04221,2.3527038,1.8880268,5.386283,5.2964196,5.0946627,4.6100163,4.296859,4.0730042,3.9510536,3.8659074,3.7153115,3.9414008,3.8579588,3.6949415,3.8403957,0.076268144,0.0348718913138051,2318.618615703278,3071.5261114207415
5-207811-B-35.wav,washing_machine,-114.51515,139.19812,5.081289,49.776596,-28.887856,34.202805,-26.10531,35.648174,-12.017751,2.387489,6.0480065,6.333704,-10.251792,6.6300893,4.8918033,4.894083,4.574163,5.4873548,4.4144645,4.5646567,4.2186675,3.8259914,4.296327,4.8264523,4.6098666,4.2731256,0.19187549,0.0731436249274942,3101.4018232668445,4135.234424650482
5-207836-A-29.wav,drinking_sipping,-369.60403,99.61231,-36.949215,26.67807,-5.2963924,27.831476,-4.009982,23.177332,-13.592387,10.076673,-12.420134,4.907523,-5.3219824,81.07062,26.727205,27.726683,14.208488,15.197353,11.497493,9.207799,9.735156,12.681063,8.08134,9.38026,8.241643,7.283756,0.010215635,0.11768597737819025,4423.556959796105,4332.405386631258
5-207836-B-29.wav,drinking_sipping,-372.97766,106.014626,-3.1000183,31.869793,6.7456417,28.58287,1.4795401,23.224215,-3.6019106,13.328342,-4.1287866,3.4371855,-0.2577951,81.668335,27.199892,25.656555,15.949071,15.241672,9.471773,12.592028,8.549201,13.813615,6.6477456,9.713277,7.1540756,9.3231125,0.017335797,0.07679497172273782,3873.4958282983766,4415.282743064274
5-207836-C-29.wav,drinking_sipping,-382.99765,111.535255,-6.652794,28.883871,-1.7148798,5.615181,-11.094013,7.25061,-6.2546926,2.686462,2.9243152,3.929088,0.0021309908,91.41424,26.455423,30.206224,18.575146,17.979525,12.686653,22.801352,11.215595,15.34893,11.842407,8.352354,9.766137,9.232227,0.015422702,0.07689126848897912,3699.447002937137,4214.7135186868745
5-207836-D-29.wav,drinking_sipping,-385.12216,134.5631,7.1799865,22.698046,-0.1959186,10.327692,-8.934792,10.580378,2.434136,9.53961,0.339678,0.6222868,-5.3217916,69.769745,34.612312,28.5601,20.998034,16.21116,15.060807,18.203506,10.741415,13.203483,10.416879,7.839397,6.5673866,7.2731295,0.018953562,0.05128652479698376,2978.528531084368,3965.639481887058
5-208030-A-0.wav,dog,-234.37347,99.58019,-82.45767,-36.52465,-20.33646,7.463486,-2.0412247,2.6237578,-2.4310606,-3.7410705,-5.1839375,-4.8962927,-5.3535175,165.78204,55.84169,49.36601,38.605164,19.36119,16.756157,13.316464,14.02318,14.067014,12.234235,9.319528,8.910826,8.221847,0.20034918,0.10770510078306264,3310.541636665365,2843.422601795268
5-208624-A-38.wav,clock_tick,-472.48645,107.01962,-78.21105,0.35578817,-40.507725,34.937347,-38.089005,-7.820594,0.9281177,-1.3508233,8.831554,-21.004103,-0.76607555,102.52057,18.20944,38.93477,9.300609,23.44806,17.17534,20.008772,7.593718,10.44628,9.01568,9.046294,8.1446295,6.4281917,0.009223167,0.12109375,3816.03932052247,3495.9433810341848
5-208761-A-24.wav,coughing,-440.86972,103.179016,4.5851665,28.71521,-11.063275,17.206053,1.2181716,2.7124517,-6.0949364,-9.069007,-14.6680975,8.125487,-2.2555351,135.81628,29.628527,25.995083,12.128548,19.55404,11.207604,14.056335,9.551739,11.921592,10.194934,14.560224,10.114546,9.606843,0.0110746315,0.08287979444605569,3796.2614926523647,4264.929279535905
5-208810-A-11.wav,sea_waves,-102.40971,136.05713,-83.62063,34.949806,-44.85904,22.921417,-32.437138,20.897127,-25.614016,9.895327,-10.379094,1.6757051,-4.5423293,60.984383,11.471223,11.14052,8.821783,8.126162,6.032309,6.131941,5.769054,6.211119,4.767213,5.1647334,4.3303843,4.730361,0.10598608,0.11237719330046404,3622.7251806767395,3352.2306263340365
5-208810-B-11.wav,sea_waves,-120.12703,139.1371,-85.60889,40.104664,-49.0199,27.779589,-36.87251,24.356365,-28.734049,12.880357,-12.735452,2.2741024,-5.8591337,40.17251,9.553744,9.388726,7.0160823,7.162019,5.379635,6.653265,4.981771,5.816216,4.3459787,4.994368,4.602377,4.836376,0.08452523,0.11571472592807425,3700.7034557950014,3428.708025178833
5-209698-A-38.wav,clock_tick,-522.18195,43.567524,-48.20278,51.454082,-53.16623,8.279698,-39.830345,48.471523,-39.317883,-28.91999,-9.60055,6.8695426,2.796052,58.754456,31.189829,21.893696,21.929235,12.528793,14.489955,14.953702,18.933044,11.150068,9.181761,11.692353,7.2097077,9.808383,0.0050123287,0.22373703958816704,6271.6836939513305,4147.189475495771
5-209719-A-24.wav,coughing,-596.40656,16.20437,1.752023,3.4767618,1.1977383,3.695001,1.6988947,0.6436322,-0.14267583,0.28117442,-0.599878,1.6211339,0.788127,111.865585,46.277836,10.939703,8.108959,6.883545,8.810324,4.833432,4.7942743,5.7031827,4.9936385,6.62367,3.7790518,3.8003404,0.006922201,0.008937472810324826,616.9056065621286,868.968792015936
5-209833-A-38.wav,clock_tick,-499.77524,135.85052,-27.854738,-6.41861,-38.377792,3.4694052,12.1241255,-13.040016,-32.18975,23.209324,6.035056,-20.903805,-18.89495,96.24037,24.701738,47.66408,19.678326,13.731839,15.888904,20.481852,11.72469,12.561869,13.003326,10.259199,17.272316,9.178384,0.008053426,0.10990973027842227,3304.887750042926,3337.276256949893
5-209989-A-22.wav,clapping,-479.48993,124.16116,-38.419083,14.961925,-23.019966,13.275259,-3.5470376,7.6181254,-0.87592894,6.6183395,-0.52724695,9.69143,-1.4451445,107.24091,26.40501,26.724398,19.71696,19.780224,10.407753,14.449551,9.671281,10.545871,7.4218054,9.183844,7.875391,6.8900356,0.0041091554,0.06665208997969838,3457.7373298754073,3835.7406842352348
5-209992-A-44.wav,engine,-245.5978,219.29666,-52.02806,32.193012,-5.438866,-15.159932,24.003674,1.7587975,5.185578,14.421279,20.506199,10.589686,-4.7552814,11.022558,8.898748,6.3456593,7.448729,5.8558164,4.017065,3.796427,4.5439057,4.129393,3.7839031,4.4907503,3.6808982,3.969204,0.0975292,0.02012149253190255,1254.3525845432064,1689.893873394151
5-209992-B-44.wav,engine,-141.62518,234.6189,-48.12179,42.668022,-1.3486509,-8.737503,23.256285,6.572497,5.891034,8.896897,20.604418,4.8388853,-5.8908863,4.552242,4.635381,3.8715553,3.7611575,3.608165,3.2307875,3.3419414,3.3816876,3.5838997,3.604281,3.615431,3.586978,3.4670188,0.28498462,0.02103801116589327,1130.09655984044,1602.1331341931027
5-210540-A-13.wav,crickets,-290.96143,-9.878879,-133.66823,91.12641,-15.1441555,-32.49404,-0.120409384,-5.133048,-4.5301332,17.568542,-38.927296,-16.096054,7.465703,12.814388,6.291168,5.934805,6.0708103,7.6235275,6.311307,5.3796144,6.6928577,5.8598185,5.7517405,6.3629475,7.0512,4.730178,0.12644863,0.23672917270881672,5201.835037520313,1668.9858761142932
5-210571-A-38.wav,clock_tick,-698.1831,19.736092,-0.78346753,3.0819755,-1.5901504,0.24292347,-0.39136836,0.16466382,-0.2317956,1.5163815,2.0982242,1.9703723,-0.11777828,123.964905,46.04561,16.631214,10.210716,8.232379,5.661246,5.32356,4.129292,4.6637855,4.6190476,5.757532,5.572924,3.0562375,0.0020336881,0.37548488254060325,11033.74021146725,6134.657870813458
5-210612-A-37.wav,clock_alarm,-440.5235,73.30413,1.1554432,32.862606,0.46862978,44.847557,-1.0770458,11.463157,-16.611715,10.684919,8.934921,0.044014633,-22.324848,119.811615,35.75214,22.479385,14.791671,17.577593,21.673431,16.682585,7.3987308,17.281654,11.551458,12.560076,5.9263415,14.438852,0.124247186,0.17217861803944315,5174.208986506269,3848.4158477976607
5-211197-A-24.wav,coughing,-466.19077,71.64778,-0.0436635,0.4560391,-14.882368,15.275819,-4.7363706,3.9762018,-5.769502,-5.0094666,-4.519827,2.371035,3.994796,144.0722,39.690807,20.375961,18.316238,20.147287,16.166601,16.384941,11.775761,11.326113,12.790735,13.747577,9.764236,9.065382,0.012854523,0.1098791418938515,3926.8017429455804,4102.886226263544
5-211408-A-37.wav,clock_alarm,-183.41019,56.590687,-15.821999,33.493504,-29.006626,10.569784,-55.750076,9.663235,-41.59641,4.95628,-15.8500805,35.748825,-24.300491,16.020714,6.581739,6.3166175,6.218229,6.933842,6.1921196,5.4190383,4.61477,5.437202,4.845123,4.441536,4.6688576,5.380125,0.06443719,0.3084000235643852,7250.759597251383,5253.832986688444
5-212050-A-27.wav,brushing_teeth,-126.316154,5.6386213,-81.40682,20.39821,-42.68537,10.403642,4.6961784,54.700035,19.79038,16.397205,-14.4234495,14.625158,-3.421073,67.157776,19.487072,15.458521,9.630145,13.4207115,8.459896,9.183804,8.891806,7.1395316,5.713981,6.0721855,5.545576,6.720219,0.12064431,0.2125654818010441,6161.211215900524,4173.870025204829
5-212054-A-36.wav,vacuum_cleaner,-45.182163,135.94627,-98.51976,-14.486439,-36.413605,-3.1814203,-32.560505,-5.477557,-30.746954,4.0403943,-6.856372,12.111113,-5.453166,53.094036,11.031291,12.706621,7.3374853,8.267705,5.23864,7.406246,5.5709023,8.511781,4.7889223,4.8866477,5.112932,5.1469765,0.32320824,0.08545488326566125,2708.355482327889,2755.349805694763
5-212059-A-36.wav,vacuum_cleaner,-3.8776379,54.88228,-43.645664,16.306833,-26.005754,19.561703,-22.745445,12.026728,-24.165041,17.148226,-6.3465934,20.561535,-9.271986,58.139297,12.549414,8.781972,7.697794,6.7877383,6.003988,6.573165,5.831195,7.7923436,5.365091,4.858274,5.177832,5.0823574,0.23323138,0.2670139392401392,6330.552894255903,4897.3205567815
5-212181-A-38.wav,clock_tick,-614.14,101.29031,8.0526705,4.677234,-7.790034,-0.5186918,5.1964817,11.211626,7.4622235,6.805929,6.943564,2.195593,7.284238,139.0212,45.163513,55.877735,13.016089,15.380873,8.468772,8.494549,5.674429,11.414871,8.3513365,5.509925,6.723817,6.679911,0.0055786795,0.05434196454466357,3566.7307495066816,4499.0791398068395
5-212454-A-0.wav,dog,-366.30634,120.883934,12.040647,-3.4236152,-24.156542,-13.960711,-6.252333,-3.0401385,-11.999933,-6.3680506,-2.9636176,-8.900348,-15.759539,118.38467,49.659725,38.353817,11.553453,24.806658,15.181198,9.699182,8.522745,14.466205,11.260748,7.2557106,7.752851,10.495183,0.064817734,0.03064276392111369,1685.2386418534988,2635.8599565030213
5-212730-A-17.wav,pouring_water,-227.41331,88.81206,-22.37054,21.101572,-15.268059,17.659243,-4.823461,28.966244,-2.8542826,18.386967,-0.64382094,15.451123,-3.4378135,121.51247,39.348698,36.28356,20.89915,24.931715,21.269958,21.408085,15.629676,13.559152,14.173807,15.692634,13.133716,12.394767,0.06834831,0.08430045497389792,4461.965889641706,4419.982913661184
5-212734-A-17.wav,pouring_water,-281.48132,48.150856,-28.577715,-2.360071,-25.286612,3.948911,-5.439291,23.134485,-0.25173333,9.807416,-5.514862,7.253382,0.89957863,137.89775,38.749783,29.720615,20.896967,23.386694,18.360752,24.26582,20.067677,17.087336,15.723178,16.859451,15.293208,15.977036,0.0683097,0.12307293177204176,4698.362274035559,3861.7665064111766
5-212736-A-17.wav,pouring_water,-249.21019,115.62296,-49.744907,-2.88394,-29.948372,11.811435,4.9337726,18.051584,9.469581,-0.55182916,1.8845254,3.6990993,4.69006,80.26985,40.124,27.243088,30.795624,35.22367,28.122862,22.107306,14.018635,14.03191,18.795122,13.362107,10.548795,10.720322,0.08261227,0.05069401645881671,2806.130918366723,2922.7485711669046
5-213077-A-11.wav,sea_waves,-183.66438,157.09238,-29.412876,53.770824,7.6642337,23.499134,3.255574,19.792603,8.110447,8.371545,3.2437642,9.6499815,1.0425601,37.01699,9.575831,7.306001,5.20949,7.3797073,6.8276215,7.9500756,5.776667,5.3864083,5.608507,5.0010476,4.3485713,3.9918654,0.13275003,0.025471061122389792,1903.3259268998397,2812.6283288147265
5-213293-A-23.wav,breathing,-477.00073,140.363,-44.082726,16.871225,-7.111267,16.338274,1.6530285,9.498799,-9.541288,3.6930292,20.233864,8.606854,-16.455961,124.777054,27.346886,33.19414,17.47578,17.274221,8.873813,9.641739,6.842225,10.192234,6.123236,9.235588,4.571786,9.967766,0.00575262,0.07809327871229699,3107.0179602745857,3524.5706281920866
5-213802-A-12.wav,crackling_fire,-159.73532,57.867794,19.753849,59.832546,11.660657,46.44123,-3.491993,28.3896,1.7415322,11.947032,-2.583902,8.816017,-10.926273,10.650469,12.315173,9.861125,7.7767324,6.274741,6.554368,5.9711866,5.961156,6.301657,6.0829043,5.1264596,4.768162,4.561221,0.16286208,0.06500824753480279,5009.172104025323,5408.132620656913
5-213836-A-9.wav,crow,-257.86252,166.69244,-56.18063,26.342775,-8.148342,21.782888,14.222938,-0.84422183,7.2942467,5.992221,4.612994,13.931021,8.593344,74.660286,10.585423,49.453575,14.292126,15.916794,23.400387,8.575561,11.088393,10.6257715,5.230922,9.261058,5.0926676,6.2917266,0.07071143,0.04686706967807425,1975.849185883704,2408.198058560256
5-213836-B-9.wav,crow,-227.32928,168.00761,-79.948235,29.085588,-7.9314275,23.103466,9.218262,-0.55517703,2.4812138,9.036794,4.680019,13.269207,8.35495,72.8109,20.677654,47.023968,19.979902,15.643757,13.614416,8.164072,11.101326,8.728244,6.666115,6.667531,5.855465,7.579218,0.073602624,0.07111119670823667,2312.7083586344093,2287.05780258795
5-213836-C-9.wav,crow,-220.39845,177.72615,-65.97965,8.932717,-15.631491,33.968723,8.139994,-4.0325375,6.2030473,7.41666,-0.9332206,12.681138,17.990623,33.141388,12.403275,19.056465,11.271359,9.602763,7.0850472,7.4272,8.400549,7.574293,5.646016,5.398411,5.9215555,6.465078,0.07325865,0.0515516241299304,1960.9327374999536,2249.0994548970193
5-213836-D-9.wav,crow,-146.61508,175.44008,-110.436646,12.047347,-24.959229,36.229267,11.272538,-11.793192,14.145608,5.0135756,-3.1369982,13.962102,19.240034,35.09365,12.833595,16.392391,9.690884,11.55111,9.663222,7.1571493,8.2446165,7.240921,6.858895,5.521922,5.961183,5.915429,0.14625084,0.08089494815835267,2371.1962060942965,2025.7612114011147
5-213855-A-0.wav,dog,-326.88123,144.32233,6.4820504,-27.831026,-16.863832,7.512726,11.084623,10.340849,19.549652,15.883361,5.119963,-1.2877758,1.9579817,54.945908,20.584028,27.479605,18.333277,20.414446,8.533663,6.8625207,8.88906,12.004276,8.001393,7.571543,10.345905,7.725674,0.059067994,0.04198652298433875,1561.2073616789905,2162.5558232835233
5-214362-A-17.wav,pouring_water,-339.8359,95.71543,-57.80484,8.091152,-36.47748,18.960188,-17.374947,17.922068,-8.869981,0.12452758,1.1335858,4.145144,-8.119595,99.488945,32.425087,31.153101,20.0967,23.31954,16.321577,17.14743,14.762286,13.8094225,12.846384,12.63096,10.583759,9.244492,0.015605968,0.12779034041473317,4403.166358303792,3885.0637211185986
5-214759-A-5.wav,cat,-503.09836,52.96313,-25.471893,-9.270551,6.737726,4.941223,4.8085494,-7.085124,-9.216973,-3.8528914,-4.8253913,1.3921252,6.2991934,75.427795,26.078947,55.09117,21.611223,8.8945055,8.385896,8.445943,12.174878,10.114089,7.7047815,9.818418,11.678244,16.575867,0.04040182,0.08897594620069606,2984.6120086181445,2835.0736587326087
5-214759-B-5.wav,cat,-499.23666,51.39094,-23.69112,-9.718775,3.936133,5.8779616,8.737469,-3.384305,-6.4519467,-3.2932243,-6.719347,-2.0193439,3.8774457,72.77392,25.59995,48.060738,17.137651,6.6099386,7.8263206,9.56764,9.588329,10.575078,6.693654,12.47996,6.651313,12.535458,0.041462738,0.08608137869779582,2928.7828884962923,2842.605718298677
5-214869-A-9.wav,crow,-351.82526,154.4697,-115.2171,-0.5706405,-12.202695,33.46428,7.216525,10.109136,-16.457415,-3.3019264,-9.42093,8.14139,-3.7080173,27.28133,8.8838825,15.299897,7.7885685,7.1218457,4.925259,5.720045,5.489679,5.05423,4.70858,5.0903225,4.806939,4.7865443,0.018501127,0.08301121120939675,2489.336209925803,2092.4322136414617
5-215005-A-32.wav,keyboard_typing,-607.8948,92.84335,-26.227177,14.858863,33.435184,3.1219823,-8.211273,12.444588,10.630333,-4.4453263,-0.768132,17.032284,-3.911568,92.43801,29.871124,41.147835,11.277841,16.212475,9.592728,13.4837675,7.9870005,8.070329,8.894503,6.7972693,10.360501,6.7524076,0.0019880887,0.12615895990429235,5071.603821694491,5079.537073959309
5-215172-A-13.wav,crickets,-546.7055,77.377396,-4.681004,90.31297,-50.496147,68.96837,5.636228,-21.90296,17.790167,33.63583,-21.61169,15.193129,-14.896532,8.756931,8.207778,8.260767,6.275924,9.285617,6.433526,6.5668054,5.873014,6.1216455,5.169139,6.0853243,5.7499785,5.9097013,0.010486355,0.3055722973462877,6406.448197864409,2609.9489762403996
5-215179-A-13.wav,crickets,-374.38388,136.29137,-16.619385,47.49793,-24.683182,15.540505,18.827127,29.571495,-20.14915,28.634758,13.471965,-2.4046597,1.2494122,6.4970965,6.902302,5.777538,5.3526125,4.959046,4.570633,4.076167,4.248405,4.0965905,3.9431863,4.2146196,4.142337,4.489405,0.016667025,0.045164316270301624,2707.5557012550125,3507.7619518202896
5-215445-A-47.wav,airplane,-326.7926,276.67126,17.977367,-11.809442,-4.794244,-14.116501,-0.0036001538,-4.4938536,-11.001976,-4.6750298,-8.517559,-9.187609,-6.5338454,14.408787,10.963349,6.025417,6.453399,6.08052,5.1520753,5.130348,4.615077,4.639389,4.170136,4.020498,3.7189786,3.9871318,0.08452749,0.022020238181554526,721.3694493702798,1080.5137108175866
5-215447-A-47.wav,airplane,-405.29593,274.44104,31.024164,-13.737453,-5.4069505,-8.125378,-2.6933086,-1.0901886,-5.324918,1.2364228,-0.4422366,-1.1886854,-1.5367637,17.93171,14.417567,5.9329786,8.569247,6.360748,5.2015185,4.926831,4.688906,4.3384595,4.6079445,4.175022,4.5493536,4.2553744,0.036655463,0.02322564711426914,719.5260179108981,1224.3727817301822
5-215449-A-47.wav,airplane,-334.8122,281.12997,56.762905,-34.821594,-7.414017,12.983394,2.7281525,-2.7999628,-2.2847483,-4.331701,-5.0502443,-4.921429,-5.0895653,22.691845,13.924869,8.457972,8.500168,6.0233693,5.30965,6.2108607,4.919127,4.769573,4.851456,4.42669,4.283905,3.698246,0.10217689,0.019177784222737818,588.7809630125819,702.1019713840259
5-215634-A-17.wav,pouring_water,-396.63187,62.486282,-11.489679,29.632563,-20.941875,7.240643,-12.706688,3.4436324,-4.6427383,4.423196,4.269315,9.564392,3.5469322,153.50647,47.606407,27.109934,18.03439,21.670832,12.231858,13.049892,11.896674,11.767259,11.271537,11.752086,8.332023,8.511107,0.0222604,0.07749397295533643,4027.784216626256,3847.9641281998265
5-215658-A-12.wav,crackling_fire,-412.73642,130.75694,16.508308,69.37161,54.270287,42.99041,22.22285,7.576141,7.3566813,1.406559,3.056093,0.5585574,-8.663341,43.374508,19.371393,19.062038,14.571027,10.388444,7.9780474,7.6620393,6.295399,7.4486012,5.050954,5.335556,5.5518284,5.1170363,0.039828356,0.012582022186774943,1054.0247029498205,2175.562495231062
5-215658-B-12.wav,crackling_fire,-307.15198,131.56836,11.842608,82.96267,49.197697,46.9077,19.81086,8.250813,7.5395513,0.656236,5.7151427,-0.3569256,-7.7524695,29.68265,21.072266,16.25689,11.9829645,9.958986,9.738214,7.080465,6.8808107,6.9645433,6.2434435,5.799216,5.337331,4.919668,0.1245067,0.01132789841937355,1113.9591987896845,2284.4847196071346
5-216131-A-32.wav,keyboard_typing,-422.67758,59.18151,-42.59165,10.001247,-1.9337267,23.842367,-4.0895495,21.107925,5.4762907,16.130136,6.7088737,20.582552,-2.1539671,113.37304,16.41771,34.730995,11.90063,16.173527,9.1759205,13.482411,9.018839,8.449663,6.5041833,7.1247396,7.032087,6.725147,0.008276547,0.1107662050464037,5521.6101294196615,5045.164307454809
5-216213-A-13.wav,crickets,-392.70773,79.80972,-63.08291,19.38168,12.291513,-7.796738,-25.45763,-8.804017,-15.5236225,19.279959,-13.056864,-24.499697,-5.77918,25.184856,6.119735,25.55747,6.069248,15.4093685,10.118623,11.021121,15.57891,9.698058,16.801132,8.617197,16.356092,5.8827066,0.06864726,0.12815626812645012,3509.761034977926,2671.741841918756
5-216214-A-13.wav,crickets,-449.1534,49.281277,-46.27013,67.20305,-2.5814853,-7.7417874,-18.844559,33.622,-8.661033,-1.9246775,-0.8168715,2.1018329,-3.1559255,11.425388,7.062039,7.031658,9.044881,5.0044603,7.8827543,5.127495,6.482571,6.210392,6.4164686,7.475005,6.721997,7.8475966,0.012154669,0.18678853683294663,5117.140696529031,3344.435261115073
5-216216-A-13.wav,crickets,-403.7433,87.85267,-39.776146,50.04695,-12.117713,-2.0221956,-11.674161,7.3943677,-22.101223,12.732108,19.249285,-32.57296,-10.490546,25.972366,18.080593,7.2399216,16.24183,7.419257,8.463681,5.590267,7.2324977,9.5083275,5.562769,10.651535,5.8977184,8.298721,0.053964593,0.16638155271171692,4403.509389884712,2581.839856258182
5-216368-A-28.wav,snoring,-349.5045,146.61388,-39.184925,31.907146,15.262181,-1.2840793,-0.78573674,-7.0440574,-19.640005,-0.67449975,-24.006666,-23.482817,19.063179,84.67434,56.077454,20.771519,9.407611,8.767278,14.042756,6.3963413,8.181846,7.4761205,5.26073,9.347579,6.6207843,6.989671,0.039052993,0.08620939675174014,2534.301033809482,2498.9118622631904
5-216370-A-41.wav,chainsaw,-130.61105,114.07477,-58.489517,61.205696,-19.082644,15.436145,-11.876533,12.661701,-23.176075,0.14545853,-0.81439525,-3.468575,-4.099199,97.57725,25.157352,16.543697,15.457863,9.721332,8.447817,8.116697,8.902393,7.3484325,7.496458,5.7104573,5.17536,6.017426,0.091797695,0.13693966611078887,4056.4967472819403,3399.404499386089
5-216370-B-41.wav,chainsaw,-47.984085,118.030945,-66.93271,67.137634,-32.982178,27.140947,-15.2775,29.472126,-26.128998,14.896351,-4.6361256,5.349836,-6.722867,34.191616,9.121434,9.952941,5.193124,6.8280425,6.480608,4.9097414,10.115146,4.3459654,7.4571238,4.4305058,5.386161,5.073684,0.1735461,0.1412696218822506,4264.494024137211,3513.4122905208706
5-217158-A-0.wav,dog,-359.94116,176.98029,-28.360619,-77.31764,-23.380651,-8.309164,-27.328093,-21.979385,-0.5771851,3.4058337,-1.007747,10.750227,22.241167,51.606056,31.246965,28.703457,30.35564,7.0351424,5.24163,11.017584,8.591052,4.3262224,5.407591,4.279773,7.4281225,12.312822,0.05610676,0.03949300319025522,1287.88505019718,1358.0101617845776
5-217186-A-16.wav,wind,-281.74118,208.05133,12.223574,18.087374,-7.4005513,16.50614,2.1923854,11.704038,-9.461216,7.593948,-2.4731488,4.1273136,-6.144266,41.58724,16.85517,22.459454,6.1242085,5.616298,6.737235,4.352519,4.0292196,4.865467,4.2732873,3.9197161,3.9159222,3.8750873,0.06177161,0.020041056409512762,1166.7719238968089,2370.991799703293
5-217186-B-16.wav,wind,-289.9785,217.19662,33.580757,1.4538172,-13.55068,10.513463,0.7084052,4.621232,-12.177146,-2.7717,-4.311291,0.1449287,-5.60362,16.40476,12.692396,6.607832,9.415176,6.534147,4.776138,4.1459,3.9829967,4.854112,4.7731056,4.25639,3.8250098,4.0790195,0.079803765,0.0228529219837587,1019.2791047283858,2138.0142761933807
5-217186-C-16.wav,wind,-286.64044,221.0872,32.394978,0.65895337,-16.390026,9.251602,-2.7203403,2.384142,-15.381891,-4.2091475,-6.0718436,-0.41347572,-5.0630383,11.03427,6.6172295,7.2513604,5.0145464,4.8615036,4.3029857,4.1349483,4.0755563,4.4272614,3.7981803,3.7373297,3.6336854,4.383195,0.08609271,0.024187481873549885,1001.3525131005526,2044.6542490947415
5-218196-A-27.wav,brushing_teeth,-326.8961,89.03799,-69.019005,21.247599,-52.95998,16.148018,-18.433039,33.007767,3.5096207,6.5339656,5.582266,6.857272,-6.2511644,62.02721,14.545346,22.200493,20.314371,20.596605,16.824488,14.532959,11.693778,9.495113,8.687322,8.333244,8.302624,10.571263,0.016103433,0.1219740157337587,4395.96481602376,3736.1504292043783
5-218196-B-27.wav,brushing_teeth,-356.13712,86.73095,-72.75403,29.65606,-41.535007,17.881702,-27.783442,29.083961,-4.019148,5.635923,-3.0747674,7.9608297,-4.4729896,44.89677,22.7574,20.644857,18.13736,14.44473,10.444005,12.528636,13.532234,9.969602,9.812589,7.6248937,6.18667,6.6488953,0.0089066215,0.14409508229408352,4626.583096022441,3756.3270185875904
5-218494-A-22.wav,clapping,-460.34302,70.17539,-24.930107,2.9890141,-20.299282,7.849387,-8.019023,0.74123603,-11.793396,4.211428,-3.985056,-0.13505892,-4.2817316,255.35002,79.09763,32.2869,6.4546103,25.473845,9.847761,12.32694,3.556766,15.054799,5.957385,7.3964324,3.5892427,6.687587,0.033870853,0.030852351000580047,1273.9219677989777,1434.5775005580635
5-218980-A-30.wav,door_wood_knock,-617.7348,48.258865,9.639644,4.5171556,1.5470644,1.9984981,-1.320723,-1.6598325,-1.2578162,-0.23636621,0.38565093,0.53871375,-0.31220308,115.84679,73.898834,19.512693,12.316414,9.451431,5.3395357,6.4186544,5.6297784,4.864752,3.024446,2.7662475,2.611734,2.4195075,0.004409465,0.009316995359628771,704.4497682387612,1157.8938052193362
5-218981-A-30.wav,door_wood_knock,-562.2159,28.90439,8.88431,9.541352,2.3626957,5.4745574,2.1701841,1.5960929,0.98161775,0.23861608,-0.09561838,0.19932243,-0.69505954,106.149284,53.83054,18.875124,17.675953,9.747787,10.202161,5.556076,3.7897718,3.0989385,1.9725922,2.4572756,2.821686,2.4181254,0.006278365,0.0051547092517401395,475.3117002411872,819.4539342627013
5-219044-A-46.wav,church_bells,-260.5949,161.88577,-31.069324,-12.972861,-33.733997,-2.6241052,-19.596497,-6.714854,-20.306826,-12.559482,-17.013802,-8.504022,-7.9770293,43.840305,10.529067,29.315683,11.584517,6.931068,6.0067368,5.1385136,6.1598263,6.1244764,5.4786334,4.1612782,4.282466,4.851059,0.064845376,0.04862080372679815,2139.366240853262,2916.4641810945827
5-219242-A-37.wav,clock_alarm,-484.39398,28.326717,-21.216553,39.335052,3.9006274,19.804104,11.319302,16.231129,-6.636358,19.845041,12.560727,16.068893,-16.044321,52.318295,18.002197,34.28374,14.97685,8.1588335,4.9290032,8.51109,4.823084,9.834975,5.351094,9.028602,5.693964,14.412882,0.025474226,0.1603193880510441,6023.420580404121,4445.7998086889775
5-219242-B-37.wav,clock_alarm,-447.95056,15.054393,-50.095467,49.929596,-1.6843317,27.13508,14.127971,11.180109,-18.747223,17.449036,14.367874,21.610544,-22.188343,57.825253,21.246155,38.037804,16.43205,8.709558,9.273692,9.596229,6.0655594,11.724321,5.1258492,8.820833,7.644245,11.510966,0.0375961,0.19702544953596288,5836.665922648632,3609.951120562857
5-219318-A-31.wav,mouse_click,-583.033,60.102512,33.890896,39.174046,16.736546,27.368176,13.795683,21.74554,10.921467,12.947567,9.626383,13.242204,7.8098183,107.767815,41.410507,9.658589,26.543451,12.123192,12.278277,13.076477,11.8820505,7.541048,12.97455,7.169783,6.0495863,10.370302,0.010127841,0.023524733541183295,3601.512139268814,4776.60135615792
5-219342-A-38.wav,clock_tick,-621.238,66.74676,-32.93213,-16.04964,6.3743305,-5.645683,-8.850987,3.2130098,12.438569,14.167578,11.544777,11.269792,13.030316,118.00004,56.71717,52.863853,28.868742,13.098573,21.44833,17.739069,9.597086,10.286747,7.7888775,6.539329,5.2391753,5.6159186,0.004581876,0.05316714399651972,3045.712045886977,3800.839339499196
5-219379-A-11.wav,sea_waves,-193.85764,154.30467,-87.21926,19.119427,-35.853333,4.353769,-21.058327,-0.084308244,-19.044228,-0.6445847,-16.490007,3.1322577,-7.594152,80.5354,19.512089,19.22859,9.40566,8.697843,6.7987704,6.0525947,6.0474763,5.373224,5.3306656,5.1835585,4.418176,3.979173,0.06171886,0.08840609592517401,2811.7417567153548,2668.7025927310624
5-219379-B-11.wav,sea_waves,-169.28725,163.62091,-99.12179,21.485235,-38.928917,6.8010926,-24.593266,1.1578532,-22.366604,0.46541768,-18.91358,1.483298,-7.2046623,40.936348,10.726443,9.065628,7.388878,7.465349,5.3579845,5.4281063,5.1693425,5.474922,4.8813515,4.8298497,5.5767922,4.307676,0.07027648,0.08677358251160093,2689.942220207596,2490.153214275855
5-219379-C-11.wav,sea_waves,-144.16826,170.31383,-95.91959,19.86951,-41.50848,7.449195,-28.165903,1.8161687,-24.054546,-0.004978189,-17.589455,2.420159,-7.987076,34.147827,8.482321,14.265684,5.884912,6.610414,4.971814,4.9233665,4.732823,4.6448827,4.0356107,5.042925,4.1096334,4.1415386,0.09368711,0.0790165947650812,2547.104080557676,2473.743423494107
5-220026-A-21.wav,sneezing,-528.48175,12.048507,-11.14862,4.291951,-0.7357005,-3.3184617,-2.4700048,-0.77617294,-3.7725346,-0.84020996,-0.72133034,-2.4697175,-0.25534824,123.14043,28.742672,29.499355,16.459576,13.018109,11.889622,8.672607,5.98169,9.647918,9.059797,7.1627283,8.719433,7.181786,0.015980752,0.0402452508700696,1625.4359653774095,1316.638939978495
5-220027-A-21.wav,sneezing,-576.2817,12.317339,-12.86865,8.735476,0.8168469,-4.504351,-1.0055423,0.67469746,-0.35431984,3.6758132,0.121954404,-2.446761,0.057321887,139.18132,27.962475,31.699015,22.13392,9.086808,12.9478,10.522789,7.968927,6.5540323,11.557564,10.389126,8.255196,6.8289223,0.011521469,0.042901908715197216,1896.8674939935713,1794.5056534472105
5-220939-A-27.wav,brushing_teeth,-615.9304,15.972373,-40.072487,4.295154,-29.41903,3.3595328,-23.054869,12.145829,-9.55423,0.40717337,-10.042768,-2.4828978,-3.0432515,242.37602,25.275568,58.83933,13.939602,42.390495,11.050597,32.87129,17.781275,15.755004,6.6918664,15.380565,7.4539423,7.155011,0.011774368,0.08630682642111369,2370.784922010349,1624.065360863045
5-220955-A-40.wav,helicopter,-332.71753,171.22252,39.47747,-6.0189314,4.341138,8.392692,3.4426892,2.1206129,3.8961034,3.272509,1.4001031,2.035569,2.7767863,24.439842,19.970737,10.945409,7.938401,6.287493,5.1702967,5.6658993,5.0083394,4.4229894,5.305918,4.5011735,4.3311787,5.0189486,0.056736525,0.012393960266821345,862.6337823389393,1844.9870571261326
5-221518-A-21.wav,sneezing,-420.28683,67.044815,-12.558453,17.492123,12.05868,0.80875814,-4.6591983,-3.3628142,-10.313277,-0.8017598,-6.2075806,-0.93344504,-3.2274468,150.23894,32.163967,46.31319,13.019435,10.936053,10.563177,14.359272,12.591279,16.806301,8.194433,12.106841,7.8336034,7.6293845,0.029749306,0.1385642492024362,4956.105055631196,4655.1349283943355
5-221528-A-39.wav,glass_breaking,-557.4545,7.2770615,2.4404728,8.663956,1.260997,6.065128,2.842002,5.4507856,1.5163476,3.448245,2.053535,3.2222593,1.9318742,111.909355,12.2749815,13.716577,12.591553,12.0194645,8.52448,6.616943,7.9437146,7.3110385,5.0970793,4.9037285,4.8474436,4.0374928,0.0072525055,0.03679782663863109,1628.7120560437854,1776.7864641157905
5-221529-A-39.wav,glass_breaking,-686.3823,29.448366,-2.358031,10.332873,-3.8528273,4.1060405,-0.9863539,6.4150004,-0.67797387,5.416742,2.0249412,2.9272919,-0.1960712,188.45584,44.71191,22.938812,16.228733,14.449669,8.258319,10.078989,9.300647,7.8453293,7.957903,5.2645044,6.0302835,5.5456514,0.004007708,0.07006892582656613,2317.3147225288276,2095.4290339767904
5-221567-A-22.wav,clapping,-169.3823,145.1591,-67.88782,41.744526,-27.73674,17.918772,3.941142,-8.010379,-4.7474823,3.6500738,-2.795568,1.1871765,2.8263502,145.98341,48.007935,30.37872,14.782098,17.437471,9.529464,8.987831,6.8712773,6.8014092,6.485091,5.145672,4.798993,4.6387815,0.10105245,0.080575469475058,2620.5477329850532,2457.1148077435323
5-221568-A-22.wav,clapping,-208.9398,160.62102,-71.516464,53.730083,-32.412975,28.6404,5.517619,-5.948802,-7.2515464,1.7060955,-7.6210747,0.7873101,4.0282803,118.079056,32.94128,28.344864,15.801645,15.26223,11.540703,9.518309,7.222348,8.108566,7.3063173,5.635286,5.11654,6.1071634,0.06937501,0.07771149035672854,2670.370669831079,2633.8038399775596
5-221593-A-21.wav,sneezing,-480.379,17.747297,-4.866732,-0.1070204,-0.19019273,2.0710466,-2.2764437,-2.043423,-1.2469054,0.51305866,0.8524166,2.3254192,1.5078593,112.372765,36.72513,23.20844,7.9610887,9.702939,6.5739512,9.642679,7.008284,5.3150873,4.4148254,7.702496,8.797443,6.528541,0.019517956,0.015072143271461717,752.556676803302,866.9954121531086
5-221878-A-34.wav,can_opening,-450.71222,65.71461,12.521167,4.7165675,-4.9654794,6.376945,10.669724,16.04802,3.807501,-0.007876155,5.7339344,6.9107885,4.5412006,114.05958,39.905968,27.178577,10.839636,11.418104,12.829993,8.94515,11.487817,10.935582,6.1362705,6.8491197,6.9854755,6.5391583,0.019805003,0.03687146534222738,2382.9354149001865,3079.8456266267376
5-221950-A-22.wav,clapping,-490.93256,113.09795,-4.7924647,-4.620667,8.006507,19.470503,8.3287325,6.477855,5.9047465,8.093855,7.978562,7.939749,5.176169,92.264244,18.790028,39.06643,19.016916,17.267275,9.548351,13.146372,7.9863524,9.696406,7.9676166,10.057893,6.4134245,6.7444396,0.011804859,0.02753974224187935,1860.3498961041582,2768.5557863795993
5-222041-A-9.wav,crow,-130.17894,161.0432,-68.59706,10.569018,-41.43345,31.944452,6.77331,27.851784,-14.673758,12.932778,-9.233119,12.525914,2.021244,20.677696,9.401084,14.831392,9.768509,9.002636,8.360979,7.3062625,5.807157,5.3952174,5.1850657,5.722273,5.0444593,4.8982625,0.12235995,0.07116670896171694,2571.6875202126444,2833.125264941775
5-222524-A-41.wav,chainsaw,-93.40971,208.41862,-98.124855,26.126934,-10.357496,6.2114477,-5.454746,8.908403,-12.967617,3.9773052,-0.6543746,6.337886,-0.02496161,10.539077,8.3209505,6.7822275,5.521757,4.5804863,5.6323175,4.12232,4.4017496,3.838633,3.897935,3.5409663,3.75579,4.239501,0.18968852,0.0707939838312065,2074.431915388255,1893.1520616689475
5-222894-A-32.wav,keyboard_typing,-273.0637,108.596924,-7.3744807,37.73046,10.37114,26.352116,-5.6292396,26.40629,7.5093246,17.2366,7.649429,10.631268,-5.3873763,113.49554,28.55547,27.395657,14.614584,11.800377,9.9331045,12.33753,11.35904,8.582412,9.602383,7.89262,7.0144215,7.345765,0.06654649,0.05107353900812065,3470.525126974811,4209.654638620073
5-223099-A-32.wav,keyboard_typing,-362.67114,105.1525,-5.428267,8.361798,4.265665,27.796022,-2.735965,19.118595,4.9099293,15.00982,4.517039,9.123089,-1.8529651,118.241325,13.961154,35.688663,11.789765,16.656563,16.316748,11.800366,7.717529,9.81192,9.538963,6.398003,5.316373,5.7160754,0.028887196,0.04871710049303944,3587.9274184850137,4687.542297598054
5-223099-B-32.wav,keyboard_typing,-317.29874,108.2729,-23.935003,9.375965,-2.4445632,23.348951,-12.131299,19.114487,12.163823,22.79669,4.484317,9.776675,-1.2926604,136.54175,13.766695,41.449966,12.716234,16.984076,11.756638,10.995976,7.363087,11.229068,8.044961,6.4133096,4.915098,5.319751,0.038969815,0.06449730822215777,3664.1866978097983,4429.61205428819
5-223103-A-31.wav,mouse_click,-449.5359,82.60827,15.732356,8.46116,8.280682,18.55058,7.5729837,12.455355,0.9600098,4.4899926,1.8075209,3.5856588,0.8685416,113.94001,51.975254,14.707089,10.453657,15.799935,14.06767,9.534006,9.132906,6.2115407,6.0589824,4.900483,4.167456,4.525325,0.01435225,0.03753308077146172,2905.347021703336,3799.6786959915325
5-223176-A-37.wav,clock_alarm,-273.5644,-5.888563,-27.23278,21.489296,3.7681196,-2.0280728,-0.46526554,5.099071,-1.2106565,17.48618,14.554273,13.6488495,-2.4455564,238.41931,49.544342,37.469383,13.166378,5.1669335,9.212648,8.264555,5.3040905,5.331991,13.295767,11.5671425,11.90461,4.6893616,0.30591494,0.14036896389211137,5038.85858738413,3979.29495871946
5-223317-A-31.wav,mouse_click,-473.45813,88.7293,-15.085066,52.04769,9.6830225,23.027489,1.4643734,15.449201,5.418672,13.928455,1.5632073,8.653217,4.2577543,68.11099,14.292989,16.203123,16.46469,12.049397,7.4056473,7.9154863,9.731533,6.4685183,11.200233,10.617362,4.6611753,8.964906,0.040451337,0.00238249528712297,1507.8172641933002,2909.858380819302
5-223810-A-35.wav,washing_machine,-325.91736,155.15372,-25.26295,41.12193,-8.815437,14.857358,-5.553458,8.759938,-3.3881168,-3.0832472,-5.2101474,-4.4672694,0.13687752,46.941147,29.405113,15.752812,13.780287,9.794574,6.323236,5.8818674,5.6715965,6.830872,6.021974,5.5145826,4.8608046,4.917327,0.022507254,0.04146991915603248,2302.4068764623335,2964.957123078766
5-231551-A-36.wav,vacuum_cleaner,-277.04147,140.33415,7.607145,11.154773,-23.098774,17.13138,-11.382648,10.783908,-9.767696,6.801511,-2.4758708,-0.38766176,-2.2953317,157.25896,46.0952,17.89686,11.38227,18.270615,11.123827,10.607296,7.0816584,9.219769,5.282172,6.2029696,5.6223254,5.3964925,0.08526818,0.045458871084686776,2656.705174032912,3761.0052078824956
5-231762-A-0.wav,dog,-439.3802,43.626472,8.433102,-3.9246218,-11.531528,-8.501081,-6.051327,-8.187362,-6.293735,-2.2616003,-1.9234158,-3.404349,-2.239139,89.07492,71.279106,17.701843,10.931144,22.115606,14.612804,10.28919,14.870137,11.672883,5.0143895,5.1181836,6.699476,5.5725937,0.038120806,0.0085942031612529,454.744917919981,694.6970454277881
5-232272-A-44.wav,engine,-199.50424,157.77588,-22.163113,52.502884,-9.697445,32.03076,-14.959139,21.476862,-18.023418,9.271356,-6.362202,14.374787,-4.0826216,7.482531,7.708778,9.226723,5.5941067,5.600131,4.9348307,3.8003755,3.7852948,4.0474358,5.0845165,4.1443415,3.776166,4.9412746,0.06864549,0.03613847701566125,2450.7846065731164,3454.0433471429233
5-232802-A-31.wav,mouse_click,-501.38446,52.11249,5.4987345,16.06823,-4.497189,18.78579,0.99196005,10.946745,-0.76050514,19.01747,4.081207,7.687557,-1.3625482,202.25066,54.310577,16.296642,19.138767,12.99518,18.527477,7.839773,11.938975,5.3900857,19.889105,5.6351695,8.349403,5.258775,0.018526869,0.026989151319605567,2057.7608343219176,2499.217197805649
5-232816-A-23.wav,breathing,-361.8319,172.38039,29.134443,11.8828535,1.4895298,33.311394,20.088184,12.110408,-6.658472,6.972594,9.551042,7.9819217,7.671751,59.140152,18.315338,20.809542,12.960534,10.114498,11.098747,5.4299364,7.4638033,9.530321,5.3345013,5.667728,4.9282727,4.3547854,0.05409075,0.010712732018561485,1125.1242696388188,2524.4158786912903
5-233019-A-31.wav,mouse_click,-430.08527,133.19766,11.809721,62.365738,-2.8543506,27.255764,-4.4646955,10.499149,-7.2811146,7.874114,2.131872,4.970075,-0.8342908,63.377876,27.187996,21.299398,16.274544,14.100418,7.860995,11.001403,7.7787404,7.6416783,7.150259,5.73912,6.7124496,6.7901855,0.011106028,0.03842694134280743,2573.4290543108386,3440.336855883026
5-233160-A-1.wav,rooster,-424.29358,57.260487,-21.525414,-16.321793,-12.101925,2.7546973,-4.399731,-8.746622,-7.3487406,0.58291245,5.731108,6.9657397,-1.9579583,126.2808,57.416195,47.725346,21.00082,14.761124,7.7876616,10.241005,15.321748,10.525211,7.798645,15.233503,14.878702,15.522764,0.089515716,0.0324168902262181,1089.2144405081467,1166.8226418159961
5-233260-A-23.wav,breathing,-388.73477,161.02527,29.117453,16.182896,6.4063168,26.929003,13.60273,5.6421766,-7.9276066,10.14135,6.7581873,6.080571,5.9616737,36.408104,17.98994,13.97562,8.937976,10.6863985,7.911051,5.4684277,4.3674703,6.4771533,4.444119,4.655164,4.757967,4.6063504,0.03521523,0.012253480278422274,1330.267173131291,3054.439636797046
5-233312-A-28.wav,snoring,-409.03748,161.7037,8.528422,40.818523,6.694502,-1.9586082,1.8958077,1.5559496,-18.808655,16.751991,6.619443,0.29616594,7.795533,108.80046,16.948595,12.144591,21.460228,14.999477,9.400927,12.583597,6.827624,17.82687,8.662158,5.6731586,4.828983,4.8083143,0.02285541,0.027292769359048723,1703.0996259353162,2781.4067348320627
5-233605-A-39.wav,glass_breaking,-591.36224,0.72830755,-4.6685586,4.8092566,-1.9932219,2.7087238,-2.4278412,1.2302737,-3.4235046,0.13761611,-2.9661407,-0.05223625,-3.3282707,154.97844,9.383276,19.732239,11.910288,8.531478,7.0725985,8.448457,3.8912601,10.316782,2.1237392,8.084813,2.9752092,8.524181,0.017574407,0.06661583707946636,1726.9022216992987,1064.2180812136655
5-233607-A-39.wav,glass_breaking,-531.2903,1.9542148,-5.1675487,5.461651,-5.0916915,1.6234741,-3.2105165,0.3339062,-3.320532,0.5630053,-2.2632158,-0.5774294,-3.3293777,157.39601,12.00815,17.84536,12.786513,13.20412,5.995412,8.203901,2.9692328,8.757714,3.5537684,6.5388007,3.8362048,7.6777673,0.026393399,0.06937558910962877,1641.6549560405504,963.9129690234953
5-233645-A-37.wav,clock_alarm,-578.115,30.561,-6.254985,16.164314,5.963883,16.101116,6.9438267,7.205444,-7.586678,12.216993,13.402763,-0.3914776,-12.212536,187.85776,39.773117,11.842513,16.079374,7.4734,16.450325,7.3902965,7.436053,10.138008,12.419942,13.772158,3.1085522,13.401899,0.024072887,0.07260549593967518,2602.1243004331213,2374.118063646436
5-233787-A-7.wav,insects,-346.55975,64.64012,-25.494478,55.734848,-15.778511,8.311865,-29.621202,-1.4702163,-19.082308,16.274218,-15.966332,-13.723675,-17.212511,60.974194,12.88991,6.9315686,9.592497,7.5689774,10.840815,6.1749034,4.8699503,5.5140753,5.8798475,5.583828,5.2208705,4.6300597,0.015684698,0.09664909911542924,5045.183437544628,4488.468256731456
5-234145-A-28.wav,snoring,-380.7814,96.59304,21.537832,49.27621,5.7471185,25.512318,-12.730216,28.057951,-8.732719,14.436311,-6.7753253,9.494056,0.23459153,84.42381,37.319138,17.192722,15.216296,11.513039,9.578299,20.783815,13.058411,9.361892,9.339693,9.128805,5.5305142,5.245024,0.021065649,0.10414891785092807,4411.591807508094,4901.112079306341
5-234247-A-37.wav,clock_alarm,-274.9635,117.43562,-129.23611,5.8658495,-43.44816,-32.79991,-46.207664,-8.964392,-9.055768,-1.531425,-11.39321,-17.267092,-17.152454,47.406948,13.319357,16.07211,7.4703355,15.614376,4.221879,13.485066,5.3716097,7.835763,11.993451,6.0591335,4.3797064,4.132433,0.07298769,0.11141195983178655,2949.555632686659,2120.464316168118
5-234263-A-25.wav,footsteps,-541.1535,37.814983,1.8262887,6.28125,3.9571524,5.0519466,2.5751467,2.214551,2.13814,2.0909214,1.9815516,1.8964187,1.6807542,114.33066,69.67846,9.629793,12.680086,8.275618,8.992442,6.1934104,5.0401692,4.569007,4.489508,4.608151,3.9381611,3.6552498,0.014219476,0.007837423868909513,910.0690274370471,1076.2657764939268
5-234335-A-23.wav,breathing,-514.39386,108.99536,-45.754578,19.088032,-8.239645,14.555819,-0.14410117,13.996168,-2.1508918,7.535136,4.11977,12.278991,1.7114196,148.795,25.027079,40.15375,10.994683,14.736321,6.0889297,12.458168,5.6480913,12.85861,12.051814,6.4884295,5.6221247,7.7980146,0.0047935555,0.0848623749274942,3681.2080429380094,3927.627895809388
5-234855-A-25.wav,footsteps,-456.02835,75.633385,-3.1304724,29.518906,4.913317,21.160696,7.975079,12.407062,4.164026,8.1626,3.6017964,9.181753,2.0868332,112.85641,18.117413,34.504337,9.839881,17.606308,6.2198443,12.34783,7.631847,7.887133,5.0576854,5.6062436,4.717875,4.438431,0.006022,0.09995264464907193,5274.034023157943,5414.8888344604375
5-234879-A-1.wav,rooster,-427.6836,51.144936,-25.414927,0.36939865,-19.804762,16.082998,-1.0993605,3.0464752,-15.6027,2.1880288,0.22754706,4.9136314,6.7444205,193.91292,56.34799,36.445816,19.38276,24.803125,18.02704,10.340737,7.0987897,19.43711,8.044596,6.6452694,8.909983,10.1559105,0.04370306,0.038840450986078884,1663.2069930496405,1682.648298438582
5-234879-B-1.wav,rooster,-401.04553,62.01063,-18.841545,3.6807702,-18.409033,6.6007667,-0.15405065,-2.4325361,-13.14383,-0.008289207,-1.4745204,5.10691,11.816944,173.88301,66.47955,28.819294,18.481327,25.054508,10.284361,10.328887,8.672436,18.256191,7.501759,5.7478485,11.559124,18.320292,0.078743935,0.03345916110788863,1340.392870578896,1458.211865237979
5-234923-A-32.wav,keyboard_typing,-282.36462,61.6663,-56.75837,42.940445,-17.037422,23.903292,6.10959,28.884657,13.467635,11.673627,1.2535491,10.453571,-4.188371,76.60699,30.79521,21.01458,14.335382,14.648891,8.505772,8.622516,8.843975,8.161817,7.2594085,8.189306,6.508653,7.518535,0.053029764,0.05459800065255221,4053.869121861215,3810.6188038781256
5-235507-A-44.wav,engine,-190.77304,126.655495,-57.81686,30.932222,-34.1331,16.356386,-14.966468,19.009117,-14.202733,6.337947,-18.426977,0.82062715,-6.959528,6.0232415,4.580169,4.2843413,4.577719,4.3411875,3.7501452,4.17349,3.5923586,3.609843,4.0014386,3.822229,3.8366084,3.8908195,0.036966156,0.10337854372099768,3635.864114249512,3593.032563074046
5-235593-A-23.wav,breathing,-403.37674,108.24897,-42.576866,22.415216,-8.4464,22.340036,-3.5780826,18.302412,-13.157345,17.055716,9.808427,-4.5472016,-7.800088,87.417175,19.454235,22.992292,11.543197,16.551445,8.461484,12.507932,11.102499,10.349198,5.8090906,13.44803,8.366286,10.008454,0.008878725,0.08445226399361949,3595.7191948144978,3848.097558552586
5-235644-A-30.wav,door_wood_knock,-526.32056,62.131145,15.890743,11.204293,4.207157,9.751091,2.3384237,5.418401,1.6373651,4.5116773,2.2067733,3.6886432,2.3597589,121.088394,78.38446,19.896091,14.448931,12.406055,12.967252,5.4209876,7.0098467,4.9429135,6.5531015,4.5426474,5.3169527,4.690344,0.02172325,0.008245268996519721,849.598331665693,1490.7671981509086
5-235671-A-38.wav,clock_tick,-481.0011,106.05217,4.001591,25.358625,10.457885,22.58965,13.825264,15.906317,5.430407,9.233388,10.303226,10.335194,8.528056,68.554115,13.947993,28.768188,7.2808423,10.583261,7.126279,5.4016075,6.6737123,6.993312,6.856574,8.656662,7.209059,5.5256343,0.01979795,0.012821064747679814,1789.2435688007338,3298.359333954556
5-235874-A-28.wav,snoring,-556.87915,74.541176,24.648695,44.630573,0.38348883,13.20671,6.902652,10.142682,1.492292,-0.09433359,-1.5624583,-9.532293,-7.676263,124.02772,33.349915,25.089052,33.551884,15.071645,12.051156,10.389019,13.079728,7.3115234,7.263633,4.675534,11.96814,11.275735,0.0108985435,0.17887294264791184,5709.71417357959,5143.257691981161
5-235893-A-28.wav,snoring,-554.44006,83.41812,8.447457,43.91506,-1.5480859,9.935114,11.441691,-1.5246389,6.8030086,1.728981,-8.367398,-1.5811994,-23.323307,89.54994,31.04602,23.251383,27.424612,10.456625,11.502566,12.478519,7.440623,10.981834,9.248582,8.610245,4.7588153,16.843203,0.004546602,0.15541618329466358,5247.748648903395,4871.865558792786
5-235956-A-47.wav,airplane,-228.56311,231.58646,19.953335,-29.995575,14.87277,16.538061,-3.061238,2.0203032,7.8666053,2.56922,1.3293304,3.435694,2.2347023,26.66451,11.388089,16.446728,6.3524566,8.465041,8.104055,5.8423843,5.390461,5.890639,6.32834,3.7051294,4.2762814,4.559604,0.15903203,0.018096994634570766,739.1381612889288,1161.7938345288412
5-236288-A-28.wav,snoring,-461.78583,110.48104,-10.277638,27.909746,-4.7556095,25.189213,4.9869947,6.4445806,-4.541341,22.686094,7.466995,21.620722,9.097665,76.64622,20.529873,24.045027,15.851031,10.481388,8.805235,5.700605,8.827087,6.810761,7.075734,4.8758106,4.3632183,5.5632987,0.00614216,0.05865039515661253,3644.1082174493877,4491.46221234225
5-236299-A-34.wav,can_opening,-459.18655,16.821873,-13.363341,4.1645064,-2.9361787,5.5902605,0.2884488,6.790391,1.2337294,3.2983403,1.0296098,0.7287787,1.1826541,179.18793,34.365326,29.481382,11.446195,11.234889,10.813542,7.6342998,13.852462,7.555694,8.250336,4.782289,5.2269807,3.0841215,0.032878365,0.04693164515661253,1516.9053754610527,1188.4076891174088
5-237315-A-31.wav,mouse_click,-393.2079,73.499245,0.546138,37.36401,0.9619076,35.919117,-11.121364,30.67125,-16.046322,25.32029,-17.339798,18.863668,-12.887814,42.17912,19.537317,8.441129,12.091702,6.8986807,6.0194564,5.38839,7.2331214,5.040954,6.8226795,5.023973,5.2008066,4.8207245,0.006903551,0.16900875507540603,6564.676687005153,5720.164541321007
5-237499-A-4.wav,frog,-433.22855,193.12602,-47.57283,-39.146267,5.8834467,4.241003,-6.648331,4.0454764,-0.0060879383,1.1919321,6.819012,0.9522483,1.5259324,60.342056,32.475395,39.477287,27.684275,20.776138,10.832443,10.514512,7.4997754,9.024424,8.247052,7.3509316,8.126685,5.934381,0.017282696,0.05845780162412993,1955.3876883735215,2391.788034481064
5-237795-A-34.wav,can_opening,-358.14835,35.62553,-8.353741,35.314384,7.2432847,1.4836584,24.528212,9.007001,6.6834273,15.327763,3.0491073,5.1778727,-1.404059,120.65616,36.29129,32.51781,14.298929,13.050568,9.86268,10.159162,9.517746,10.659422,8.182613,8.433959,8.160923,7.0324106,0.050258845,0.08774674630220418,5199.189194571005,4985.770876825708
5-238021-A-35.wav,washing_machine,-142.47197,95.11952,17.183434,82.75457,-19.018719,23.871418,-15.625609,11.83647,-23.08388,21.180777,-13.9130335,1.2965866,-4.4926724,5.5727987,4.698043,4.4652867,5.3335075,4.288281,4.807703,4.2564197,4.2959166,4.9044642,4.1338034,4.1093836,4.964668,4.5139155,0.122128144,0.07753022585556844,4184.103293187963,4652.718571361838
5-238492-A-23.wav,breathing,-398.35855,56.37504,-7.9933605,19.450392,-7.597434,14.00001,-2.1112518,6.7785516,-6.9722548,11.495386,3.2580128,6.686138,-2.1650465,216.37859,55.6203,19.928911,20.135727,11.349963,14.532593,4.921313,8.237846,8.852076,12.3172035,6.4849467,7.4617786,4.3446903,0.03822165,0.03819469620069606,2151.5823068837844,2401.4050837126047
5-238926-A-31.wav,mouse_click,-375.71237,150.86517,-15.213203,30.39149,-17.282864,25.877697,-0.52407205,21.364555,-1.6301715,11.184378,1.1058829,5.6983275,-1.8946586,41.44036,26.841085,8.1384735,5.771187,9.874765,6.7078214,6.4373455,4.6984596,5.683436,4.892198,4.614356,9.164478,7.148576,0.017241439,0.024821907627610208,2368.7873804837136,3296.9103421719587
5-238938-A-27.wav,brushing_teeth,-302.26587,120.48,-43.735867,45.479332,-29.420725,15.9043455,-17.927639,17.950092,-5.7663827,13.886912,-8.701226,14.067156,-0.9662047,31.907413,15.258857,21.037476,14.194288,13.2129755,11.347079,8.5399475,13.258453,9.994546,9.02343,8.445261,7.5228853,5.5905213,0.015436504,0.09070362347737819,3679.1127741882756,3739.950072705106
5-240671-A-44.wav,engine,-231.30283,163.81221,16.010578,42.160896,18.582102,23.441338,10.376931,9.560461,9.625517,18.689962,26.135609,11.484749,-6.322621,16.783644,7.101272,9.069855,7.535167,5.870249,6.504844,5.446177,6.6380506,5.04307,5.237754,4.5790253,4.6188,4.7934346,0.31525266,0.006664869127030163,917.5242806774883,2174.952966902044
5-241846-A-15.wav,water_drops,-518.5862,24.367498,5.145983,53.443832,-14.574611,33.026276,7.448557,7.2936983,8.36246,-0.14739028,-1.2203914,9.5136175,-7.7825313,101.88907,24.265232,29.445797,19.573217,17.719753,14.005995,13.583358,10.099729,10.058615,9.552103,8.6481495,9.334121,7.6736298,0.007123326,0.06009484665023202,6184.755830789263,4824.546796406524
5-242490-A-14.wav,chirping_birds,-466.5366,125.958275,-70.45398,-9.634814,-46.326492,-18.630478,-32.89331,13.223068,-18.823738,0.13360156,-2.8829446,-1.3748615,-3.1190572,35.015137,14.647364,40.468315,23.324236,29.6727,18.86372,23.272493,22.679295,14.20476,17.653166,12.713218,10.147775,10.875149,0.008221461,0.10454656685034802,3149.38449464219,2827.9480080834933
5-242491-A-14.wav,chirping_birds,-477.57718,126.14596,-58.845398,6.5802445,-52.84685,-6.425755,-16.00078,20.608679,-28.46182,3.0913646,-3.82204,-3.6793942,-2.45898,27.597036,16.698153,35.080364,24.257797,20.122757,23.789967,15.430543,17.770359,13.775082,10.538198,10.535219,7.7250395,7.490423,0.0058861566,0.1097692502900232,3444.8224345814447,3200.020307050046
5-242492-A-3.wav,cow,-352.10873,140.27008,7.2663584,-14.618887,-7.081593,7.722144,14.577083,-1.874792,-9.923847,-8.947842,-10.323921,4.071694,-2.9168818,161.01776,100.54637,11.132213,12.841862,11.988074,8.833105,12.0352955,6.4124956,9.831722,9.400644,10.439745,4.569491,4.6639185,0.086182155,0.023962034150232018,1250.8621613092419,2006.755073881671
5-242711-A-9.wav,crow,-432.39487,149.4449,-21.802639,32.577225,-16.73224,36.46819,0.2710351,20.321712,-11.820227,16.575026,-6.265222,11.652298,4.023789,23.76083,6.076649,19.078539,7.9598994,6.1940784,6.330567,9.586448,7.1873884,5.020515,6.5334325,6.0156784,4.346778,4.9486365,0.008731437,0.03162272513051044,2380.424247136047,3530.550866021839
5-242932-A-26.wav,laughing,-312.32135,92.94229,32.238827,-19.058195,17.580372,-17.571177,-3.0900755,-8.457909,-19.57541,20.4206,3.3423393,9.041179,-6.101702,106.370255,35.429127,26.49172,31.169926,18.188513,23.866575,20.010437,14.081237,26.415535,15.23777,16.364391,8.367202,11.618991,0.08199232,0.16491897476798145,6850.335621657442,6791.5341609779725
5-242932-B-26.wav,laughing,-288.88055,109.83851,12.223929,-14.250603,18.474186,-15.258817,-9.16714,-7.2909803,-19.308975,22.26365,-7.2771635,-0.15605663,-1.2091571,102.49568,30.38565,26.680481,20.088413,18.122982,19.625776,13.791958,11.240655,25.340178,12.038671,22.924372,9.395634,13.076612,0.0722904,0.10376939530162413,4662.877858487353,5645.904062801582
5-243025-A-25.wav,footsteps,-388.44302,136.02602,-19.844988,37.333614,-16.660912,16.042366,-2.5234268,14.317269,2.437292,10.314668,-2.6805158,10.560329,-2.5045779,86.82471,18.765339,23.975588,16.43568,12.401199,8.900822,13.277139,8.36929,7.9717193,6.145186,6.7230897,7.0707216,6.5197353,0.009771777,0.05615800826566125,3112.3301268593514,3732.404727936197
5-243036-A-29.wav,drinking_sipping,-626.46735,73.232,-17.77913,9.646848,0.15531757,5.565781,-1.9753047,5.16121,0.24284317,4.303486,4.0465684,4.7205453,2.988897,148.618,68.986824,21.893826,14.564154,9.016328,9.066021,7.678218,7.6086287,5.892888,6.837337,6.2629056,6.5729227,5.379644,0.007750384,0.00154301406612529,979.0859213205389,1842.6901924461072
5-243448-A-14.wav,chirping_birds,-414.10617,37.819084,-70.95434,-2.339378,-34.168625,-22.208153,-37.752136,-2.1013029,-28.24333,0.0019502927,-22.44945,2.0799556,-12.817971,144.67311,16.251486,31.040234,12.494725,16.654942,10.854193,16.949047,9.3929405,13.269,7.1701617,12.471468,8.158148,8.939897,0.008411062,0.167457810687355,4872.421851489358,3863.277163562151
5-243449-A-14.wav,chirping_birds,-514.2405,-34.3287,-54.87827,3.8716404,-59.145393,11.899944,-8.752074,-2.5563374,-15.291016,22.764837,-0.8552688,10.169739,12.44236,27.275446,11.6663,13.979103,12.5395155,11.881259,6.2318616,15.989304,5.846836,9.144615,6.4348187,5.5863886,7.7546773,11.513743,0.013033244,0.33760739921693733,7746.485567998169,3719.2098859711573
5-243450-A-14.wav,chirping_birds,-533.9934,-46.828278,-136.46404,50.624226,-17.481297,15.226033,28.569965,-18.628534,4.837135,0.28372478,-5.9687147,0.76234794,5.1288586,23.754465,9.428923,8.945413,6.963644,9.327167,7.429042,10.087596,8.289138,6.9878483,10.075103,8.662705,5.423364,8.703422,0.017777657,0.2567192484773782,5656.354777547571,1978.7468339679817
5-243459-A-14.wav,chirping_birds,-433.72647,-1.9216216,-132.8433,28.957703,11.840834,-24.353552,-4.5925674,15.998517,-9.647866,15.1309,10.996192,-5.867917,-6.7566433,52.050896,22.619791,29.009277,37.467648,16.581547,18.062477,17.54598,18.19791,16.969116,19.46898,13.980889,13.072633,8.460405,0.03539998,0.1696329847012761,4283.663612248255,2140.6510239539543
5-243459-B-14.wav,chirping_birds,-422.95044,17.72348,-146.65044,-0.3867448,0.5242859,-16.99869,-2.9133973,7.031156,-7.1141286,33.666786,19.920593,-11.344781,-11.287412,55.448376,22.23788,26.613482,38.130753,21.553352,15.935664,15.169465,16.157495,14.134175,19.076813,17.147888,10.42603,12.569937,0.031953976,0.1609515479988399,3978.254522944083,2198.4903152445117
5-243635-A-29.wav,drinking_sipping,-545.66656,41.970947,20.888367,12.124048,9.868392,9.02044,7.3732133,4.3374567,2.0916955,1.457007,1.2645123,1.1583612,0.55520964,70.94875,64.37036,26.048382,20.563482,16.52927,11.580602,10.508307,7.7989573,7.6395545,6.352958,6.0908694,5.648766,5.661545,0.009148381,0.013976625942575406,1069.5623720043716,1975.5256485794287
5-243773-A-44.wav,engine,-245.85745,180.31003,-48.457176,31.412361,-18.47929,15.746902,-16.840237,7.1190414,-1.4774776,12.386097,-12.615044,13.467043,-3.702609,14.703608,6.706879,10.150454,4.2773447,4.2734437,3.3708587,5.7674193,3.7487414,3.6106195,3.6209173,5.250065,3.622959,3.5693247,0.033155106,0.050653231946055685,2215.9835930044164,2763.7384539369186
5-243773-B-44.wav,engine,-191.16948,180.55757,-45.56425,34.429375,-16.429193,23.334145,-9.114987,9.237161,4.118965,8.613322,-3.828359,16.704128,4.094213,12.837484,5.0709968,6.2249703,3.8988807,4.811893,4.401318,5.6334605,3.9492774,3.9500763,4.57998,5.6040893,3.9341564,4.2293205,0.0734042,0.03995862637761021,2037.8517318633617,2664.479545567681
5-243783-A-44.wav,engine,-226.87515,184.97571,-36.169674,28.486486,-17.017628,17.378899,-12.73239,9.607742,-6.54043,9.839023,-9.791835,16.652973,-2.9289944,14.071395,7.1004133,6.6946373,5.54413,3.1951625,5.7676682,5.7196174,5.217166,5.8607464,4.174373,4.943316,3.6928763,3.4263816,0.043770865,0.044364486658932716,2039.0909066221177,2821.473706408515
5-244178-A-32.wav,keyboard_typing,-513.2218,68.79943,-64.24332,24.179253,-0.053545535,6.7696266,-21.28909,11.850722,3.0124886,-2.2396686,2.0843132,11.776464,-1.1520393,117.95896,28.431105,39.362648,17.364885,16.975836,19.78229,16.913961,11.827799,13.98913,11.553032,9.620437,10.736101,9.659968,0.0047762347,0.14572986151392112,4589.643727282386,3745.3145333791867
5-244310-A-25.wav,footsteps,-272.792,119.3208,-16.237642,45.416904,-12.710666,31.739641,-5.4360027,18.755575,-3.9410949,13.837497,1.9587417,6.3779206,4.52082,53.684975,21.59866,23.385715,15.398237,11.379879,9.010979,10.075566,8.565145,8.488822,6.8878474,6.2886,4.766223,4.632846,0.041827686,0.04801696635730859,3248.565956070996,3842.0998474631688
5-244315-A-6.wav,hen,-223.40721,155.76701,-7.6948595,3.2384148,-40.3068,-2.6294959,-13.594788,8.020757,-8.38321,3.4508724,-9.894367,-0.7641281,-10.789428,47.165558,26.421682,22.826656,18.265818,11.539197,9.101632,8.66673,6.9720445,8.653571,8.450596,6.5238137,6.75455,6.8760386,0.07776014,0.047694088964617166,2412.131439203873,3340.5122850354664
5-244315-B-6.wav,hen,-267.9687,107.565254,-5.2511325,25.833614,-23.944515,12.334811,-11.019798,14.914936,-8.729151,10.36385,-8.878109,5.335057,-10.642766,45.401344,34.09809,18.151047,18.202835,13.513575,9.223818,8.092092,7.1977463,8.174667,9.192237,7.252033,7.052894,6.420023,0.029650064,0.0962809055974478,4185.946705080554,4508.3065297758985
5-244315-C-6.wav,hen,-196.93701,116.91981,-21.08296,18.480776,-32.24886,2.6861076,-14.192254,16.284193,-5.652435,10.319452,-9.043905,6.3524585,-9.655478,49.04527,48.361736,19.265469,21.520985,15.625997,14.562631,7.992574,9.791336,6.792506,7.1689763,5.9631658,6.950094,7.0299115,0.06986136,0.11404256090487239,4046.057568891578,3989.6133225183576
5-244327-A-34.wav,can_opening,-523.07074,-10.362682,-26.10202,17.266556,-4.201127,15.421428,-6.1560802,6.939268,-0.28880703,12.192638,4.4073873,8.25736,-2.3940244,185.21538,40.05338,40.901398,16.45902,21.271791,20.561634,15.634611,11.821288,13.355505,9.742858,10.425277,10.083153,9.418756,0.025497971,0.25310642038863107,7378.544908417362,4493.208619932583
5-244459-A-28.wav,snoring,-446.89276,110.5921,16.49947,47.067448,9.177849,26.420092,-4.088187,21.89282,-2.9327283,12.912011,4.3365474,0.66556233,4.491904,60.804665,15.94041,8.977008,17.299812,8.4499035,7.7868633,11.351691,7.4694242,7.8974867,5.331796,5.935428,11.0151825,5.213636,0.015412308,0.031494707076566125,2851.1807695149764,4183.868277676315
5-244526-A-26.wav,laughing,-308.80908,115.43914,-46.3512,9.78913,19.18203,2.5918303,-11.130413,16.783121,-0.74300605,-13.028288,7.4248567,8.269607,-6.0079956,123.47869,23.950853,49.87495,21.671598,16.77795,19.570202,10.183118,16.95781,7.8110104,9.718578,9.985266,8.848831,9.285079,0.075183965,0.08808661724187936,2984.5857253146537,2989.992041392455
5-244651-A-31.wav,mouse_click,-685.93646,53.226208,16.824003,31.575842,6.137829,10.926094,5.934245,0.7044511,1.9347,2.360846,-4.4147005,-0.9552604,-7.064179,77.3443,19.87485,22.774286,13.674568,12.636332,9.628976,6.8820534,4.9013476,4.2411313,4.3507757,5.942265,3.8145907,4.9158063,0.0014646364,0.22034172890081208,7478.736844421453,6304.091961945219
5-244933-A-34.wav,can_opening,-428.39655,66.24815,-20.112593,35.774235,-14.18251,22.260258,-6.365264,12.276467,-2.7374785,1.6054747,-6.588456,1.4599204,-7.703442,89.34749,27.297403,31.74153,12.617969,17.526821,9.13843,10.194657,7.7077236,6.5070868,6.926247,8.892636,6.29399,6.951357,0.009175114,0.18053604444605567,5707.605309341153,4643.715794403255
5-245040-A-35.wav,washing_machine,-338.52585,125.785095,-5.2289767,32.684597,-18.212494,19.88228,-25.737547,-5.1644745,-14.495055,3.9643152,-12.584907,1.15585,-13.9803505,46.724194,26.206932,9.193978,6.245035,6.8659587,5.0836673,10.827273,9.613286,6.0894637,5.567769,5.060271,5.017751,4.876932,0.01935896,0.06669627320185614,3440.327061884684,4134.034442257322
5-248341-A-6.wav,hen,-323.33643,133.54295,-8.258303,-3.3446076,-26.88054,9.656121,-1.6597606,11.842534,0.066910036,0.6846663,-1.1707599,3.1873076,-6.9348707,100.8427,50.58862,44.823265,30.735987,20.604141,16.179777,9.73282,9.283213,10.180544,13.142706,11.286427,9.616761,12.366446,0.078096166,0.06171716393561485,2844.489921792249,3288.061498039614
5-248341-B-6.wav,hen,-391.2898,136.80997,-0.38350356,-22.786919,-20.19833,-5.2511277,0.85501415,13.415858,5.7504525,-3.9728315,-0.545744,5.8485656,6.649433,97.590416,56.428604,35.571426,27.042458,17.826622,17.312702,12.088174,9.308586,8.517098,10.040197,8.905349,10.933579,14.768548,0.057755884,0.05112338674593968,2346.3722007633983,2883.099037726064
5-248341-C-6.wav,hen,-284.07953,120.933205,-45.982346,-17.764093,-29.005774,6.953572,-6.4785295,18.175713,14.6232815,-9.61879,-12.778526,1.6669605,-7.449375,136.75684,39.250935,52.615402,15.77595,20.382504,10.633022,17.367317,9.00787,7.035129,11.574963,11.264313,5.276446,10.056962,0.095915355,0.06011750471287703,2757.1481762475128,3138.7899807582685
5-249748-A-28.wav,snoring,-505.49673,107.97062,18.010891,45.586464,-13.863376,9.432939,1.7668535,10.959399,2.0687623,8.099177,-2.7786796,-0.13811077,-2.1104143,121.53938,20.670376,23.985197,18.202307,27.714472,14.091804,12.170338,10.158637,7.4749265,9.130384,7.5162215,7.9415255,9.297163,0.0077432073,0.04712423868909513,3178.5884150530073,4039.8450409247757
5-249937-A-22.wav,clapping,-110.02065,135.49498,-81.038536,18.51711,-49.801888,26.196808,-28.702883,13.887489,-26.093544,11.851995,-14.384652,-0.947084,-11.637221,24.520145,11.439795,10.504502,9.33962,7.1711164,6.8828573,5.7309775,6.24988,6.269048,5.388423,5.194228,5.1355376,6.143588,0.09762105,0.10575310868619489,3509.507206687122,3397.5262669985086
5-250026-A-30.wav,door_wood_knock,-652.24,91.907715,37.27523,4.902416,-2.1781683,0.07595358,1.8092713,1.3891547,0.3186284,-0.699996,-0.79974324,-0.28656423,-0.43084893,107.248116,104.399994,37.172325,22.863718,15.205415,8.642816,5.246182,5.084118,5.299084,5.578548,5.7231035,5.0655365,4.772973,0.0075211017,0.07459713964617169,4750.340347476968,4366.620483704251
5-250026-B-30.wav,door_wood_knock,-365.7167,158.67068,14.689524,30.33785,-2.1376436,18.07859,14.334611,-2.5684342,8.136696,1.4803526,-1.6324162,5.85841,2.9388945,104.542694,44.370895,39.476883,27.128494,15.735773,11.671175,11.014434,10.798624,10.054916,6.6201925,6.9292355,7.5685635,5.8724566,0.043541748,0.01834170171113689,1420.5760414658612,2191.6184918588965
5-250258-A-49.wav,hand_saw,-303.7001,86.9066,-37.279182,18.837765,-4.2749,27.303564,-9.71986,2.340532,-12.21124,-5.48504,0.05125052,-6.34457,-8.532439,138.85826,38.065315,46.578144,9.975734,12.176107,8.941939,12.469503,8.609101,10.144711,10.087401,6.598929,7.292345,8.8135,0.051395725,0.15454044917343387,4760.4783649042665,4070.775238865913
5-250629-A-37.wav,clock_alarm,-354.92096,43.48319,-6.217696,21.02871,26.090752,16.60848,19.09913,10.737047,0.19102257,14.655235,21.385147,1.5554506,-9.442402,127.687004,46.345592,29.081036,12.832067,12.973868,11.394555,8.795939,6.340021,10.348104,9.901782,18.535515,9.019045,18.42915,0.19849904,0.07149185216067286,2822.662171439973,2769.633624944424
5-250753-A-34.wav,can_opening,-329.64954,81.67763,-4.8668175,31.673817,5.168034,17.69724,-12.346468,7.046588,-9.401604,1.0101668,0.016625779,6.455279,1.2692019,184.45898,45.777454,18.151833,19.664791,14.206347,11.697136,10.578794,10.3606,7.6475472,7.2159348,7.2900376,5.7302947,5.037458,0.045580138,0.09002614740429234,3906.516673299996,3970.324582230737
5-251426-A-30.wav,door_wood_knock,-493.9921,149.2994,38.05633,-13.877332,-7.511609,12.768938,7.7051473,1.292019,3.0175946,8.952383,8.316722,3.480765,-0.5986282,124.59505,97.3269,18.186697,24.854635,17.973614,10.021707,6.438711,7.561708,6.6182213,4.510579,4.9042187,4.1906776,5.324474,0.026994439,0.06773061376160093,3056.6551693395695,3418.9660520201737
5-251426-B-30.wav,door_wood_knock,-512.7075,79.09506,38.000618,14.216298,7.3163915,10.057386,10.054375,10.168425,8.000852,7.326727,6.5112247,6.6838355,6.59722,99.271385,84.27656,29.633387,9.459177,12.167437,7.7024937,7.154451,4.5909553,4.693385,4.2702317,4.9984965,3.9827046,3.983708,0.028950157,0.05720481075986079,3685.0612603477257,4186.29110662435
5-251489-A-24.wav,coughing,-552.55914,11.203657,-2.9357324,-1.6766024,-5.200396,1.1316186,-4.5292253,2.7986636,-4.0840597,-1.1894124,1.4378082,2.82778,-0.29362017,149.78941,29.170027,10.465683,7.412053,14.007479,3.85415,12.662554,7.607408,11.571136,7.2171307,5.7892547,8.772237,4.996383,0.013167669,0.024032274144431553,863.2239870879893,785.8831772588574
5-251957-A-47.wav,airplane,-219.40454,198.43431,-45.344646,33.521225,-8.796062,8.776352,4.9925256,-3.14533,2.6059723,1.9275522,-2.3840575,1.2829841,-2.4295583,88.223976,21.437809,6.883066,15.31089,19.752783,15.222369,14.610814,9.197054,8.797812,5.757417,5.376549,5.442266,6.094421,0.07352042,0.043330146099187936,1798.6320599746373,2174.8652887679323
5-251962-A-47.wav,airplane,-169.81206,184.62642,-50.350407,44.860584,-23.205303,11.09507,-2.8237631,3.2496207,-2.2770503,3.2835333,-1.4603527,-1.1087427,0.6958246,87.73991,21.161608,10.608533,13.585595,17.685776,16.18434,11.819029,7.4607716,6.6515813,5.325083,7.25087,5.7198024,5.7597027,0.09703624,0.057549213312064966,2256.6464687189673,2574.531665667414
5-251963-A-47.wav,airplane,-177.73865,177.83682,-46.352585,44.412907,-23.303911,13.927329,0.8584256,3.6752865,0.25206357,2.514305,-3.5742555,3.0543923,-0.5598513,98.8761,22.743374,16.28485,15.970056,17.86484,12.853368,15.52139,9.23911,10.303786,8.495638,6.9214597,5.4221377,5.6238737,0.08873411,0.05972552022911833,2366.0654684481833,2709.049804604454
5-251971-A-47.wav,airplane,-218.41174,181.58914,-70.27176,63.332195,-2.091064,3.2349148,6.2704635,1.5413473,7.904689,-6.5425863,0.91821295,6.3839912,-2.0646167,71.417984,11.099636,14.679116,13.521988,19.435892,14.664541,11.772614,6.827069,8.0948515,5.7845874,5.474472,6.8256416,4.223516,0.06428219,0.06424127211426914,2323.9375225964186,2353.360299991781
5-252248-A-34.wav,can_opening,-509.17786,4.3782506,-6.492072,6.107464,1.2037195,0.22316761,2.1633918,4.661876,1.2899442,1.8657478,1.5420855,1.180477,0.20008254,98.08653,17.73284,19.508324,14.475303,7.5295644,7.067855,7.166593,12.533383,9.208827,6.657468,5.770667,6.206325,4.905851,0.016505469,0.023849876740139213,930.6272497878159,807.4425017115767
5-253085-A-3.wav,cow,-352.61026,161.78654,-21.498936,17.262827,1.8220526,-3.0935903,2.6954207,11.715152,-0.2672901,0.7582199,-2.6771238,0.86364377,2.0701516,123.769905,46.43791,29.958652,10.810861,25.262579,9.696076,12.689674,12.10376,16.532846,6.5814133,12.830128,8.736176,7.041239,0.047551326,0.043240646751740136,2065.9653814781454,2678.045084807653
5-253085-B-3.wav,cow,-222.78426,125.75122,-21.465124,13.430139,6.680037,11.4664545,-0.17228313,-1.1050147,-2.9897177,-0.025530823,-7.4281135,2.290974,-2.7873383,142.61456,57.730686,32.796467,10.480858,9.328889,7.762052,8.191655,14.990505,17.388329,13.437204,11.68316,6.379443,9.049764,0.21738198,0.03980908316415313,2085.1931749833966,2666.589608894123
5-253094-A-49.wav,hand_saw,-123.9853,125.215195,-76.45012,39.590622,-19.049591,19.974598,-14.007908,9.726197,-10.846421,14.700202,-10.5140505,3.5372815,-5.721559,81.02901,15.07001,24.023088,9.844052,13.787307,6.2074122,10.2206,6.495476,9.159788,5.7248254,8.249972,5.9075427,5.9705515,0.10983494,0.11316682678364269,3517.054527738507,3194.9536400835714
5-253094-B-49.wav,hand_saw,-207.21935,127.20106,-48.999107,39.83153,-8.194608,20.53919,-3.6567276,10.155945,-6.2850533,10.6969385,-6.7460694,2.5254278,-2.6238506,119.58578,16.656448,36.198895,16.961092,17.5889,6.851043,12.014233,5.6775713,12.024196,6.275651,12.637575,7.271671,7.147531,0.068535835,0.08521244199535963,3243.8603680388205,3440.3700976269206
5-253094-C-49.wav,hand_saw,-175.2744,123.18819,-70.18448,42.563435,-13.907027,17.598392,-12.214751,8.833833,-9.679455,6.75651,-16.714561,-4.925048,-5.5405216,84.435196,14.232204,24.538507,9.902861,13.345176,6.514596,10.388524,5.060394,10.422028,5.4303675,8.029481,5.4097166,6.375159,0.06838622,0.11333562935034802,3538.02407635359,3226.5151535371297
5-253094-D-49.wav,hand_saw,-188.96564,121.560486,-76.0507,33.01053,-19.320122,9.9336,-11.590637,7.6056204,-10.246998,7.33148,-10.191472,-2.5774066,-9.263434,85.497345,15.492966,29.761578,10.261497,17.073233,5.6202703,12.050323,5.2803917,9.084155,6.1268477,7.996611,5.5514,5.3247848,0.06152455,0.1135792035237819,3492.7544891121397,3159.0460028989432
5-253101-A-49.wav,hand_saw,-121.21085,94.14334,-22.556581,47.067677,-7.0644526,31.476248,-9.886434,22.524933,-27.823471,2.0739715,-8.468154,7.0354257,-8.162628,117.12143,16.175716,11.941783,9.546125,13.158758,7.3209944,12.853986,7.2618318,9.088388,6.5434723,9.184618,6.6699924,7.0702834,0.114491545,0.13082425500290024,4698.027031221101,4452.784005605375
5-253101-B-49.wav,hand_saw,-94.764626,104.671715,-25.156658,37.245113,-20.210058,16.383307,-21.446323,17.35329,-23.011215,9.484903,-6.1845546,5.633906,-5.372649,118.62453,13.601509,16.605536,11.40027,18.17987,8.243236,13.526765,6.9442973,9.339342,6.1228204,8.112736,5.7889905,5.2164598,0.14494869,0.1176780470562645,4420.597288474469,4375.532358034503
5-253101-C-49.wav,hand_saw,-63.348915,102.46437,-21.893045,45.93253,-19.960796,24.703293,-19.144495,20.698303,-27.535313,7.674374,-10.507481,0.40515533,-5.8942866,88.40623,10.827346,10.771384,9.996921,12.868353,6.9136634,9.122291,5.48873,6.118868,5.1656895,7.8921127,5.9501357,5.6315084,0.16957588,0.12702902950986078,4637.73095938495,4463.7839784685675
5-253534-A-26.wav,laughing,-307.55923,100.55653,-30.620588,6.962069,-2.642747,-23.431927,-16.489471,-0.8150214,-26.98018,-16.894093,-12.606218,-16.442451,-10.422323,101.37035,42.42746,48.324013,39.63761,30.108122,27.579918,18.655645,13.91788,18.296068,12.019438,10.027461,11.497267,9.053603,0.090833746,0.06289085158062645,2576.009698743682,2936.206516428792
5-254160-A-22.wav,clapping,-164.44464,144.76208,-75.22841,-4.680104,-34.19221,23.544577,-23.732214,-1.9828187,-23.429918,2.540963,-10.115612,-9.174019,-15.521555,47.154655,19.357264,13.408542,9.767963,10.8211155,7.990043,7.4097958,6.2357306,6.3033032,5.97256,6.2350264,6.7769623,4.3129945,0.08129953,0.0779324064675174,2842.56839457235,3005.8432540808694
5-254832-A-15.wav,water_drops,-532.6131,72.78281,-3.6766083,25.269814,0.5074948,26.614792,3.6775727,23.120691,-4.9277496,9.635393,-2.1401808,8.535144,-1.4179877,69.72263,18.745121,34.43521,15.351014,12.065645,12.562517,10.493826,11.822316,10.488447,7.299262,5.7760963,6.632384,5.5813355,0.002975975,0.09740474550464037,5186.506281805085,5200.840297210231
5-254832-B-15.wav,water_drops,-535.38416,71.622246,2.5875695,25.52815,-1.6552857,23.684443,3.321251,21.125069,-3.007266,9.293429,0.33334997,8.172781,-0.60207015,64.9407,22.437178,32.42935,16.09427,14.077816,13.052679,11.340942,12.260308,11.326837,7.8268332,6.499993,5.211361,5.0407114,0.002929152,0.11525929886890951,5379.220354025337,5169.348784394501
5-256452-A-5.wav,cat,-450.74774,28.315,-5.5257726,3.3313718,2.365256,-1.9690415,2.2527342,1.8380115,-1.2283572,-1.0672476,-1.2405742,-1.129937,2.1515648,93.088905,52.98734,24.17145,7.3669753,5.7645116,7.453042,6.339881,6.508273,5.246432,4.859171,4.054602,4.7225094,5.459149,0.03652203,0.01082035781612529,506.71285950684484,594.4251514110009
5-256512-A-30.wav,door_wood_knock,-379.79028,73.370895,36.179466,19.639357,11.871524,8.7588,6.334494,6.077901,6.2744555,7.3513217,6.7940774,5.8615456,5.733853,86.9114,68.82232,26.78379,13.013655,8.262949,6.79208,6.2707996,6.445552,6.784671,6.2138424,5.5807834,5.2203364,5.0587263,0.12200174,0.013666210484338748,1283.0233940012042,2681.9481238028457
5-257349-A-15.wav,water_drops,-591.9954,-43.342747,-50.27738,7.8143,-26.920462,20.383274,-20.864563,0.6211239,-10.719558,4.2012076,-3.18478,12.32044,-5.1538997,137.4183,51.986942,53.206837,21.554125,29.238874,25.07643,22.934423,12.184065,14.369788,11.970546,10.027956,13.375696,9.734597,0.0109318495,0.329087967662413,8308.453329630556,4152.944764347419
5-257642-A-39.wav,glass_breaking,-419.17923,36.81729,1.3089074,21.044792,-2.6533606,10.353305,-5.013443,6.5614824,-2.7820516,2.8535068,-1.9548892,1.6836125,-3.4122596,217.63571,26.653648,23.814737,14.808335,14.699036,9.850066,13.252663,7.1367793,9.56069,4.519828,7.324457,5.1769624,7.181024,0.031561002,0.14634162920533642,4837.0858003755675,4169.453601621979
5-257839-A-14.wav,chirping_birds,-315.87518,97.55964,-38.03931,83.2567,47.59542,-7.181525,10.6874,27.256413,9.706503,21.79985,4.2776914,4.98954,10.772318,40.925766,27.033346,29.685116,24.301136,22.658833,17.91722,17.893787,14.397793,14.306305,12.068758,12.778751,12.1685505,10.7908,0.06547876,0.09887978538283063,3041.2692642740317,2738.121488755301
5-259169-A-5.wav,cat,-425.21356,19.533503,-3.6626766,1.8623483,-2.5578055,3.1637096,-1.0687319,0.38228047,-1.4175603,0.663488,-0.9442575,1.1110498,1.4725688,132.28642,45.616295,12.818313,5.1991673,6.6478353,8.280609,3.9254427,1.9684587,4.1670094,2.7204058,4.25931,4.1506186,5.6513076,0.043652687,0.017496555974477957,678.6740542924028,683.1405175880236
5-259180-A-15.wav,water_drops,-497.65863,24.290258,14.298931,11.271639,4.7284923,3.3878374,0.94386655,1.9444023,1.3354558,1.7769581,1.0076289,1.0318321,0.77923316,50.767784,39.462734,23.496338,18.109797,9.320638,8.1352215,6.280425,5.9616404,5.531686,6.2580028,5.3924475,5.3254952,4.989549,0.0091523,0.025498250797563807,1531.6773903793703,1746.924695034243
5-259514-A-26.wav,laughing,-308.8256,112.18631,-47.067627,17.029722,-10.907862,13.134807,-3.904692,16.958893,-5.771719,2.6676226,-4.0045156,0.69897133,-0.58314157,89.02463,32.40822,20.909502,14.331055,15.153556,11.755218,13.164279,13.41681,12.440695,9.916148,9.664587,11.307541,8.833932,0.03371908,0.08325591828596288,3464.0851834983832,3560.2966874735657
5-259640-A-29.wav,drinking_sipping,-609.13354,37.1265,-1.5314499,10.098345,-2.3736575,2.7483678,-4.058408,-0.07009175,-5.462474,-1.8582832,-0.86737233,1.4000751,-1.2855532,97.83057,43.957973,23.12495,14.725591,9.777729,7.9973884,8.365778,9.70733,11.346539,7.4440746,5.2074113,7.705101,4.2028527,0.0019686206,0.08085416364559164,2534.7175561979043,2161.471597441237
5-260011-A-34.wav,can_opening,-588.4978,11.4114895,-16.750618,4.6900706,1.2817676,-4.858378,4.0559807,-0.1986557,-0.7696522,5.9969068,0.7983801,0.05088198,0.8332791,113.43203,33.072437,41.41287,19.72853,7.9710627,13.638557,11.785059,8.030978,7.8576827,13.4166765,7.6693153,4.543599,4.581623,0.009666625,0.033189530162412995,886.1400928456928,569.8350054870816
5-260164-A-23.wav,breathing,-232.34648,130.67152,4.041515,43.73896,25.990362,40.61243,4.434131,-2.544169,-10.189855,5.606746,-3.5222518,-5.2837086,-4.821742,164.8106,37.662575,35.28884,9.457106,14.146217,10.937791,8.205338,11.096028,12.718536,6.3999977,9.156516,8.798312,8.864022,0.16124491,0.0237286561049884,1619.262061430903,2854.1583752377223
5-260432-A-39.wav,glass_breaking,-682.096,1.0939796,-2.737281,9.278294,-2.366283,4.1153193,-0.65042746,1.7120641,-0.6250792,-0.049314257,1.3554575,-0.16769402,-0.76233816,133.366,17.43791,15.294303,23.176062,10.637554,11.019962,7.151868,7.8137856,6.517298,4.4885263,5.7369814,3.9382102,4.503808,0.005512772,0.05205463312064965,1301.7616124470378,731.5207085116352
5-260433-A-39.wav,glass_breaking,-611.606,2.4440923,-3.4049888,4.358192,-5.5188923,2.5616746,0.25793836,2.9568238,-0.58416146,1.8196515,-0.72832674,1.2189995,-0.37041372,127.24032,15.406938,13.41946,12.411061,14.765644,8.289058,5.0215874,8.2146635,4.505493,6.0215764,4.27342,4.3357944,3.414609,0.0050898707,0.04723979480858469,1101.2806538424636,644.8444370083107
5-260434-A-39.wav,glass_breaking,-616.4381,-0.4047598,-8.230266,8.025106,-2.5277772,1.7687039,-1.5422775,1.811519,-1.0789746,1.7232689,-0.35157472,0.4907956,-0.38705495,156.15138,12.018782,21.948158,19.898613,9.001611,7.781257,7.174994,5.46448,5.244887,4.88216,5.0271883,3.8798249,3.0952601,0.012339761,0.0476544373549884,1232.58131185863,724.7243631904377
5-260875-A-35.wav,washing_machine,-183.52187,216.81529,-14.165683,34.851387,-6.270587,15.667536,-5.85998,0.5393228,-2.955392,4.8201246,-7.195924,6.5425043,-6.2536254,5.788392,5.53278,4.4531035,4.218604,4.1306543,3.9631953,3.799756,3.4966764,3.3714807,3.841022,3.717091,3.6763005,3.526914,0.16374855,0.021000625362529002,1121.5918024075415,1930.3784159196616
5-261325-A-9.wav,crow,-209.71815,170.38774,-70.37645,-10.876296,-8.433419,34.003033,23.40966,14.70162,-7.6188245,11.725973,-3.6840796,18.637112,5.2732277,31.837828,10.20439,24.174309,11.883814,11.017056,7.644015,9.963264,9.207296,6.8935704,6.8863683,6.3471384,6.0576453,6.006055,0.09240378,0.05675278241009281,1984.9120674138146,2347.1367912109085
5-261433-A-15.wav,water_drops,-451.31256,29.088432,13.54625,2.381726,0.72315484,3.4955568,1.0081849,1.4059184,-0.7973459,1.0749286,-0.51593614,-0.42433557,-0.8829671,78.16672,59.527527,29.548088,6.6263046,3.3325336,8.018158,5.0388193,4.7938795,3.606466,4.7770777,3.0548854,3.09449,3.2939146,0.016728526,0.004659630582946636,422.8273064110933,793.8696166092242
5-261439-A-15.wav,water_drops,-414.84494,126.854225,35.21127,19.86601,-6.4168086,24.492722,3.7017305,19.516436,-0.11613854,18.070917,-0.13284688,10.462082,-0.32894677,26.609327,13.890508,11.223338,8.082835,8.120932,7.0227532,6.516179,6.797336,5.7985044,4.979034,4.5988445,5.6111007,4.920413,0.015794914,0.022550436847447796,2715.671178357736,4573.223898603599
5-261464-A-23.wav,breathing,-463.35828,164.24101,-73.44154,10.28391,13.88872,19.111277,-13.67171,19.136618,-17.92049,0.6842954,6.310107,9.081897,-6.995089,64.322014,9.812586,28.921368,8.578755,12.0055,8.421189,11.1775465,11.302023,8.287338,5.3038526,6.0192966,6.1066127,6.997255,0.0047559706,0.08357086535672854,2523.785229248475,2643.550269930873
5-262641-A-15.wav,water_drops,-509.34845,149.23003,-3.9830334,15.653669,-0.999378,26.615974,-1.8573523,18.655138,5.0538197,23.13425,10.460335,18.74484,-1.3625126,22.454973,12.064059,12.385596,10.503386,8.335073,7.7055454,5.9598775,5.2721257,5.961996,5.201912,5.099148,4.781923,5.1414094,0.0043823076,0.02720666872099768,2245.2768119607704,3684.98138761163
5-262957-A-22.wav,clapping,-43.37795,141.63611,-111.36106,29.68344,-42.578518,14.045889,-29.358072,-4.5804853,-25.749298,-0.21694428,-20.214354,-4.949491,-19.894632,17.123375,10.709477,7.5838118,6.6487827,5.922432,5.8209376,5.482497,4.7904873,4.524869,4.6921134,4.5495577,4.2071004,4.292148,0.21138084,0.10843922201276102,3175.2201091867187,2694.812949144613
5-263490-A-25.wav,footsteps,-417.90082,163.33832,-11.755607,27.350946,-1.2297164,26.679363,-5.4834766,13.550107,-2.3553126,7.069328,-1.4598908,1.36651,-2.4136436,41.123394,12.132933,14.197012,10.246388,8.760549,6.929127,10.7834425,4.866143,4.969721,5.212444,4.394122,4.3528075,4.149528,0.008570054,0.03266273020591647,2096.305108926217,3194.760600284506
5-263491-A-25.wav,footsteps,-394.60934,153.35869,-12.260921,20.868011,-24.877705,21.908792,-10.984157,15.581666,-4.347705,6.9993286,-7.009591,0.50859773,-7.4674153,77.984085,15.696368,12.820676,8.800808,17.392038,7.4641747,13.098225,5.689668,7.288058,5.1516085,7.130386,4.3756366,5.4096265,0.010233409,0.05051615066705337,2706.1460568462926,3657.908911783676
5-263501-A-25.wav,footsteps,-368.82657,165.32784,-23.548416,9.999095,-18.52311,20.031305,-14.624084,7.942675,0.15740988,1.0902317,-1.8950572,-1.6319461,-4.0322213,84.374664,14.9233885,20.191246,11.054821,11.633792,6.5473413,14.819139,5.684942,5.6232057,6.9724865,5.1748343,5.2855244,6.310049,0.012765255,0.05327363689095128,2360.913099455505,3137.3898902293176
5-263775-A-26.wav,laughing,-419.9024,76.99081,-6.299257,6.615711,-13.659336,5.7636228,17.153679,-9.600737,-16.043411,-5.5808344,-11.735937,-9.743803,6.307556,79.91639,38.85721,22.670551,11.064744,17.149982,11.185961,12.555236,11.342137,12.7834215,8.2547655,9.459391,15.512597,9.44397,0.016588408,0.09872344475058005,3408.83727637125,3473.7441114970793
5-263775-B-26.wav,laughing,-251.79956,92.41765,-64.57909,-9.739067,-27.754242,-2.1018214,2.7240136,-7.611878,-12.799444,3.439325,-1.2826152,-4.9476657,12.118721,111.480194,38.226753,42.919163,24.416374,21.109097,17.378637,18.315205,14.185964,14.777193,14.438879,13.933783,14.00568,19.72284,0.10809441,0.09343052131670533,3131.067141483862,2861.699099226243
5-263831-A-6.wav,hen,-255.69243,169.1106,-30.520596,-12.869926,-0.49137577,-3.0830736,-5.353972,6.7711897,2.4701307,1.4964519,4.320789,7.0984397,8.784919,55.399754,17.329847,28.788752,11.12329,11.133491,8.450946,9.701516,6.7126656,8.623813,7.1652093,6.9067025,6.7061567,8.083017,0.08499959,0.05137828995069606,1810.2192268440697,2094.65905242229
5-263831-B-6.wav,hen,-270.8862,166.41031,-42.401577,-7.6163535,-3.1152587,3.5102925,-1.5381103,9.906311,3.7094805,-3.0146303,0.44576755,2.3834481,5.931055,72.90174,16.847868,37.027348,16.44769,18.22996,11.957583,13.552354,8.78394,10.532932,8.220604,8.172705,7.8401546,8.061574,0.08510649,0.05330762398491879,1920.2708327164883,2173.6534444888725
5-263902-A-36.wav,vacuum_cleaner,-103.292816,93.51354,-61.89692,60.637493,-62.218655,29.119398,-53.092064,10.471141,-44.764694,13.51481,-27.911957,-1.9320462,-9.126248,4.123521,4.1418786,3.9340672,4.0278435,4.259139,3.6539528,3.8415067,3.492067,3.6434731,3.7661767,3.7608979,3.7232244,3.7720294,0.119395025,0.22715727414443154,5686.519888084554,4397.597520519664
5-51149-A-25.wav,footsteps,-332.64603,101.33237,3.8565845,23.580574,5.8341265,11.8886175,4.253273,4.0049815,3.6864004,4.3692584,3.4050684,3.9221766,2.1852381,132.8495,59.76792,22.142126,18.990156,12.17235,9.307783,8.788715,6.364899,7.6239915,6.5006433,6.5417323,5.700576,5.0932817,0.06554527,0.025522041763341066,1932.2672909020334,2825.894715117115
5-61635-A-8.wav,sheep,-193.22891,130.76668,-38.089508,7.711935,-7.5982175,27.4397,-22.992725,16.84081,-24.633986,8.904108,1.2962577,7.895492,-5.502097,41.01072,23.734062,29.654358,13.55458,12.208119,6.750492,8.491769,8.622703,10.692218,6.613492,11.551966,7.841266,10.530367,0.06070396,0.07555784150232019,3506.3827746929937,3999.0225059313043
5-9032-A-0.wav,dog,-502.3389,23.685438,-30.867094,1.4319274,2.1820772,2.323842,7.6738787,8.51046,1.0434955,-0.675938,2.132933,0.33218735,2.929101,108.439735,26.116516,65.23577,10.682206,10.5413265,12.241289,13.094961,12.55597,9.238299,11.407847,9.296131,8.835188,9.010456,0.021551354,0.09597162304234338,3412.6290946699555,2829.807336590995
